Date and time,Wind speed (m/s)
1/1/2021 0:00,6.204656243
1/1/2021 0:10,5.858887553
1/1/2021 0:20,6.069037509
1/1/2021 0:30,5.918868709
1/1/2021 0:40,5.408306193
1/1/2021 0:50,5.58616879
1/1/2021 1:00,5.628958305
1/1/2021 1:10,5.722087455
1/1/2021 1:20,5.302049983
1/1/2021 1:30,5.434406233
1/1/2021 1:40,5.625393701
1/1/2021 1:50,6.053043747
1/1/2021 2:00,6.054513153
1/1/2021 2:10,5.928600049
1/1/2021 2:20,5.850300097
1/1/2021 2:30,6.389962482
1/1/2021 2:40,6.308793855
1/1/2021 2:50,6.71396265
1/1/2021 3:00,6.837088192
1/1/2021 3:10,6.240262604
1/1/2021 3:20,5.912006259
1/1/2021 3:30,5.325524926
1/1/2021 3:40,4.728618777
1/1/2021 3:50,5.194068813
1/1/2021 4:00,5.079618669
1/1/2021 4:10,4.866600001
1/1/2021 4:20,4.540125012
1/1/2021 4:30,4.533993721
1/1/2021 4:40,5.834137511
1/1/2021 4:50,5.649356318
1/1/2021 5:00,6.185325098
1/1/2021 5:10,6.045637441
1/1/2021 5:20,5.834774995
1/1/2021 5:30,5.989368796
1/1/2021 5:40,5.88620621
1/1/2021 5:50,6.329418826
1/1/2021 6:00,6.377999973
1/1/2021 6:10,6.424349904
1/1/2021 6:20,6.106706333
1/1/2021 6:30,5.973974991
1/1/2021 6:40,6.188493752
1/1/2021 6:50,6.463650084
1/1/2021 7:00,6.356999946
1/1/2021 7:10,6.583349991
1/1/2021 7:20,6.802631259
1/1/2021 7:30,6.054168773
1/1/2021 7:40,5.659200144
1/1/2021 7:50,5.979731297
1/1/2021 8:00,6.275051425
1/1/2021 8:10,6.001574945
1/1/2021 8:20,5.002950048
1/1/2021 8:30,5.370337486
1/1/2021 8:40,5.648550034
1/1/2021 8:50,6.122737479
1/1/2021 9:00,6.389381266
1/1/2021 9:10,6.536568666
1/1/2021 9:20,6.681993747
1/1/2021 9:30,6.763424969
1/1/2021 9:40,6.332812399
1/1/2021 9:50,6.079999924
1/1/2021 10:00,6.183374941
1/1/2021 10:10,6.472462559
1/1/2021 10:20,6.89296875
1/1/2021 10:30,6.417243814
1/1/2021 10:40,5.278481257
1/1/2021 10:50,5.319206166
1/1/2021 11:00,5.555606198
1/1/2021 11:10,4.741312516
1/1/2021 11:20,4.613568687
1/1/2021 11:30,5.113781238
1/1/2021 11:40,6.34106257
1/1/2021 11:50,6.184556246
1/1/2021 12:00,6.681056213
1/1/2021 12:10,5.837493801
1/1/2021 12:20,5.701875043
1/1/2021 12:30,4.71226877
1/1/2021 12:40,4.842825055
1/1/2021 12:50,5.564684065
1/1/2021 13:00,5.375887477
1/1/2021 13:10,5.87664361
1/1/2021 13:20,6.708131242
1/1/2021 13:30,6.75337503
1/1/2021 13:40,6.890081239
1/1/2021 13:50,6.462018681
1/1/2021 14:00,5.968065739
1/1/2021 14:10,6.476137614
1/1/2021 14:20,6.250087476
1/1/2021 14:30,5.798887491
1/1/2021 14:40,5.581462455
1/1/2021 14:50,5.536631155
1/1/2021 15:00,5.778487444
1/1/2021 15:10,5.665462518
1/1/2021 15:20,6.20218122
1/1/2021 15:30,7.095974994
1/1/2021 15:40,6.904537439
1/1/2021 15:50,6.507768774
1/1/2021 16:00,6.850361924
1/1/2021 16:10,7.307474971
1/1/2021 16:20,6.56932497
1/1/2021 16:30,6.552768791
1/1/2021 16:40,6.540824974
1/1/2021 16:50,6.847519922
1/1/2021 17:00,7.156797338
1/1/2021 17:10,6.828296757
1/1/2021 17:20,7.457509732
1/1/2021 17:30,7.297668147
1/1/2021 17:40,7.918899488
1/1/2021 17:50,7.142021489
1/1/2021 18:00,6.563985324
1/1/2021 18:10,6.59181056
1/1/2021 18:20,6.678311813
1/1/2021 18:30,6.882685837
1/1/2021 18:40,6.400486851
1/1/2021 18:50,6.739568043
1/1/2021 19:00,6.68358357
1/1/2021 19:10,6.286828566
1/1/2021 19:20,6.755086279
1/1/2021 19:30,6.702610111
1/1/2021 19:40,6.638680816
1/1/2021 19:50,6.850887275
1/1/2021 20:00,7.049079108
1/1/2021 20:10,6.609927511
1/1/2021 20:20,7.4504004
1/1/2021 20:30,7.217478156
1/1/2021 20:40,6.887492609
1/1/2021 20:50,7.283207941
1/1/2021 21:00,6.435347223
1/1/2021 21:10,6.379010057
1/1/2021 21:20,6.538591766
1/1/2021 21:30,6.292285895
1/1/2021 21:40,6.331063056
1/1/2021 21:50,6.38287096
1/1/2021 22:00,6.525932169
1/1/2021 22:10,6.106772339
1/1/2021 22:20,5.691213667
1/1/2021 22:30,5.437594247
1/1/2021 22:40,5.20587858
1/1/2021 22:50,5.324103165
1/1/2021 23:00,5.509319746
1/1/2021 23:10,6.147053051
1/1/2021 23:20,6.404403484
1/1/2021 23:30,6.03513974
1/1/2021 23:40,5.574195647
1/1/2021 23:50,5.713451529
1/2/2021 0:00,5.544254303
1/2/2021 0:10,6.390240312
1/2/2021 0:20,6.495396817
1/2/2021 0:30,6.80823071
1/2/2021 0:40,6.596410751
1/2/2021 0:50,6.628916883
1/2/2021 1:00,6.54358511
1/2/2021 1:10,6.783189869
1/2/2021 1:20,6.579986286
1/2/2021 1:30,6.761267638
1/2/2021 1:40,6.61724206
1/2/2021 1:50,6.555168152
1/2/2021 2:00,6.839118671
1/2/2021 2:10,7.370804429
1/2/2021 2:20,7.204131699
1/2/2021 2:30,6.916235196
1/2/2021 2:40,7.019861698
1/2/2021 2:50,6.939541841
1/2/2021 3:00,6.636620402
1/2/2021 3:10,6.622679925
1/2/2021 3:20,6.573934865
1/2/2021 3:30,6.415671086
1/2/2021 3:40,3.663498929
1/2/2021 3:50,2.468410963
1/2/2021 4:00,3.047412372
1/2/2021 4:10,3.208998972
1/2/2021 4:20,2.555302054
1/2/2021 4:30,2.727265036
1/2/2021 4:40,3.296409845
1/2/2021 4:50,3.029054159
1/2/2021 5:00,3.024209321
1/2/2021 5:10,2.885886512
1/2/2021 5:20,4.283489323
1/2/2021 5:30,4.399597776
1/2/2021 5:40,4.869693148
1/2/2021 5:50,4.165895891
1/2/2021 6:00,4.985764563
1/2/2021 6:10,3.091776848
1/2/2021 6:20,3.213918138
1/2/2021 6:30,3.18284449
1/2/2021 6:40,2.893362308
1/2/2021 6:50,3.191383189
1/2/2021 7:00,2.824513936
1/2/2021 7:10,3.69286769
1/2/2021 7:20,4.917528605
1/2/2021 7:30,4.589362216
1/2/2021 7:40,3.702780116
1/2/2021 7:50,3.671743608
1/2/2021 8:00,2.938450545
1/2/2021 8:10,3.456956935
1/2/2021 8:20,5.501857543
1/2/2021 8:30,4.857163358
1/2/2021 8:40,4.537238669
1/2/2021 8:50,4.52060877
1/2/2021 9:00,3.76236577
1/2/2021 9:10,4.219613653
1/2/2021 9:20,2.877342874
1/2/2021 9:30,2.675382859
1/2/2021 9:40,4.985393167
1/2/2021 9:50,4.939451063
1/2/2021 10:00,4.771813027
1/2/2021 10:10,5.378305578
1/2/2021 10:20,5.969391271
1/2/2021 10:30,4.941752744
1/2/2021 10:40,5.025580955
1/2/2021 10:50,5.302217913
1/2/2021 11:00,5.724960303
1/2/2021 11:10,4.805424766
1/2/2021 11:20,4.759626746
1/2/2021 11:30,5.569750434
1/2/2021 11:40,6.102354479
1/2/2021 11:50,5.319481039
1/2/2021 12:00,4.331306469
1/2/2021 12:10,4.842758918
1/2/2021 12:20,5.058826387
1/2/2021 12:30,4.393100941
1/2/2021 12:40,4.626505768
1/2/2021 12:50,5.193181789
1/2/2021 13:00,5.534731853
1/2/2021 13:10,5.809067035
1/2/2021 13:20,4.967833006
1/2/2021 13:30,5.505477238
1/2/2021 13:40,5.682507885
1/2/2021 13:50,4.448528576
1/2/2021 14:00,2.785659266
1/2/2021 14:10,2.254462475
1/2/2021 14:20,2.324081314
1/2/2021 14:30,3.019537604
1/2/2021 14:40,2.480962729
1/2/2021 14:50,2.757280594
1/2/2021 15:00,2.509898031
1/2/2021 15:10,2.475390345
1/2/2021 15:20,2.609931463
1/2/2021 15:30,2.046281108
1/2/2021 15:40,2.428373167
1/2/2021 15:50,2.430225003
1/2/2021 16:00,2.115881306
1/2/2021 16:10,2.62252503
1/2/2021 16:20,2.265318716
1/2/2021 16:30,3.211096972
1/2/2021 16:40,4.736191618
1/2/2021 16:50,2.928668225
1/2/2021 17:00,3.028051758
1/2/2021 17:10,3.925659978
1/2/2021 17:20,4.597307003
1/2/2021 17:30,4.727968407
1/2/2021 17:40,4.903291237
1/2/2021 17:50,5.129141128
1/2/2021 18:00,5.051958358
1/2/2021 18:10,5.263663673
1/2/2021 18:20,5.433956075
1/2/2021 18:30,5.441381025
1/2/2021 18:40,5.20012424
1/2/2021 18:50,4.904163694
1/2/2021 19:00,5.041062188
1/2/2021 19:10,5.175510311
1/2/2021 19:20,4.930392444
1/2/2021 19:30,4.401751041
1/2/2021 19:40,4.110134208
1/2/2021 19:50,4.167102456
1/2/2021 20:00,4.702482104
1/2/2021 20:10,4.430430126
1/2/2021 20:20,4.631183517
1/2/2021 20:30,4.870027232
1/2/2021 20:40,5.060979688
1/2/2021 20:50,4.568887711
1/2/2021 21:00,4.52929399
1/2/2021 21:10,4.529312503
1/2/2021 21:20,4.78820374
1/2/2021 21:30,4.455266714
1/2/2021 21:40,4.223272598
1/2/2021 21:50,4.83655901
1/2/2021 22:00,4.745714152
1/2/2021 22:10,5.137661314
1/2/2021 22:20,5.080860138
1/2/2021 22:30,4.746345258
1/2/2021 22:40,4.569073439
1/2/2021 22:50,4.978673601
1/2/2021 23:00,4.518732047
1/2/2021 23:10,5.111246824
1/2/2021 23:20,5.167714
1/2/2021 23:30,5.286903787
1/2/2021 23:40,4.871270978
1/2/2021 23:50,5.131851315
1/3/2021 0:00,5.578873551
1/3/2021 0:10,4.869897366
1/3/2021 0:20,4.654238153
1/3/2021 0:30,4.67632755
1/3/2021 0:40,4.884116173
1/3/2021 0:50,5.998348808
1/3/2021 1:00,6.267319369
1/3/2021 1:10,5.801716304
1/3/2021 1:20,5.702221239
1/3/2021 1:30,6.599384022
1/3/2021 1:40,5.149939444
1/3/2021 1:50,5.03298744
1/3/2021 2:00,5.110040307
1/3/2021 2:10,4.967220569
1/3/2021 2:20,5.004865301
1/3/2021 2:30,4.982478905
1/3/2021 2:40,5.383521724
1/3/2021 2:50,6.124796486
1/3/2021 3:00,6.427309632
1/3/2021 3:10,6.376634002
1/3/2021 3:20,6.347954988
1/3/2021 3:30,6.295163075
1/3/2021 3:40,5.695334589
1/3/2021 3:50,5.652754056
1/3/2021 4:00,5.750539398
1/3/2021 4:10,5.274207163
1/3/2021 4:20,5.507482028
1/3/2021 4:30,5.593574929
1/3/2021 4:40,5.335648954
1/3/2021 4:50,5.362620258
1/3/2021 5:00,5.661643612
1/3/2021 5:10,6.942734599
1/3/2021 5:20,7.127338624
1/3/2021 5:30,6.667805433
1/3/2021 5:40,6.519342542
1/3/2021 5:50,6.280907178
1/3/2021 6:00,5.795757723
1/3/2021 6:10,6.003546333
1/3/2021 6:20,6.23854754
1/3/2021 6:30,7.003211212
1/3/2021 6:40,5.993708181
1/3/2021 6:50,6.38428185
1/3/2021 7:00,5.885139381
1/3/2021 7:10,5.38631384
1/3/2021 7:20,5.066622686
1/3/2021 7:30,4.486191869
1/3/2021 7:40,5.54017055
1/3/2021 7:50,5.916710997
1/3/2021 8:00,6.156872559
1/3/2021 8:10,6.016001773
1/3/2021 8:20,6.608572435
1/3/2021 8:30,6.235020661
1/3/2021 8:40,6.050732279
1/3/2021 8:50,5.763384652
1/3/2021 9:00,5.838952541
1/3/2021 9:10,6.412496758
1/3/2021 9:20,6.638346601
1/3/2021 9:30,6.154608011
1/3/2021 9:40,7.010376303
1/3/2021 9:50,6.584998059
1/3/2021 10:00,5.763755941
1/3/2021 10:10,5.679120213
1/3/2021 10:20,5.763997269
1/3/2021 10:30,5.998515844
1/3/2021 10:40,5.449418581
1/3/2021 10:50,5.6898772
1/3/2021 11:00,5.793344593
1/3/2021 11:10,5.947004843
1/3/2021 11:20,6.425007892
1/3/2021 11:30,5.986895823
1/3/2021 11:40,5.803943813
1/3/2021 11:50,3.982034338
1/3/2021 12:00,3.561500895
1/3/2021 12:10,3.463043426
1/3/2021 12:20,3.529642332
1/3/2021 12:30,4.944184458
1/3/2021 12:40,6.33141869
1/3/2021 12:50,6.606085086
1/3/2021 13:00,6.35317111
1/3/2021 13:10,5.845783591
1/3/2021 13:20,6.078891492
1/3/2021 13:30,6.273148012
1/3/2021 13:40,6.923169661
1/3/2021 13:50,7.351220989
1/3/2021 14:00,6.229730356
1/3/2021 14:10,5.455525601
1/3/2021 14:20,6.290355492
1/3/2021 14:30,6.304314542
1/3/2021 14:40,5.684902418
1/3/2021 14:50,6.047743607
1/3/2021 15:00,6.834181023
1/3/2021 15:10,7.247345185
1/3/2021 15:20,7.317455792
1/3/2021 15:30,6.492352724
1/3/2021 15:40,5.169366181
1/3/2021 15:50,5.879734492
1/3/2021 16:00,7.305501556
1/3/2021 16:10,8.156406426
1/3/2021 16:20,7.273425555
1/3/2021 16:30,6.851054358
1/3/2021 16:40,5.872142386
1/3/2021 16:50,5.839064074
1/3/2021 17:00,6.247123432
1/3/2021 17:10,5.591718602
1/3/2021 17:20,5.957567024
1/3/2021 17:30,6.647182441
1/3/2021 17:40,5.74355409
1/3/2021 17:50,4.999983227
1/3/2021 18:00,4.701535416
1/3/2021 18:10,4.474256217
1/3/2021 18:20,6.233780008
1/3/2021 18:30,6.557636905
1/3/2021 18:40,7.55282824
1/3/2021 18:50,7.737696383
1/3/2021 19:00,6.868929958
1/3/2021 19:10,5.527009773
1/3/2021 19:20,5.632222033
1/3/2021 19:30,4.854259504
1/3/2021 19:40,4.20255395
1/3/2021 19:50,6.21994797
1/3/2021 20:00,6.628155899
1/3/2021 20:10,6.636044884
1/3/2021 20:20,5.282891474
1/3/2021 20:30,4.011400199
1/3/2021 20:40,4.357813632
1/3/2021 20:50,4.976241815
1/3/2021 21:00,5.67575115
1/3/2021 21:10,6.422446132
1/3/2021 21:20,5.177403629
1/3/2021 21:30,5.447116768
1/3/2021 21:40,7.144249105
1/3/2021 21:50,7.72410444
1/3/2021 22:00,8.005382061
1/3/2021 22:10,7.519545674
1/3/2021 22:20,6.862247467
1/3/2021 22:30,7.239999771
1/3/2021 22:40,7.210000038
1/3/2021 22:50,6.670000076
1/3/2021 23:00,5.889999866
1/3/2021 23:10,5.690000057
1/3/2021 23:20,4.449999809
1/3/2021 23:30,3.730435593
1/3/2021 23:40,4.57614578
1/3/2021 23:50,4.771033382
1/4/2021 0:00,3.934737074
1/4/2021 0:10,4.043420517
1/4/2021 0:20,4.146312463
1/4/2021 0:30,3.769549417
1/4/2021 0:40,3.6857584
1/4/2021 0:50,5.722974145
1/4/2021 1:00,5.84533813
1/4/2021 1:10,6.295701528
1/4/2021 1:20,5.823749971
1/4/2021 1:30,6.196166402
1/4/2021 1:40,5.918752801
1/4/2021 1:50,4.712060285
1/4/2021 2:00,4.27320565
1/4/2021 2:10,6.08234421
1/4/2021 2:20,6.534582353
1/4/2021 2:30,6.424840832
1/4/2021 2:40,6.593889546
1/4/2021 2:50,5.786624908
1/4/2021 3:00,7.115477204
1/4/2021 3:10,6.652120013
1/4/2021 3:20,6.943161559
1/4/2021 3:30,6.522108293
1/4/2021 3:40,6.030127764
1/4/2021 3:50,6.794772911
1/4/2021 4:00,7.688798618
1/4/2021 4:10,7.321205354
1/4/2021 4:20,7.134670854
1/4/2021 4:30,7.828221488
1/4/2021 4:40,7.102947545
1/4/2021 4:50,6.478152323
1/4/2021 5:00,7.182283592
1/4/2021 5:10,7.012770844
1/4/2021 5:20,6.839044356
1/4/2021 5:30,7.105249286
1/4/2021 5:40,6.826793242
1/4/2021 5:50,7.024576664
1/4/2021 6:00,7.214489532
1/4/2021 6:10,8.154587364
1/4/2021 6:20,8.255363226
1/4/2021 6:30,8.051194239
1/4/2021 6:40,8.241515565
1/4/2021 6:50,8.105619502
1/4/2021 7:00,8.127838863
1/4/2021 7:10,7.064318931
1/4/2021 7:20,6.048931646
1/4/2021 7:30,6.384356046
1/4/2021 7:40,5.960017228
1/4/2021 7:50,6.016688693
1/4/2021 8:00,6.065043974
1/4/2021 8:10,7.755048156
1/4/2021 8:20,6.045924497
1/4/2021 8:30,6.427922177
1/4/2021 8:40,6.903029346
1/4/2021 8:50,8.767168355
1/4/2021 9:00,7.535787892
1/4/2021 9:10,7.702735887
1/4/2021 9:20,8.499423051
1/4/2021 9:30,8.726999164
1/4/2021 9:40,9.846633506
1/4/2021 9:50,9.007218742
1/4/2021 10:00,9.380157876
1/4/2021 10:10,8.557727766
1/4/2021 10:20,9.850216246
1/4/2021 10:30,9.417579889
1/4/2021 10:40,8.832768416
1/4/2021 10:50,9.435028577
1/4/2021 11:00,8.601702404
1/4/2021 11:10,9.078164506
1/4/2021 11:20,9.11970737
1/4/2021 11:30,8.919510961
1/4/2021 11:40,9.556891489
1/4/2021 11:50,10.06568952
1/4/2021 12:00,8.854393744
1/4/2021 12:10,9.512898397
1/4/2021 12:20,9.567769098
1/4/2021 12:30,10.30197167
1/4/2021 12:40,9.453795385
1/4/2021 12:50,9.683135104
1/4/2021 13:00,9.505436206
1/4/2021 13:10,9.892631412
1/4/2021 13:20,10.00474892
1/4/2021 13:30,10.4380163
1/4/2021 13:40,10.91106104
1/4/2021 13:50,9.489175439
1/4/2021 14:00,8.989417338
1/4/2021 14:10,6.845504153
1/4/2021 14:20,6.354637432
1/4/2021 14:30,8.033225679
1/4/2021 14:40,8.810901618
1/4/2021 14:50,9.85780828
1/4/2021 15:00,10.63110342
1/4/2021 15:10,10.18564048
1/4/2021 15:20,9.529122043
1/4/2021 15:30,9.729114246
1/4/2021 15:40,9.628171396
1/4/2021 15:50,9.370021795
1/4/2021 16:00,9.482715869
1/4/2021 16:10,10.08744471
1/4/2021 16:20,9.337686992
1/4/2021 16:30,7.130160236
1/4/2021 16:40,7.214081192
1/4/2021 16:50,8.583251381
1/4/2021 17:00,6.994598246
1/4/2021 17:10,7.035305715
1/4/2021 17:20,7.226629496
1/4/2021 17:30,6.346896875
1/4/2021 17:40,8.910879278
1/4/2021 17:50,7.947782564
1/4/2021 18:00,7.616274881
1/4/2021 18:10,6.131144977
1/4/2021 18:20,6.17953732
1/4/2021 18:30,6.152269113
1/4/2021 18:40,7.520251107
1/4/2021 18:50,7.190636683
1/4/2021 19:00,6.143767369
1/4/2021 19:10,6.84504019
1/4/2021 19:20,6.80852766
1/4/2021 19:30,5.008095169
1/4/2021 19:40,4.9911847
1/4/2021 19:50,4.853079665
1/4/2021 20:00,4.822173023
1/4/2021 20:10,4.538946545
1/4/2021 20:20,6.294327927
1/4/2021 20:30,4.580563533
1/4/2021 20:40,4.674820676
1/4/2021 20:50,5.686406088
1/4/2021 21:00,5.572228003
1/4/2021 21:10,7.13522768
1/4/2021 21:20,5.818097227
1/4/2021 21:30,6.972675943
1/4/2021 21:40,6.573641857
1/4/2021 21:50,6.782819622
1/4/2021 22:00,4.835965073
1/4/2021 22:10,6.67569443
1/4/2021 22:20,7.606566668
1/4/2021 22:30,7.37381146
1/4/2021 22:40,7.181039917
1/4/2021 22:50,6.167620206
1/4/2021 23:00,5.734185898
1/4/2021 23:10,6.706601059
1/4/2021 23:20,7.735761714
1/4/2021 23:30,7.805426836
1/4/2021 23:40,7.803830361
1/4/2021 23:50,7.60998224
1/5/2021 0:00,7.340194798
1/5/2021 0:10,6.760339522
1/5/2021 0:20,6.797260261
1/5/2021 0:30,8.433006251
1/5/2021 0:40,8.964558099
1/5/2021 0:50,7.520603728
1/5/2021 1:00,6.414111745
1/5/2021 1:10,6.867946196
1/5/2021 1:20,7.274372268
1/5/2021 1:30,6.068774986
1/5/2021 1:40,6.925471425
1/5/2021 1:50,7.52266413
1/5/2021 2:00,6.615273499
1/5/2021 2:10,5.208792841
1/5/2021 2:20,6.017134106
1/5/2021 2:30,6.003342175
1/5/2021 2:40,5.433974648
1/5/2021 2:50,6.612470555
1/5/2021 3:00,4.58138032
1/5/2021 3:10,4.59012332
1/5/2021 3:20,4.093650687
1/5/2021 3:30,3.892915809
1/5/2021 3:40,5.326349235
1/5/2021 3:50,7.016761851
1/5/2021 4:00,8.125165892
1/5/2021 4:10,7.14655087
1/5/2021 4:20,6.287979579
1/5/2021 4:30,5.42658462
1/5/2021 4:40,5.733329273
1/5/2021 4:50,6.576867628
1/5/2021 5:00,6.1541996
1/5/2021 5:10,6.853281856
1/5/2021 5:20,6.56135928
1/5/2021 5:30,6.993187451
1/5/2021 5:40,7.046981573
1/5/2021 5:50,7.340528965
1/5/2021 6:00,7.195722842
1/5/2021 6:10,7.470652056
1/5/2021 6:20,7.127561474
1/5/2021 6:30,7.035732722
1/5/2021 6:40,7.386062884
1/5/2021 6:50,7.297890782
1/5/2021 7:00,6.918176413
1/5/2021 7:10,6.611987948
1/5/2021 7:20,7.125376505
1/5/2021 7:30,7.097659161
1/5/2021 7:40,7.011304522
1/5/2021 7:50,6.055577087
1/5/2021 8:00,6.859593105
1/5/2021 8:10,6.794215989
1/5/2021 8:20,6.904792833
1/5/2021 8:30,7.104321122
1/5/2021 8:40,7.213524342
1/5/2021 8:50,7.360724902
1/5/2021 9:00,7.386174107
1/5/2021 9:10,6.909025049
1/5/2021 9:20,5.993875241
1/5/2021 9:30,6.100498295
1/5/2021 9:40,6.253100562
1/5/2021 9:50,6.088915205
1/5/2021 10:00,7.181745338
1/5/2021 10:10,6.849810696
1/5/2021 10:20,5.817215919
1/5/2021 10:30,5.854953504
1/5/2021 10:40,6.787162256
1/5/2021 10:50,7.562276602
1/5/2021 11:00,7.131533694
1/5/2021 11:10,6.575289893
1/5/2021 11:20,6.671629286
1/5/2021 11:30,6.77775104
1/5/2021 11:40,7.217607999
1/5/2021 11:50,6.99714129
1/5/2021 12:00,7.820203613
1/5/2021 12:10,7.016576135
1/5/2021 12:20,7.688891363
1/5/2021 12:30,6.943662739
1/5/2021 12:40,6.651451874
1/5/2021 12:50,8.048447013
1/5/2021 13:00,6.992964673
1/5/2021 13:10,7.798131704
1/5/2021 13:20,6.70515306
1/5/2021 13:30,6.677494955
1/5/2021 13:40,6.925248718
1/5/2021 13:50,7.251781702
1/5/2021 14:00,5.861691618
1/5/2021 14:10,6.283301818
1/5/2021 14:20,5.916692305
1/5/2021 14:30,8.210686081
1/5/2021 14:40,8.291671503
1/5/2021 14:50,7.561682582
1/5/2021 15:00,5.094819081
1/5/2021 15:10,4.481848133
1/5/2021 15:20,4.757167244
1/5/2021 15:30,7.036883521
1/5/2021 15:40,6.569516969
1/5/2021 15:50,6.332678032
1/5/2021 16:00,6.695574903
1/5/2021 16:10,6.250650406
1/5/2021 16:20,6.731604719
1/5/2021 16:30,7.085275984
1/5/2021 16:40,7.219835615
1/5/2021 16:50,7.274984741
1/5/2021 17:00,7.400857091
1/5/2021 17:10,7.981640649
1/5/2021 17:20,7.614270067
1/5/2021 17:30,6.530145931
1/5/2021 17:40,7.841530848
1/5/2021 17:50,6.868206096
1/5/2021 18:00,8.009985542
1/5/2021 18:10,7.89857347
1/5/2021 18:20,7.096543479
1/5/2021 18:30,7.558619666
1/5/2021 18:40,7.285546827
1/5/2021 18:50,7.806911778
1/5/2021 19:00,7.30074954
1/5/2021 19:10,6.749795961
1/5/2021 19:20,6.788350201
1/5/2021 19:30,6.936423349
1/5/2021 19:40,6.735762668
1/5/2021 19:50,6.381608725
1/5/2021 20:00,6.724625158
1/5/2021 20:10,7.34522428
1/5/2021 20:20,6.528994966
1/5/2021 20:30,7.183917022
1/5/2021 20:40,7.038906932
1/5/2021 20:50,7.499312663
1/5/2021 21:00,7.638438559
1/5/2021 21:10,8.114288259
1/5/2021 21:20,7.778826737
1/5/2021 21:30,7.687165093
1/5/2021 21:40,7.670107114
1/5/2021 21:50,6.745248222
1/5/2021 22:00,6.307934237
1/5/2021 22:10,5.679018116
1/5/2021 22:20,4.794236577
1/5/2021 22:30,4.067811668
1/5/2021 22:40,3.525174069
1/5/2021 22:50,4.84777081
1/5/2021 23:00,5.623905993
1/5/2021 23:10,6.006627584
1/5/2021 23:20,6.361375642
1/5/2021 23:30,7.2395118
1/5/2021 23:40,6.769713521
1/5/2021 23:50,7.128303885
1/6/2021 0:00,6.824658465
1/6/2021 0:10,6.214342022
1/6/2021 0:20,6.52650764
1/6/2021 0:30,6.56823616
1/6/2021 0:40,6.94579742
1/6/2021 0:50,7.747418928
1/6/2021 1:00,7.779309416
1/6/2021 1:10,7.913349152
1/6/2021 1:20,8.041467476
1/6/2021 1:30,7.977018499
1/6/2021 1:40,7.274687719
1/6/2021 1:50,8.145046258
1/6/2021 2:00,7.696650553
1/6/2021 2:10,6.87780292
1/6/2021 2:20,6.624146414
1/6/2021 2:30,7.010803342
1/6/2021 2:40,7.325059489
1/6/2021 2:50,7.460609818
1/6/2021 3:00,7.353429914
1/6/2021 3:10,7.086371255
1/6/2021 3:20,7.047148705
1/6/2021 3:30,7.148258543
1/6/2021 3:40,7.280832005
1/6/2021 3:50,7.188019419
1/6/2021 4:00,6.868874383
1/6/2021 4:10,6.706433868
1/6/2021 4:20,6.910974097
1/6/2021 4:30,6.742946458
1/6/2021 4:40,6.937499905
1/6/2021 4:50,7.231437182
1/6/2021 5:00,6.637938309
1/6/2021 5:10,7.157075787
1/6/2021 5:20,6.911475277
1/6/2021 5:30,7.074416995
1/6/2021 5:40,6.766279411
1/6/2021 5:50,6.046630759
1/6/2021 6:00,5.220320189
1/6/2021 6:10,5.057209426
1/6/2021 6:20,5.919124079
1/6/2021 6:30,6.280257535
1/6/2021 6:40,6.132369995
1/6/2021 6:50,5.46540091
1/6/2021 7:00,6.049302864
1/6/2021 7:10,6.037311554
1/6/2021 7:20,5.825531888
1/6/2021 7:30,5.397907579
1/6/2021 7:40,5.103896117
1/6/2021 7:50,4.843445671
1/6/2021 8:00,3.669534647
1/6/2021 8:10,3.605104208
1/6/2021 8:20,4.641708565
1/6/2021 8:30,5.067328036
1/6/2021 8:40,4.751041627
1/6/2021 8:50,4.847585261
1/6/2021 9:00,4.543679821
1/6/2021 9:10,4.449141181
1/6/2021 9:20,4.61941489
1/6/2021 9:30,5.57983283
1/6/2021 9:40,5.747866416
1/6/2021 9:50,5.486822033
1/6/2021 10:00,5.521608162
1/6/2021 10:10,5.007352555
1/6/2021 10:20,5.284936261
1/6/2021 10:30,4.75009501
1/6/2021 10:40,4.807100391
1/6/2021 10:50,5.239699447
1/6/2021 11:00,5.655183792
1/6/2021 11:10,5.635823178
1/6/2021 11:20,6.085703945
1/6/2021 11:30,5.119841409
1/6/2021 11:40,5.892746735
1/6/2021 11:50,5.831731844
1/6/2021 12:00,5.60812788
1/6/2021 12:10,5.8646245
1/6/2021 12:20,4.553091156
1/6/2021 12:30,4.119378209
1/6/2021 12:40,4.90342108
1/6/2021 12:50,5.371567369
1/6/2021 13:00,5.537980247
1/6/2021 13:10,5.511621428
1/6/2021 13:20,4.995639646
1/6/2021 13:30,4.454579949
1/6/2021 13:40,4.17978071
1/6/2021 13:50,4.358871675
1/6/2021 14:00,4.076641509
1/6/2021 14:10,3.720785713
1/6/2021 14:20,4.783897281
1/6/2021 14:30,4.189767265
1/6/2021 14:40,4.594411182
1/6/2021 14:50,4.209722006
1/6/2021 15:00,5.016763866
1/6/2021 15:10,4.720691872
1/6/2021 15:20,5.158488512
1/6/2021 15:30,5.311294937
1/6/2021 15:40,5.075180006
1/6/2021 15:50,5.447024035
1/6/2021 16:00,5.236358237
1/6/2021 16:10,5.410010362
1/6/2021 16:20,5.383447361
1/6/2021 16:30,5.511737773
1/6/2021 16:40,5.222343516
1/6/2021 16:50,5.279478884
1/6/2021 17:00,5.064733304
1/6/2021 17:10,5.36840307
1/6/2021 17:20,6.390871406
1/6/2021 17:30,5.962875843
1/6/2021 17:40,5.385452175
1/6/2021 17:50,5.518600965
1/6/2021 18:00,6.310106015
1/6/2021 18:10,6.664482617
1/6/2021 18:20,6.709626698
1/6/2021 18:30,6.591977572
1/6/2021 18:40,6.015797544
1/6/2021 18:50,6.191268826
1/6/2021 19:00,6.129697061
1/6/2021 19:10,6.143600416
1/6/2021 19:20,6.613380218
1/6/2021 19:30,7.15765121
1/6/2021 19:40,7.049877262
1/6/2021 19:50,6.32723918
1/6/2021 20:00,6.453055739
1/6/2021 20:10,6.367801114
1/6/2021 20:20,5.992461795
1/6/2021 20:30,5.539425172
1/6/2021 20:40,5.338915944
1/6/2021 20:50,5.117502546
1/6/2021 21:00,4.808938169
1/6/2021 21:10,4.676791573
1/6/2021 21:20,5.19953022
1/6/2021 21:30,4.904961824
1/6/2021 21:40,5.380755854
1/6/2021 21:50,5.437557125
1/6/2021 22:00,4.690513147
1/6/2021 22:10,4.876022911
1/6/2021 22:20,4.822488594
1/6/2021 22:30,4.307026577
1/6/2021 22:40,4.197786152
1/6/2021 22:50,3.316123188
1/6/2021 23:00,2.685363066
1/6/2021 23:10,3.51220305
1/6/2021 23:20,3.221788639
1/6/2021 23:30,3.531151164
1/6/2021 23:40,3.725277901
1/6/2021 23:50,3.541416258
1/7/2021 0:00,2.753716457
1/7/2021 0:10,3.091294169
1/7/2021 0:20,3.14209978
1/7/2021 0:30,2.942608595
1/7/2021 0:40,3.561593705
1/7/2021 0:50,3.553500497
1/7/2021 1:00,3.596027148
1/7/2021 1:10,3.272909686
1/7/2021 1:20,2.95768137
1/7/2021 1:30,2.472104961
1/7/2021 1:40,2.456518894
1/7/2021 1:50,2.827394856
1/7/2021 2:00,3.04034012
1/7/2021 2:10,3.277899549
1/7/2021 2:20,2.485237297
1/7/2021 2:30,2.185856223
1/7/2021 2:40,1.558650088
1/7/2021 2:50,1.622249922
1/7/2021 3:00,2.434368736
1/7/2021 3:10,2.851541543
1/7/2021 3:20,2.301868194
1/7/2021 3:30,2.440121716
1/7/2021 3:40,2.298935336
1/7/2021 3:50,2.373485593
1/7/2021 4:00,2.367426038
1/7/2021 4:10,2.85677563
1/7/2021 4:20,3.016722805
1/7/2021 4:30,2.272056842
1/7/2021 4:40,2.552944577
1/7/2021 4:50,2.490741688
1/7/2021 5:00,2.302035314
1/7/2021 5:10,2.610432738
1/7/2021 5:20,2.680892543
1/7/2021 5:30,4.624228822
1/7/2021 5:40,4.676624548
1/7/2021 5:50,4.642896545
1/7/2021 6:00,4.112770057
1/7/2021 6:10,3.232183576
1/7/2021 6:20,2.511735815
1/7/2021 6:30,2.536628067
1/7/2021 6:40,2.613049972
1/7/2021 6:50,3.040414375
1/7/2021 7:00,4.979169795
1/7/2021 7:10,5.151360464
1/7/2021 7:20,3.896498394
1/7/2021 7:30,5.278662086
1/7/2021 7:40,4.591775262
1/7/2021 7:50,4.33951093
1/7/2021 8:00,4.008615911
1/7/2021 8:10,3.176997256
1/7/2021 8:20,3.485970098
1/7/2021 8:30,3.245140195
1/7/2021 8:40,2.470731306
1/7/2021 8:50,2.277959692
1/7/2021 9:00,2.740388739
1/7/2021 9:10,3.016932821
1/7/2021 9:20,2.741056883
1/7/2021 9:30,4.011919975
1/7/2021 9:40,4.935274398
1/7/2021 9:50,5.947320509
1/7/2021 10:00,4.972863424
1/7/2021 10:10,5.038574779
1/7/2021 10:20,4.694834375
1/7/2021 10:30,3.640001667
1/7/2021 10:40,5.302681923
1/7/2021 10:50,5.97095058
1/7/2021 11:00,5.528773212
1/7/2021 11:10,5.036050212
1/7/2021 11:20,4.766244328
1/7/2021 11:30,5.394622087
1/7/2021 11:40,4.658860254
1/7/2021 11:50,5.091496456
1/7/2021 12:00,4.709313107
1/7/2021 12:10,4.824140775
1/7/2021 12:20,5.185868192
1/7/2021 12:30,4.565175295
1/7/2021 12:40,3.901955783
1/7/2021 12:50,4.054558098
1/7/2021 13:00,4.166025901
1/7/2021 13:10,4.641095996
1/7/2021 13:20,4.251524711
1/7/2021 13:30,3.50657444
1/7/2021 13:40,3.026492554
1/7/2021 13:50,2.940453261
1/7/2021 14:00,3.915729141
1/7/2021 14:10,2.924361593
1/7/2021 14:20,2.323041458
1/7/2021 14:30,4.653639454
1/7/2021 14:40,4.952017689
1/7/2021 14:50,4.048803604
1/7/2021 15:00,4.503325021
1/7/2021 15:10,4.813151813
1/7/2021 15:20,3.136530995
1/7/2021 15:30,2.815595132
1/7/2021 15:40,2.772854489
1/7/2021 15:50,2.57852453
1/7/2021 16:00,2.88343128
1/7/2021 16:10,3.849815595
1/7/2021 16:20,2.728378701
1/7/2021 16:30,2.701502854
1/7/2021 16:40,2.954763212
1/7/2021 16:50,3.172486615
1/7/2021 17:00,3.775173855
1/7/2021 17:10,2.657952607
1/7/2021 17:20,3.185591686
1/7/2021 17:30,2.72367689
1/7/2021 17:40,2.865415877
1/7/2021 17:50,3.472333872
1/7/2021 18:00,3.952687001
1/7/2021 18:10,4.490628242
1/7/2021 18:20,5.096211338
1/7/2021 18:30,4.870639801
1/7/2021 18:40,5.27795676
1/7/2021 18:50,6.219353914
1/7/2021 19:00,6.146737385
1/7/2021 19:10,6.094762421
1/7/2021 19:20,5.9916291
1/7/2021 19:30,6.096729994
1/7/2021 19:40,6.325364399
1/7/2021 19:50,5.932656062
1/7/2021 20:00,3.510750997
1/7/2021 20:10,4.338787079
1/7/2021 20:20,4.322804701
1/7/2021 20:30,3.755033493
1/7/2021 20:40,3.124483955
1/7/2021 20:50,3.41411469
1/7/2021 21:00,2.543106401
1/7/2021 21:10,2.377436078
1/7/2021 21:20,2.912667215
1/7/2021 21:30,3.299621046
1/7/2021 21:40,2.864070618
1/7/2021 21:50,3.614849603
1/7/2021 22:00,3.351967478
1/7/2021 22:10,3.494638872
1/7/2021 22:20,3.825756645
1/7/2021 22:30,3.870009685
1/7/2021 22:40,3.867336583
1/7/2021 22:50,5.216459227
1/7/2021 23:00,5.730343461
1/7/2021 23:10,4.634079301
1/7/2021 23:20,4.148521483
1/7/2021 23:30,4.103804326
1/7/2021 23:40,3.99679153
1/7/2021 23:50,3.390911484
1/8/2021 0:00,3.835112154
1/8/2021 0:10,3.962989199
1/8/2021 0:20,4.025377798
1/8/2021 0:30,3.743654752
1/8/2021 0:40,3.730066943
1/8/2021 0:50,4.141727543
1/8/2021 1:00,4.177720273
1/8/2021 1:10,4.463304257
1/8/2021 1:20,4.095172763
1/8/2021 1:30,4.638218749
1/8/2021 1:40,4.413779485
1/8/2021 1:50,3.40147357
1/8/2021 2:00,2.776084369
1/8/2021 2:10,2.89766885
1/8/2021 2:20,2.801385087
1/8/2021 2:30,3.181460104
1/8/2021 2:40,3.341906583
1/8/2021 2:50,2.840310639
1/8/2021 3:00,3.064174354
1/8/2021 3:10,2.939471531
1/8/2021 3:20,2.361405697
1/8/2021 3:30,1.55317508
1/8/2021 3:40,1.792460542
1/8/2021 3:50,1.725431195
1/8/2021 4:00,1.854243821
1/8/2021 4:10,1.794543782
1/8/2021 4:20,1.42968747
1/8/2021 4:30,1.865062588
1/8/2021 4:40,2.267268723
1/8/2021 4:50,1.678931216
1/8/2021 5:00,2.626612568
1/8/2021 5:10,3.145331252
1/8/2021 5:20,2.634972322
1/8/2021 5:30,2.141822314
1/8/2021 5:40,1.901941448
1/8/2021 5:50,1.315518815
1/8/2021 6:00,2.4447375
1/8/2021 6:10,2.387723628
1/8/2021 6:20,2.046056241
1/8/2021 6:30,1.778756207
1/8/2021 6:40,2.215218788
1/8/2021 6:50,2.109356281
1/8/2021 7:00,1.833037598
1/8/2021 7:10,2.387174845
1/8/2021 7:20,2.399718785
1/8/2021 7:30,2.015906227
1/8/2021 7:40,1.724793774
1/8/2021 7:50,1.025493728
1/8/2021 8:00,2.061300126
1/8/2021 8:10,1.987612453
1/8/2021 8:20,1.74009864
1/8/2021 8:30,2.452856463
1/8/2021 8:40,2.358262408
1/8/2021 8:50,1.972736785
1/8/2021 9:00,1.589493662
1/8/2021 9:10,1.303162602
1/8/2021 9:20,1.593299788
1/8/2021 9:30,1.562118644
1/8/2021 9:40,1.375143862
1/8/2021 9:50,1.320712596
1/8/2021 10:00,1.469981283
1/8/2021 10:10,1.696855915
1/8/2021 10:20,1.892793858
1/8/2021 10:30,2.045137829
1/8/2021 10:40,2.002050239
1/8/2021 10:50,1.967287546
1/8/2021 11:00,2.009250307
1/8/2021 11:10,2.125361995
1/8/2021 11:20,2.103018796
1/8/2021 11:30,2.073918909
1/8/2021 11:40,1.574381155
1/8/2021 11:50,1.699068755
1/8/2021 12:00,2.320631391
1/8/2021 12:10,2.103168857
1/8/2021 12:20,2.280768776
1/8/2021 12:30,2.441793531
1/8/2021 12:40,2.054849946
1/8/2021 12:50,1.681556261
1/8/2021 13:00,1.928812456
1/8/2021 13:10,1.595475018
1/8/2021 13:20,2.026856244
1/8/2021 13:30,2.131912512
1/8/2021 13:40,2.341668767
1/8/2021 13:50,2.093756324
1/8/2021 14:00,2.440518636
1/8/2021 14:10,1.886174977
1/8/2021 14:20,2.084662461
1/8/2021 14:30,2.262562537
1/8/2021 14:40,2.250631652
1/8/2021 14:50,2.830549933
1/8/2021 15:00,3.110609958
1/8/2021 15:10,3.088287032
1/8/2021 15:20,3.360394812
1/8/2021 15:30,3.236527276
1/8/2021 15:40,3.416379225
1/8/2021 15:50,2.681677717
1/8/2021 16:00,3.000442207
1/8/2021 16:10,2.702833699
1/8/2021 16:20,2.484371877
1/8/2021 16:30,3.272222841
1/8/2021 16:40,3.021072268
1/8/2021 16:50,2.945300132
1/8/2021 17:00,2.416603059
1/8/2021 17:10,2.757113528
1/8/2021 17:20,2.844765663
1/8/2021 17:30,3.377992046
1/8/2021 17:40,3.045211365
1/8/2021 17:50,2.701036179
1/8/2021 18:00,3.150248659
1/8/2021 18:10,2.986620259
1/8/2021 18:20,2.953096414
1/8/2021 18:30,2.979956269
1/8/2021 18:40,3.066903079
1/8/2021 18:50,3.103471184
1/8/2021 19:00,3.985895383
1/8/2021 19:10,4.333942163
1/8/2021 19:20,3.957698917
1/8/2021 19:30,3.595210457
1/8/2021 19:40,4.001283717
1/8/2021 19:50,2.992376616
1/8/2021 20:00,2.133992052
1/8/2021 20:10,2.532899979
1/8/2021 20:20,2.125952286
1/8/2021 20:30,2.194677711
1/8/2021 20:40,2.122350103
1/8/2021 20:50,3.124837482
1/8/2021 21:00,2.978192163
1/8/2021 21:10,2.503419834
1/8/2021 21:20,2.665860367
1/8/2021 21:30,2.382630113
1/8/2021 21:40,2.741193795
1/8/2021 21:50,2.901667231
1/8/2021 22:00,2.470623803
1/8/2021 22:10,2.282777399
1/8/2021 22:20,2.267927
1/8/2021 22:30,2.515387523
1/8/2021 22:40,2.475318742
1/8/2021 22:50,2.05119381
1/8/2021 23:00,2.152087671
1/8/2021 23:10,2.441156203
1/8/2021 23:20,2.877344966
1/8/2021 23:30,2.399312049
1/8/2021 23:40,3.426491511
1/8/2021 23:50,3.178018236
1/9/2021 0:00,3.596528316
1/9/2021 0:10,3.176124763
1/9/2021 0:20,2.923080814
1/9/2021 0:30,3.342203462
1/9/2021 0:40,3.200367427
1/9/2021 0:50,3.54362514
1/9/2021 1:00,3.437614667
1/9/2021 1:10,3.471584213
1/9/2021 1:20,3.532357717
1/9/2021 1:30,3.548692787
1/9/2021 1:40,2.690102917
1/9/2021 1:50,2.304615444
1/9/2021 2:00,2.664693803
1/9/2021 2:10,2.543651068
1/9/2021 2:20,2.676255262
1/9/2021 2:30,1.864442948
1/9/2021 2:40,1.930321202
1/9/2021 2:50,2.132565793
1/9/2021 3:00,2.316409832
1/9/2021 3:10,2.404571503
1/9/2021 3:20,1.798648104
1/9/2021 3:30,2.358450001
1/9/2021 3:40,2.479575008
1/9/2021 3:50,2.623893774
1/9/2021 4:00,2.412206209
1/9/2021 4:10,2.294268763
1/9/2021 4:20,2.375782841
1/9/2021 4:30,2.921906269
1/9/2021 4:40,2.783043826
1/9/2021 4:50,3.36927464
1/9/2021 5:00,3.253326261
1/9/2021 5:10,2.767322898
1/9/2021 5:20,2.773689812
1/9/2021 5:30,2.530762386
1/9/2021 5:40,1.922268444
1/9/2021 5:50,1.93411189
1/9/2021 6:00,2.085056245
1/9/2021 6:10,2.250187445
1/9/2021 6:20,2.264718717
1/9/2021 6:30,2.279901335
1/9/2021 6:40,2.312793845
1/9/2021 6:50,2.11049996
1/9/2021 7:00,2.485706258
1/9/2021 7:10,2.291512561
1/9/2021 7:20,2.331993812
1/9/2021 7:30,2.210687558
1/9/2021 7:40,2.15430004
1/9/2021 7:50,2.163187563
1/9/2021 8:00,1.989956343
1/9/2021 8:10,2.004493437
1/9/2021 8:20,1.694737476
1/9/2021 8:30,2.002537566
1/9/2021 8:40,1.754718524
1/9/2021 8:50,1.59815613
1/9/2021 9:00,1.743168682
1/9/2021 9:10,1.772606128
1/9/2021 9:20,1.967381388
1/9/2021 9:30,1.780950117
1/9/2021 9:40,1.43026869
1/9/2021 9:50,1.565193522
1/9/2021 10:00,1.384968713
1/9/2021 10:10,1.298699972
1/9/2021 10:20,1.420593691
1/9/2021 10:30,1.477256238
1/9/2021 10:40,1.313718671
1/9/2021 10:50,1.226568726
1/9/2021 11:00,0.43051875
1/9/2021 11:10,0.349106519
1/9/2021 11:20,0.652293563
1/9/2021 11:30,0.521822437
1/9/2021 11:40,0.414482222
1/9/2021 11:50,0.827156192
1/9/2021 12:00,1.134694058
1/9/2021 12:10,1.089710741
1/9/2021 12:20,1.293750063
1/9/2021 12:30,1.454174942
1/9/2021 12:40,1.531518656
1/9/2021 12:50,1.421512508
1/9/2021 13:00,1.285631332
1/9/2021 13:10,1.113037577
1/9/2021 13:20,1.386286855
1/9/2021 13:30,2.469860084
1/9/2021 13:40,2.216249955
1/9/2021 13:50,2.411287522
1/9/2021 14:00,2.408362538
1/9/2021 14:10,1.67518124
1/9/2021 14:20,2.338312393
1/9/2021 14:30,2.115187413
1/9/2021 14:40,1.772437578
1/9/2021 14:50,1.686562505
1/9/2021 15:00,1.765556243
1/9/2021 15:10,2.275462538
1/9/2021 15:20,2.468568718
1/9/2021 15:30,2.570568746
1/9/2021 15:40,2.576925004
1/9/2021 15:50,2.487374933
1/9/2021 16:00,2.95211246
1/9/2021 16:10,2.665462422
1/9/2021 16:20,2.498303032
1/9/2021 16:30,2.578430903
1/9/2021 16:40,2.880972534
1/9/2021 16:50,2.838210666
1/9/2021 17:00,3.731899107
1/9/2021 17:10,3.745940781
1/9/2021 17:20,3.44153266
1/9/2021 17:30,2.345450073
1/9/2021 17:40,3.264974535
1/9/2021 17:50,3.633040762
1/9/2021 18:00,3.473960149
1/9/2021 18:10,4.145328629
1/9/2021 18:20,3.798432744
1/9/2021 18:30,3.952925134
1/9/2021 18:40,4.021087599
1/9/2021 18:50,4.219331336
1/9/2021 19:00,4.848337555
1/9/2021 19:10,4.373400033
1/9/2021 19:20,4.027331191
1/9/2021 19:30,4.673943758
1/9/2021 19:40,5.61382513
1/9/2021 19:50,5.289197445
1/9/2021 20:00,5.776556349
1/9/2021 20:10,6.149849963
1/9/2021 20:20,6.26036253
1/9/2021 20:30,5.874168777
1/9/2021 20:40,5.852324986
1/9/2021 20:50,5.799056196
1/9/2021 21:00,5.517600012
1/9/2021 21:10,5.308874984
1/9/2021 21:20,5.988232113
1/9/2021 21:30,6.53521874
1/9/2021 21:40,5.507156229
1/9/2021 21:50,5.556881261
1/9/2021 22:00,5.339887619
1/9/2021 22:10,5.670352964
1/9/2021 22:20,6.185831261
1/9/2021 22:30,6.283162475
1/9/2021 22:40,6.469368625
1/9/2021 22:50,6.325443673
1/9/2021 23:00,5.791706347
1/9/2021 23:10,5.966981161
1/9/2021 23:20,6.436631393
1/9/2021 23:30,5.493131185
1/9/2021 23:40,4.791937459
1/9/2021 23:50,5.662462485
1/10/2021 0:00,4.955400026
1/10/2021 0:10,5.244224954
1/10/2021 0:20,4.488262534
1/10/2021 0:30,5.143350017
1/10/2021 0:40,5.503724957
1/10/2021 0:50,6.157575059
1/10/2021 1:00,5.617987466
1/10/2021 1:10,4.936631215
1/10/2021 1:20,5.78111248
1/10/2021 1:30,5.607187498
1/10/2021 1:40,5.345587587
1/10/2021 1:50,5.241132344
1/10/2021 2:00,5.306493735
1/10/2021 2:10,5.213718784
1/10/2021 2:20,4.895156252
1/10/2021 2:30,5.313881207
1/10/2021 2:40,6.033337474
1/10/2021 2:50,5.987486814
1/10/2021 3:00,6.273975015
1/10/2021 3:10,5.74100616
1/10/2021 3:20,6.11379385
1/10/2021 3:30,5.799468732
1/10/2021 3:40,6.093927685
1/10/2021 3:50,5.659085625
1/10/2021 4:00,5.342381191
1/10/2021 4:10,4.932018685
1/10/2021 4:20,4.503618765
1/10/2021 4:30,3.950062525
1/10/2021 4:40,5.13149997
1/10/2021 4:50,6.382293749
1/10/2021 5:00,6.12168746
1/10/2021 5:10,6.172837424
1/10/2021 5:20,6.364443803
1/10/2021 5:30,6.227161772
1/10/2021 5:40,7.048818707
1/10/2021 5:50,6.565706253
1/10/2021 6:00,6.697162485
1/10/2021 6:10,6.983699942
1/10/2021 6:20,7.181999969
1/10/2021 6:30,7.559362555
1/10/2021 6:40,7.633462572
1/10/2021 6:50,8.324268866
1/10/2021 7:00,8.554387498
1/10/2021 7:10,8.492006254
1/10/2021 7:20,9.119643855
1/10/2021 7:30,9.073762584
1/10/2021 7:40,9.521756387
1/10/2021 7:50,9.1310812
1/10/2021 8:00,8.742749929
1/10/2021 8:10,8.097750068
1/10/2021 8:20,8.171099925
1/10/2021 8:30,8.101518726
1/10/2021 8:40,7.79000628
1/10/2021 8:50,8.299087429
1/10/2021 9:00,8.621099997
1/10/2021 9:10,8.972681189
1/10/2021 9:20,8.048268819
1/10/2021 9:30,7.336424947
1/10/2021 9:40,6.917212558
1/10/2021 9:50,7.47065618
1/10/2021 10:00,6.351918793
1/10/2021 10:10,7.584450054
1/10/2021 10:20,8.544899988
1/10/2021 10:30,8.786493731
1/10/2021 10:40,9.058181167
1/10/2021 10:50,9.382424974
1/10/2021 11:00,10.08553133
1/10/2021 11:10,9.862781191
1/10/2021 11:20,9.881400061
1/10/2021 11:30,9.554137611
1/10/2021 11:40,9.288131213
1/10/2021 11:50,9.443868589
1/10/2021 12:00,8.957774925
1/10/2021 12:10,7.71255002
1/10/2021 12:20,8.259731126
1/10/2021 12:30,7.628212476
1/10/2021 12:40,7.071000051
1/10/2021 12:50,5.534737492
1/10/2021 13:00,5.84034867
1/10/2021 13:10,5.329425097
1/10/2021 13:20,5.91528753
1/10/2021 13:30,7.216818762
1/10/2021 13:40,6.218850088
1/10/2021 13:50,5.909943724
1/10/2021 14:00,6.079087555
1/10/2021 14:10,5.334552665
1/10/2021 14:20,4.148943764
1/10/2021 14:30,4.007231265
1/10/2021 14:40,3.71323123
1/10/2021 14:50,4.054631257
1/10/2021 15:00,4.416262555
1/10/2021 15:10,4.540012395
1/10/2021 15:20,5.55110625
1/10/2021 15:30,5.385525024
1/10/2021 15:40,5.138981271
1/10/2021 15:50,5.370000052
1/10/2021 16:00,5.203781235
1/10/2021 16:10,5.361956286
1/10/2021 16:20,5.553824973
1/10/2021 16:30,5.29020009
1/10/2021 16:40,6.208874941
1/10/2021 16:50,7.197434225
1/10/2021 17:00,5.28431251
1/10/2021 17:10,5.562749982
1/10/2021 17:20,7.118831301
1/10/2021 17:30,7.416093636
1/10/2021 17:40,6.766950059
1/10/2021 17:50,6.200437522
1/10/2021 18:00,6.031612468
1/10/2021 18:10,6.1677562
1/10/2021 18:20,5.002687621
1/10/2021 18:30,6.86849997
1/10/2021 18:40,6.883275008
1/10/2021 18:50,7.23924613
1/10/2021 19:00,7.405441976
1/10/2021 19:10,6.318923235
1/10/2021 19:20,6.491238904
1/10/2021 19:30,6.10864718
1/10/2021 19:40,6.012827563
1/10/2021 19:50,6.728950286
1/10/2021 20:00,7.269713092
1/10/2021 20:10,8.353948569
1/10/2021 20:20,8.361373758
1/10/2021 20:30,7.759466076
1/10/2021 20:40,7.828611302
1/10/2021 20:50,7.565172386
1/10/2021 21:00,7.320388603
1/10/2021 21:10,8.005753303
1/10/2021 21:20,7.721208763
1/10/2021 21:30,7.041542768
1/10/2021 21:40,6.950939155
1/10/2021 21:50,6.414074588
1/10/2021 22:00,6.322134614
1/10/2021 22:10,6.42645576
1/10/2021 22:20,6.913610005
1/10/2021 22:30,6.187686419
1/10/2021 22:40,5.460611784
1/10/2021 22:50,5.651842654
1/10/2021 23:00,5.652770686
1/10/2021 23:10,5.646997797
1/10/2021 23:20,5.898668218
1/10/2021 23:30,7.494653344
1/10/2021 23:40,8.124028532
1/10/2021 23:50,8.040465164
1/11/2021 0:00,7.669604921
1/11/2021 0:10,7.195054626
1/11/2021 0:20,7.542489028
1/11/2021 0:30,7.773053813
1/11/2021 0:40,7.84303441
1/11/2021 0:50,8.2359097
1/11/2021 1:00,9.051545954
1/11/2021 1:10,8.509483886
1/11/2021 1:20,8.473528218
1/11/2021 1:30,9.097822285
1/11/2021 1:40,9.652376938
1/11/2021 1:50,9.305165529
1/11/2021 2:00,8.435753655
1/11/2021 2:10,8.681298351
1/11/2021 2:20,8.308414841
1/11/2021 2:30,9.171701002
1/11/2021 2:40,9.259353161
1/11/2021 2:50,8.654642582
1/11/2021 3:00,8.839302397
1/11/2021 3:10,9.706653738
1/11/2021 3:20,9.458621669
1/11/2021 3:30,8.47844727
1/11/2021 3:40,8.346449399
1/11/2021 3:50,8.578035212
1/11/2021 4:00,9.861205006
1/11/2021 4:10,9.868592906
1/11/2021 4:20,9.991012716
1/11/2021 4:30,10.54007282
1/11/2021 4:40,10.37922878
1/11/2021 4:50,9.770638752
1/11/2021 5:00,9.192416787
1/11/2021 5:10,9.109739399
1/11/2021 5:20,9.281015635
1/11/2021 5:30,9.118705106
1/11/2021 5:40,10.55000381
1/11/2021 5:50,10.6225647
1/11/2021 6:00,10.50203824
1/11/2021 6:10,10.58194981
1/11/2021 6:20,10.08898551
1/11/2021 6:30,9.005380988
1/11/2021 6:40,9.403472281
1/11/2021 6:50,9.068604779
1/11/2021 7:00,8.542562222
1/11/2021 7:10,8.271902537
1/11/2021 7:20,8.199787092
1/11/2021 7:30,8.350421667
1/11/2021 7:40,8.616872863
1/11/2021 7:50,9.482622802
1/11/2021 8:00,9.82031188
1/11/2021 8:10,10.7756494
1/11/2021 8:20,10.53884764
1/11/2021 8:30,9.199359131
1/11/2021 8:40,8.379546189
1/11/2021 8:50,8.534134841
1/11/2021 9:00,8.549708772
1/11/2021 9:10,8.793063188
1/11/2021 9:20,9.389179325
1/11/2021 9:30,9.710013533
1/11/2021 9:40,10.30762346
1/11/2021 9:50,10.96524701
1/11/2021 10:00,10.49971795
1/11/2021 10:10,10.89625001
1/11/2021 10:20,9.624496078
1/11/2021 10:30,9.183024049
1/11/2021 10:40,9.032148099
1/11/2021 10:50,9.448328674
1/11/2021 11:00,9.378190136
1/11/2021 11:10,8.686310172
1/11/2021 11:20,10.93751459
1/11/2021 11:30,10.96415167
1/11/2021 11:40,11.34260387
1/11/2021 11:50,10.89491348
1/11/2021 12:00,9.994799376
1/11/2021 12:10,9.69779942
1/11/2021 12:20,10.06903086
1/11/2021 12:30,9.779139368
1/11/2021 12:40,10.44870834
1/11/2021 12:50,10.25777426
1/11/2021 13:00,9.427975011
1/11/2021 13:10,10.02914007
1/11/2021 13:20,11.03331937
1/11/2021 13:30,11.6148416
1/11/2021 13:40,12.36977673
1/11/2021 13:50,13.47567553
1/11/2021 14:00,11.85151343
1/11/2021 14:10,12.57613783
1/11/2021 14:20,12.28715672
1/11/2021 14:30,12.51664495
1/11/2021 14:40,13.25485706
1/11/2021 14:50,11.56307068
1/11/2021 15:00,11.1381752
1/11/2021 15:10,10.99906788
1/11/2021 15:20,10.63266269
1/11/2021 15:30,10.73096957
1/11/2021 15:40,11.08716536
1/11/2021 15:50,10.5513031
1/11/2021 16:00,10.48271475
1/11/2021 16:10,9.606601906
1/11/2021 16:20,9.245913863
1/11/2021 16:30,9.704853201
1/11/2021 16:40,9.047109604
1/11/2021 16:50,9.390961266
1/11/2021 17:00,8.777452111
1/11/2021 17:10,9.225214732
1/11/2021 17:20,8.070610642
1/11/2021 17:30,8.670235109
1/11/2021 17:40,8.756717682
1/11/2021 17:50,8.477630568
1/11/2021 18:00,8.708511043
1/11/2021 18:10,9.373104143
1/11/2021 18:20,10.01727865
1/11/2021 18:30,9.723805404
1/11/2021 18:40,10.4888031
1/11/2021 18:50,10.46688089
1/11/2021 19:00,9.970259833
1/11/2021 19:10,10.39300215
1/11/2021 19:20,10.29246769
1/11/2021 19:30,10.01459001
1/11/2021 19:40,10.51252618
1/11/2021 19:50,10.80378824
1/11/2021 20:00,12.08029623
1/11/2021 20:10,11.61586256
1/11/2021 20:20,11.84429264
1/11/2021 20:30,11.14359541
1/11/2021 20:40,10.53361309
1/11/2021 20:50,11.29105582
1/11/2021 21:00,11.15536392
1/11/2021 21:10,11.26843794
1/11/2021 21:20,12.18680797
1/11/2021 21:30,11.0763063
1/11/2021 21:40,11.47499166
1/11/2021 21:50,11.76616304
1/11/2021 22:00,11.27227058
1/11/2021 22:10,10.69898634
1/11/2021 22:20,11.38557611
1/11/2021 22:30,10.5866276
1/11/2021 22:40,11.18383889
1/11/2021 22:50,10.9632607
1/11/2021 23:00,10.94764962
1/11/2021 23:10,11.56212406
1/11/2021 23:20,10.49409351
1/11/2021 23:30,11.06143785
1/11/2021 23:40,11.27286472
1/11/2021 23:50,10.85136585
1/12/2021 0:00,10.58820536
1/12/2021 0:10,11.0854948
1/12/2021 0:20,11.46446681
1/12/2021 0:30,11.3221151
1/12/2021 0:40,11.24125266
1/12/2021 0:50,11.00872035
1/12/2021 1:00,10.83586628
1/12/2021 1:10,11.67589454
1/12/2021 1:20,11.11337571
1/12/2021 1:30,10.69466124
1/12/2021 1:40,10.52659645
1/12/2021 1:50,10.19724202
1/12/2021 2:00,10.02390535
1/12/2021 2:10,10.61896348
1/12/2021 2:20,10.25981638
1/12/2021 2:30,10.51118956
1/12/2021 2:40,10.91473837
1/12/2021 2:50,10.74949493
1/12/2021 3:00,10.64446836
1/12/2021 3:10,10.75448227
1/12/2021 3:20,10.63507573
1/12/2021 3:30,9.762007093
1/12/2021 3:40,8.678755188
1/12/2021 3:50,8.82386297
1/12/2021 4:00,8.963815614
1/12/2021 4:10,8.027211523
1/12/2021 4:20,8.220762682
1/12/2021 4:30,8.851999021
1/12/2021 4:40,7.478986645
1/12/2021 4:50,7.368183136
1/12/2021 5:00,8.331342446
1/12/2021 5:10,8.998550105
1/12/2021 5:20,7.970094681
1/12/2021 5:30,8.336611199
1/12/2021 5:40,7.490959406
1/12/2021 5:50,6.1961694
1/12/2021 6:00,6.495292711
1/12/2021 6:10,6.29982121
1/12/2021 6:20,6.542174387
1/12/2021 6:30,5.563373852
1/12/2021 6:40,6.560087156
1/12/2021 6:50,6.826205373
1/12/2021 7:00,5.262197161
1/12/2021 7:10,6.718815136
1/12/2021 7:20,7.397590184
1/12/2021 7:30,6.097992373
1/12/2021 7:40,5.357886887
1/12/2021 7:50,4.774411798
1/12/2021 8:00,3.938690889
1/12/2021 8:10,4.005942833
1/12/2021 8:20,3.249149728
1/12/2021 8:30,4.015335453
1/12/2021 8:40,6.085629725
1/12/2021 8:50,6.162794018
1/12/2021 9:00,6.07892965
1/12/2021 9:10,5.245323873
1/12/2021 9:20,4.736302984
1/12/2021 9:30,4.214473987
1/12/2021 9:40,3.353396624
1/12/2021 9:50,3.395069551
1/12/2021 10:00,4.033304048
1/12/2021 10:10,4.158081055
1/12/2021 10:20,4.035011792
1/12/2021 10:30,5.280110049
1/12/2021 10:40,5.167157197
1/12/2021 10:50,4.179390824
1/12/2021 11:00,3.767470467
1/12/2021 11:10,4.044070256
1/12/2021 11:20,5.208031738
1/12/2021 11:30,4.631328169
1/12/2021 11:40,5.116982782
1/12/2021 11:50,3.916044712
1/12/2021 12:00,3.77014339
1/12/2021 12:10,3.832364869
1/12/2021 12:20,3.835260665
1/12/2021 12:30,3.399227464
1/12/2021 12:40,4.033935094
1/12/2021 12:50,4.236303496
1/12/2021 13:00,3.78072412
1/12/2021 13:10,3.504866767
1/12/2021 13:20,4.148985481
1/12/2021 13:30,4.402679205
1/12/2021 13:40,3.937020254
1/12/2021 13:50,5.307378316
1/12/2021 14:00,5.383781624
1/12/2021 14:10,4.925287831
1/12/2021 14:20,4.507780099
1/12/2021 14:30,4.254086363
1/12/2021 14:40,5.10018363
1/12/2021 14:50,4.938801265
1/12/2021 15:00,3.458256292
1/12/2021 15:10,2.866776862
1/12/2021 15:20,2.363996851
1/12/2021 15:30,2.03828072
1/12/2021 15:40,2.162696761
1/12/2021 15:50,2.896012563
1/12/2021 16:00,2.182817996
1/12/2021 16:10,2.204210854
1/12/2021 16:20,3.528404009
1/12/2021 16:30,3.265317702
1/12/2021 16:40,3.14035483
1/12/2021 16:50,3.262588984
1/12/2021 17:00,4.840754247
1/12/2021 17:10,3.101614922
1/12/2021 17:20,2.603545862
1/12/2021 17:30,2.475891584
1/12/2021 17:40,2.834760463
1/12/2021 17:50,4.244229567
1/12/2021 18:00,3.012069368
1/12/2021 18:10,2.725390065
1/12/2021 18:20,2.21000241
1/12/2021 18:30,2.332589191
1/12/2021 18:40,2.562723097
1/12/2021 18:50,2.949142581
1/12/2021 19:00,5.05745281
1/12/2021 19:10,3.683790612
1/12/2021 19:20,2.075814062
1/12/2021 19:30,3.105457413
1/12/2021 19:40,3.985227102
1/12/2021 19:50,1.724147463
1/12/2021 20:00,1.986157209
1/12/2021 20:10,3.910921395
1/12/2021 20:20,2.440938467
1/12/2021 20:30,1.935443863
1/12/2021 20:40,2.658806264
1/12/2021 20:50,3.092133927
1/12/2021 21:00,3.448993599
1/12/2021 21:10,3.377694976
1/12/2021 21:20,3.119602048
1/12/2021 21:30,3.320355475
1/12/2021 21:40,3.579524994
1/12/2021 21:50,2.944260633
1/12/2021 22:00,3.01245929
1/12/2021 22:10,3.238587666
1/12/2021 22:20,3.931952703
1/12/2021 22:30,4.180838704
1/12/2021 22:40,4.274449408
1/12/2021 22:50,4.795498765
1/12/2021 23:00,5.157597506
1/12/2021 23:10,4.949214911
1/12/2021 23:20,5.223457193
1/12/2021 23:30,5.667472196
1/12/2021 23:40,5.683584452
1/12/2021 23:50,5.768971992
1/13/2021 0:00,5.363715482
1/13/2021 0:10,5.6506917
1/13/2021 0:20,5.495880556
1/13/2021 0:30,5.847212934
1/13/2021 0:40,6.069127631
1/13/2021 0:50,5.388886189
1/13/2021 1:00,5.184698749
1/13/2021 1:10,5.401044655
1/13/2021 1:20,5.518192554
1/13/2021 1:30,5.218538141
1/13/2021 1:40,6.426047421
1/13/2021 1:50,6.280944276
1/13/2021 2:00,5.425278068
1/13/2021 2:10,5.040653777
1/13/2021 2:20,6.007017541
1/13/2021 2:30,6.481177974
1/13/2021 2:40,6.018062139
1/13/2021 2:50,5.609854198
1/13/2021 3:00,5.871678329
1/13/2021 3:10,6.926696587
1/13/2021 3:20,5.846266222
1/13/2021 3:30,5.599548139
1/13/2021 3:40,5.505031824
1/13/2021 3:50,6.338710737
1/13/2021 4:00,6.64692266
1/13/2021 4:10,6.275338316
1/13/2021 4:20,5.859352875
1/13/2021 4:30,4.984650683
1/13/2021 4:40,4.623016119
1/13/2021 4:50,4.194203758
1/13/2021 5:00,4.029888499
1/13/2021 5:10,3.717834222
1/13/2021 5:20,3.690176141
1/13/2021 5:30,3.66010493
1/13/2021 5:40,4.481848228
1/13/2021 5:50,5.004549599
1/13/2021 6:00,5.057749772
1/13/2021 6:10,5.309884286
1/13/2021 6:20,5.943441033
1/13/2021 6:30,5.841885591
1/13/2021 6:40,5.538035917
1/13/2021 6:50,4.829598069
1/13/2021 7:00,5.651248622
1/13/2021 7:10,5.395680046
1/13/2021 7:20,5.010990858
1/13/2021 7:30,4.587617457
1/13/2021 7:40,4.104286909
1/13/2021 7:50,2.461839837
1/13/2021 8:00,2.594895887
1/13/2021 8:10,3.176273352
1/13/2021 8:20,2.075486754
1/13/2021 8:30,2.116376555
1/13/2021 8:40,2.241562414
1/13/2021 8:50,2.462662363
1/13/2021 9:00,2.31352495
1/13/2021 9:10,1.953806514
1/13/2021 9:20,1.12891871
1/13/2021 9:30,1.178933927
1/13/2021 9:40,1.069237673
1/13/2021 9:50,1.276968756
1/13/2021 10:00,0.560531238
1/13/2021 10:10,0.920287459
1/13/2021 10:20,0.67781235
1/13/2021 10:30,0.872100037
1/13/2021 10:40,0.847518769
1/13/2021 10:50,0.569662396
1/13/2021 11:00,0.548474974
1/13/2021 11:10,0.689568757
1/13/2021 11:20,0.665831096
1/13/2021 11:30,0.795937198
1/13/2021 11:40,0.632568574
1/13/2021 11:50,0.710512325
1/13/2021 12:00,0.978825009
1/13/2021 12:10,0.816356142
1/13/2021 12:20,1.075875095
1/13/2021 12:30,1.113056403
1/13/2021 12:40,1.229793814
1/13/2021 12:50,1.058250019
1/13/2021 13:00,0.73533743
1/13/2021 13:10,0.716474861
1/13/2021 13:20,0.71317497
1/13/2021 13:30,0.754724972
1/13/2021 13:40,0.577387452
1/13/2021 13:50,0.608774814
1/13/2021 14:00,0.693993556
1/13/2021 14:10,0.574837465
1/13/2021 14:20,0.229893892
1/13/2021 14:30,0.350137685
1/13/2021 14:40,0.465581305
1/13/2021 14:50,0.324843956
1/13/2021 15:00,0.319106362
1/13/2021 15:10,0.54131254
1/13/2021 15:20,1.364230206
1/13/2021 15:30,1.502737367
1/13/2021 15:40,1.466043651
1/13/2021 15:50,1.605600089
1/13/2021 16:00,0.743306358
1/13/2021 16:10,0.669074874
1/13/2021 16:20,2.154206455
1/13/2021 16:30,2.558418584
1/13/2021 16:40,1.973643714
1/13/2021 16:50,2.382618767
1/13/2021 17:00,2.557181269
1/13/2021 17:10,2.333156282
1/13/2021 17:20,2.408868802
1/13/2021 17:30,2.064618731
1/13/2021 17:40,2.373693794
1/13/2021 17:50,2.451956153
1/13/2021 18:00,2.330306113
1/13/2021 18:10,2.043056363
1/13/2021 18:20,2.420493889
1/13/2021 18:30,2.575537503
1/13/2021 18:40,1.780331177
1/13/2021 18:50,1.805550086
1/13/2021 19:00,1.932543671
1/13/2021 19:10,2.179593748
1/13/2021 19:20,2.253468794
1/13/2021 19:30,2.358918673
1/13/2021 19:40,2.377368641
1/13/2021 19:50,2.508431268
1/13/2021 20:00,2.740223533
1/13/2021 20:10,2.327154357
1/13/2021 20:20,2.438362563
1/13/2021 20:30,1.946306247
1/13/2021 20:40,2.913512266
1/13/2021 20:50,1.980955517
1/13/2021 21:00,2.373993826
1/13/2021 21:10,2.495793802
1/13/2021 21:20,3.001919103
1/13/2021 21:30,3.551570046
1/13/2021 21:40,3.289374697
1/13/2021 21:50,2.904388475
1/13/2021 22:00,3.121924321
1/13/2021 22:10,3.787671119
1/13/2021 22:20,3.332402462
1/13/2021 22:30,2.489048594
1/13/2021 22:40,3.091237581
1/13/2021 22:50,3.366499829
1/13/2021 23:00,3.673395693
1/13/2021 23:10,3.633950353
1/13/2021 23:20,3.336759793
1/13/2021 23:30,3.419163644
1/13/2021 23:40,3.685591233
1/13/2021 23:50,3.888015211
1/14/2021 0:00,3.405297434
1/14/2021 0:10,3.735394442
1/14/2021 0:20,3.479120493
1/14/2021 0:30,3.54538871
1/14/2021 0:40,3.436612484
1/14/2021 0:50,2.983037806
1/14/2021 1:00,2.780706471
1/14/2021 1:10,3.216869557
1/14/2021 1:20,3.470878857
1/14/2021 1:30,3.279470117
1/14/2021 1:40,3.372650371
1/14/2021 1:50,3.172560799
1/14/2021 2:00,3.481589377
1/14/2021 2:10,3.466247885
1/14/2021 2:20,3.751822162
1/14/2021 2:30,2.975037342
1/14/2021 2:40,3.772482324
1/14/2021 2:50,3.13744055
1/14/2021 3:00,3.542364995
1/14/2021 3:10,3.718242633
1/14/2021 3:20,3.292474651
1/14/2021 3:30,3.575701237
1/14/2021 3:40,3.145700854
1/14/2021 3:50,3.63092463
1/14/2021 4:00,4.113178384
1/14/2021 4:10,4.528681457
1/14/2021 4:20,4.665190089
1/14/2021 4:30,4.832104123
1/14/2021 4:40,5.081175745
1/14/2021 4:50,5.050083458
1/14/2021 5:00,4.791860604
1/14/2021 5:10,5.240943122
1/14/2021 5:20,5.25170933
1/14/2021 5:30,4.85504725
1/14/2021 5:40,5.42565856
1/14/2021 5:50,5.33553766
1/14/2021 6:00,4.742533763
1/14/2021 6:10,5.629937733
1/14/2021 6:20,5.833513772
1/14/2021 6:30,5.662701738
1/14/2021 6:40,5.648946977
1/14/2021 6:50,5.336781263
1/14/2021 7:00,5.502061725
1/14/2021 7:10,6.075412549
1/14/2021 7:20,6.313354492
1/14/2021 7:30,6.095579243
1/14/2021 7:40,5.225536203
1/14/2021 7:50,6.144347768
1/14/2021 8:00,6.075735831
1/14/2021 8:10,5.223512971
1/14/2021 8:20,5.083663058
1/14/2021 8:30,5.376300776
1/14/2021 8:40,5.493151867
1/14/2021 8:50,5.117428291
1/14/2021 9:00,4.82410357
1/14/2021 9:10,4.394771528
1/14/2021 9:20,3.840086973
1/14/2021 9:30,4.53394349
1/14/2021 9:40,4.385564566
1/14/2021 9:50,4.131035596
1/14/2021 10:00,4.360950696
1/14/2021 10:10,5.060515583
1/14/2021 10:20,5.152993965
1/14/2021 10:30,5.596099424
1/14/2021 10:40,5.968982959
1/14/2021 10:50,5.161217177
1/14/2021 11:00,4.726836205
1/14/2021 11:10,4.608481514
1/14/2021 11:20,4.447340548
1/14/2021 11:30,5.356613699
1/14/2021 11:40,5.375267528
1/14/2021 11:50,6.170218054
1/14/2021 12:00,6.080877709
1/14/2021 12:10,6.334831214
1/14/2021 12:20,6.187129426
1/14/2021 12:30,5.268916786
1/14/2021 12:40,5.731438637
1/14/2021 12:50,5.746808445
1/14/2021 13:00,4.803926134
1/14/2021 13:10,5.476092839
1/14/2021 13:20,5.937259674
1/14/2021 13:30,6.573377919
1/14/2021 13:40,6.436312437
1/14/2021 13:50,6.867321396
1/14/2021 14:00,6.303590572
1/14/2021 14:10,5.595394003
1/14/2021 14:20,4.993412173
1/14/2021 14:30,4.944128776
1/14/2021 14:40,4.441790271
1/14/2021 14:50,5.709145021
1/14/2021 15:00,5.373832071
1/14/2021 15:10,4.722418189
1/14/2021 15:20,5.547855425
1/14/2021 15:30,5.500613868
1/14/2021 15:40,4.939469552
1/14/2021 15:50,4.641355824
1/14/2021 16:00,4.818869042
1/14/2021 16:10,4.75434562
1/14/2021 16:20,4.206195068
1/14/2021 16:30,4.304223621
1/14/2021 16:40,4.345116782
1/14/2021 16:50,4.34287082
1/14/2021 17:00,4.208181356
1/14/2021 17:10,4.569778787
1/14/2021 17:20,4.62145685
1/14/2021 17:30,3.950775099
1/14/2021 17:40,3.901751626
1/14/2021 17:50,4.255831194
1/14/2021 18:00,4.46111974
1/14/2021 18:10,4.891374111
1/14/2021 18:20,4.570975092
1/14/2021 18:30,4.72523967
1/14/2021 18:40,3.898206091
1/14/2021 18:50,4.350407112
1/14/2021 19:00,4.381016755
1/14/2021 19:10,4.930986476
1/14/2021 19:20,4.457995385
1/14/2021 19:30,4.149022651
1/14/2021 19:40,4.725109732
1/14/2021 19:50,4.75119009
1/14/2021 20:00,4.56714294
1/14/2021 20:10,3.56022011
1/14/2021 20:20,3.176644492
1/14/2021 20:30,3.54449771
1/14/2021 20:40,3.375430459
1/14/2021 20:50,3.856663185
1/14/2021 21:00,2.692812949
1/14/2021 21:10,3.004198885
1/14/2021 21:20,3.030483532
1/14/2021 21:30,3.049825513
1/14/2021 21:40,3.711690128
1/14/2021 21:50,4.690954804
1/14/2021 22:00,4.841478121
1/14/2021 22:10,4.875558889
1/14/2021 22:20,4.340958798
1/14/2021 22:30,4.683919668
1/14/2021 22:40,3.973328578
1/14/2021 22:50,3.500151825
1/14/2021 23:00,2.881018174
1/14/2021 23:10,2.924138933
1/14/2021 23:20,2.944483495
1/14/2021 23:30,4.107572627
1/14/2021 23:40,3.899654007
1/14/2021 23:50,4.576795375
1/15/2021 0:00,4.854742489
1/15/2021 0:10,4.530649006
1/15/2021 0:20,4.605455828
1/15/2021 0:30,5.034862268
1/15/2021 0:40,5.072711158
1/15/2021 0:50,3.802572095
1/15/2021 1:00,4.283916354
1/15/2021 1:10,4.000578296
1/15/2021 1:20,4.34838388
1/15/2021 1:30,3.974423718
1/15/2021 1:40,3.828077054
1/15/2021 1:50,4.466014385
1/15/2021 2:00,4.376060486
1/15/2021 2:10,4.373777401
1/15/2021 2:20,3.964622819
1/15/2021 2:30,4.556172466
1/15/2021 2:40,3.895180404
1/15/2021 2:50,2.730401957
1/15/2021 3:00,2.69338845
1/15/2021 3:10,2.735392833
1/15/2021 3:20,1.984385207
1/15/2021 3:30,2.911590695
1/15/2021 3:40,3.617318344
1/15/2021 3:50,3.72331022
1/15/2021 4:00,2.741924286
1/15/2021 4:10,3.302940023
1/15/2021 4:20,3.521313077
1/15/2021 4:30,4.486396039
1/15/2021 4:40,3.507725334
1/15/2021 4:50,3.607146072
1/15/2021 5:00,4.101595378
1/15/2021 5:10,4.790097046
1/15/2021 5:20,4.835538137
1/15/2021 5:30,4.607015109
1/15/2021 5:40,4.154389105
1/15/2021 5:50,3.398837686
1/15/2021 6:00,3.54737488
1/15/2021 6:10,3.639055127
1/15/2021 6:20,3.157265311
1/15/2021 6:30,3.436259723
1/15/2021 6:40,3.317311227
1/15/2021 6:50,2.792660713
1/15/2021 7:00,2.577651793
1/15/2021 7:10,2.462760824
1/15/2021 7:20,2.497823163
1/15/2021 7:30,2.5591362
1/15/2021 7:40,2.209798172
1/15/2021 7:50,2.269974551
1/15/2021 8:00,2.700466412
1/15/2021 8:10,1.769976348
1/15/2021 8:20,2.303381258
1/15/2021 8:30,1.914543761
1/15/2021 8:40,1.640868691
1/15/2021 8:50,1.67465623
1/15/2021 9:00,1.431281298
1/15/2021 9:10,1.65211885
1/15/2021 9:20,2.255793738
1/15/2021 9:30,2.640075111
1/15/2021 9:40,1.811999959
1/15/2021 9:50,1.854131219
1/15/2021 10:00,1.845037451
1/15/2021 10:10,1.605712542
1/15/2021 10:20,1.379418889
1/15/2021 10:30,1.239431235
1/15/2021 10:40,0.891918778
1/15/2021 10:50,1.47163122
1/15/2021 11:00,1.330425164
1/15/2021 11:10,1.573406261
1/15/2021 11:20,1.83961879
1/15/2021 11:30,1.571249926
1/15/2021 11:40,2.034618729
1/15/2021 11:50,1.549106216
1/15/2021 12:00,1.574268809
1/15/2021 12:10,1.643210464
1/15/2021 12:20,1.107900107
1/15/2021 12:30,0.824587457
1/15/2021 12:40,0.547181296
1/15/2021 12:50,1.053468688
1/15/2021 13:00,0.93078756
1/15/2021 13:10,1.446999894
1/15/2021 13:20,1.57807881
1/15/2021 13:30,1.759799927
1/15/2021 13:40,2.317973727
1/15/2021 13:50,2.183718914
1/15/2021 14:00,2.225999957
1/15/2021 14:10,2.286693722
1/15/2021 14:20,2.027324873
1/15/2021 14:30,2.011237592
1/15/2021 14:40,2.445355315
1/15/2021 14:50,2.229552746
1/15/2021 15:00,2.403506321
1/15/2021 15:10,2.200012514
1/15/2021 15:20,2.394618803
1/15/2021 15:30,2.540782088
1/15/2021 15:40,2.228118801
1/15/2021 15:50,2.270325089
1/15/2021 16:00,2.707143712
1/15/2021 16:10,2.520883435
1/15/2021 16:20,2.751184134
1/15/2021 16:30,2.672237555
1/15/2021 16:40,2.451675874
1/15/2021 16:50,2.749898505
1/15/2021 17:00,3.02608422
1/15/2021 17:10,2.874475416
1/15/2021 17:20,3.282127493
1/15/2021 17:30,3.422746217
1/15/2021 17:40,3.579840565
1/15/2021 17:50,3.734002221
1/15/2021 18:00,3.777754092
1/15/2021 18:10,3.724015617
1/15/2021 18:20,3.906819069
1/15/2021 18:30,3.876655114
1/15/2021 18:40,4.308827221
1/15/2021 18:50,4.455378163
1/15/2021 19:00,4.343427742
1/15/2021 19:10,4.244526696
1/15/2021 19:20,4.428833795
1/15/2021 19:30,4.675362313
1/15/2021 19:40,4.852448583
1/15/2021 19:50,5.079115319
1/15/2021 20:00,5.503862381
1/15/2021 20:10,5.75020535
1/15/2021 20:20,5.932340503
1/15/2021 20:30,6.157615018
1/15/2021 20:40,5.964843583
1/15/2021 20:50,6.788443089
1/15/2021 21:00,6.903493452
1/15/2021 21:10,7.113472414
1/15/2021 21:20,7.472712517
1/15/2021 21:30,7.369096613
1/15/2021 21:40,6.715826607
1/15/2021 21:50,7.301881814
1/15/2021 22:00,7.447578979
1/15/2021 22:10,7.143859124
1/15/2021 22:20,7.589155054
1/15/2021 22:30,7.46177726
1/15/2021 22:40,7.759948659
1/15/2021 22:50,7.413869429
1/15/2021 23:00,7.04234097
1/15/2021 23:10,7.208698106
1/15/2021 23:20,6.703204083
1/15/2021 23:30,6.628285813
1/15/2021 23:40,6.583307715
1/15/2021 23:50,5.708461159
1/16/2021 0:00,6.485633039
1/16/2021 0:10,7.853152827
1/16/2021 0:20,8.233218145
1/16/2021 0:30,7.831172919
1/16/2021 0:40,8.055742097
1/16/2021 0:50,7.897886634
1/16/2021 1:00,8.023628926
1/16/2021 1:10,7.140202475
1/16/2021 1:20,7.339842176
1/16/2021 1:30,7.835163856
1/16/2021 1:40,9.271622992
1/16/2021 1:50,9.354859101
1/16/2021 2:00,8.37355063
1/16/2021 2:10,9.044028234
1/16/2021 2:20,9.46576817
1/16/2021 2:30,8.67565527
1/16/2021 2:40,9.22883637
1/16/2021 2:50,9.144748116
1/16/2021 3:00,9.365400743
1/16/2021 3:10,9.684731364
1/16/2021 3:20,10.23691001
1/16/2021 3:30,11.04911227
1/16/2021 3:40,10.47850118
1/16/2021 3:50,10.52017379
1/16/2021 4:00,10.95613265
1/16/2021 4:10,10.66601934
1/16/2021 4:20,10.51163514
1/16/2021 4:30,9.984515786
1/16/2021 4:40,9.588911796
1/16/2021 4:50,9.307355785
1/16/2021 5:00,9.863191247
1/16/2021 5:10,9.929065604
1/16/2021 5:20,10.71526573
1/16/2021 5:30,10.05064876
1/16/2021 5:40,10.18170514
1/16/2021 5:50,10.68164803
1/16/2021 6:00,11.51107726
1/16/2021 6:10,11.13947449
1/16/2021 6:20,11.94235849
1/16/2021 6:30,11.79135237
1/16/2021 6:40,11.0792949
1/16/2021 6:50,11.09817305
1/16/2021 7:00,11.55694516
1/16/2021 7:10,10.19112906
1/16/2021 7:20,9.734181881
1/16/2021 7:30,9.324154925
1/16/2021 7:40,9.935492253
1/16/2021 7:50,9.412530804
1/16/2021 8:00,8.981361198
1/16/2021 8:10,9.750646758
1/16/2021 8:20,8.684212661
1/16/2021 8:30,9.406349707
1/16/2021 8:40,9.358866739
1/16/2021 8:50,9.195405293
1/16/2021 9:00,10.5149763
1/16/2021 9:10,10.50955608
1/16/2021 9:20,9.892018795
1/16/2021 9:30,9.841250396
1/16/2021 9:40,9.422480488
1/16/2021 9:50,9.516425228
1/16/2021 10:00,8.934472179
1/16/2021 10:10,8.663849568
1/16/2021 10:20,8.097841907
1/16/2021 10:30,7.05144837
1/16/2021 10:40,7.841623569
1/16/2021 10:50,7.002988458
1/16/2021 11:00,6.044569445
1/16/2021 11:10,5.414205456
1/16/2021 11:20,5.644231951
1/16/2021 11:30,5.442698884
1/16/2021 11:40,5.043400979
1/16/2021 11:50,5.221415389
1/16/2021 12:00,5.605826092
1/16/2021 12:10,5.573156238
1/16/2021 12:20,5.902770519
1/16/2021 12:30,5.934957862
1/16/2021 12:40,4.164930689
1/16/2021 12:50,4.735820401
1/16/2021 13:00,4.881832945
1/16/2021 13:10,5.218519592
1/16/2021 13:20,4.931264937
1/16/2021 13:30,4.356569839
1/16/2021 13:40,4.517080809
1/16/2021 13:50,5.198045194
1/16/2021 14:00,5.27053175
1/16/2021 14:10,4.915579629
1/16/2021 14:20,5.305800533
1/16/2021 14:30,5.933751371
1/16/2021 14:40,5.789167953
1/16/2021 14:50,5.615701509
1/16/2021 15:00,5.781085147
1/16/2021 15:10,6.687161949
1/16/2021 15:20,6.289561678
1/16/2021 15:30,6.613533258
1/16/2021 15:40,6.678151243
1/16/2021 15:50,6.302811003
1/16/2021 16:00,6.709775257
1/16/2021 16:10,6.637826848
1/16/2021 16:20,6.303124454
1/16/2021 16:30,6.643503089
1/16/2021 16:40,7.437942211
1/16/2021 16:50,7.658743964
1/16/2021 17:00,6.822222203
1/16/2021 17:10,7.279553228
1/16/2021 17:20,6.626241768
1/16/2021 17:30,6.139560574
1/16/2021 17:40,6.746679643
1/16/2021 17:50,6.046363804
1/16/2021 18:00,6.78409937
1/16/2021 18:10,7.647523827
1/16/2021 18:20,8.15338951
1/16/2021 18:30,7.587723051
1/16/2021 18:40,8.379032172
1/16/2021 18:50,7.639579549
1/16/2021 19:00,7.838008553
1/16/2021 19:10,8.127956139
1/16/2021 19:20,7.151177808
1/16/2021 19:30,6.959300167
1/16/2021 19:40,7.12162749
1/16/2021 19:50,7.171787527
1/16/2021 20:00,7.007950878
1/16/2021 20:10,6.183072226
1/16/2021 20:20,6.964887339
1/16/2021 20:30,8.765625636
1/16/2021 20:40,8.515966342
1/16/2021 20:50,8.068210235
1/16/2021 21:00,9.07283887
1/16/2021 21:10,9.374341607
1/16/2021 21:20,8.134264396
1/16/2021 21:30,7.710770329
1/16/2021 21:40,8.201678552
1/16/2021 21:50,8.602218126
1/16/2021 22:00,7.993735075
1/16/2021 22:10,8.301509547
1/16/2021 22:20,8.519900743
1/16/2021 22:30,9.697910786
1/16/2021 22:40,8.949708136
1/16/2021 22:50,8.625796461
1/16/2021 23:00,8.204140462
1/16/2021 23:10,7.655701613
1/16/2021 23:20,7.518431997
1/16/2021 23:30,7.829842316
1/16/2021 23:40,8.148706938
1/16/2021 23:50,7.922752481
1/17/2021 0:00,8.276617241
1/17/2021 0:10,7.741293406
1/17/2021 0:20,6.990370035
1/17/2021 0:30,7.531941281
1/17/2021 0:40,7.301924906
1/17/2021 0:50,6.312385082
1/17/2021 1:00,6.323086534
1/17/2021 1:10,6.240051997
1/17/2021 1:20,6.280925822
1/17/2021 1:30,6.565600276
1/17/2021 1:40,6.956656384
1/17/2021 1:50,6.405535865
1/17/2021 2:00,6.988528204
1/17/2021 2:10,6.906482053
1/17/2021 2:20,7.064754637
1/17/2021 2:30,6.867278075
1/17/2021 2:40,7.137547994
1/17/2021 2:50,7.92370708
1/17/2021 3:00,8.178941417
1/17/2021 3:10,7.942325234
1/17/2021 3:20,8.322842774
1/17/2021 3:30,8.281016588
1/17/2021 3:40,8.33963697
1/17/2021 3:50,8.034135294
1/17/2021 4:00,8.224401045
1/17/2021 4:10,8.298985147
1/17/2021 4:20,8.620914459
1/17/2021 4:30,7.503340602
1/17/2021 4:40,6.460781972
1/17/2021 4:50,7.18545785
1/17/2021 5:00,8.474697804
1/17/2021 5:10,8.685994744
1/17/2021 5:20,7.741571808
1/17/2021 5:30,8.075455379
1/17/2021 5:40,7.413739467
1/17/2021 5:50,8.967921925
1/17/2021 6:00,10.05054274
1/17/2021 6:10,9.684545803
1/17/2021 6:20,8.828164792
1/17/2021 6:30,8.878617716
1/17/2021 6:40,8.458643357
1/17/2021 6:50,6.837039733
1/17/2021 7:00,6.374239445
1/17/2021 7:10,7.03911109
1/17/2021 7:20,7.293324471
1/17/2021 7:30,8.37306807
1/17/2021 7:40,9.074080873
1/17/2021 7:50,8.851163793
1/17/2021 8:00,8.758778238
1/17/2021 8:10,7.991924286
1/17/2021 8:20,8.240327597
1/17/2021 8:30,8.434528375
1/17/2021 8:40,7.474884367
1/17/2021 8:50,7.835582495
1/17/2021 9:00,8.14129653
1/17/2021 9:10,8.02522552
1/17/2021 9:20,7.76538744
1/17/2021 9:30,7.211371088
1/17/2021 9:40,7.223246919
1/17/2021 9:50,6.950567913
1/17/2021 10:00,6.701106524
1/17/2021 10:10,7.493298244
1/17/2021 10:20,6.215734243
1/17/2021 10:30,6.923615289
1/17/2021 10:40,7.31416191
1/17/2021 10:50,7.238100982
1/17/2021 11:00,8.614714575
1/17/2021 11:10,8.33286171
1/17/2021 11:20,8.434194326
1/17/2021 11:30,8.265405488
1/17/2021 11:40,9.634764447
1/17/2021 11:50,8.560696778
1/17/2021 12:00,7.817863512
1/17/2021 12:10,6.561368036
1/17/2021 12:20,8.123736596
1/17/2021 12:30,9.332767892
1/17/2021 12:40,7.275467348
1/17/2021 12:50,7.561311269
1/17/2021 13:00,8.130378949
1/17/2021 13:10,7.412143064
1/17/2021 13:20,6.438874054
1/17/2021 13:30,6.823786092
1/17/2021 13:40,7.49842155
1/17/2021 13:50,8.334030986
1/17/2021 14:00,6.953731436
1/17/2021 14:10,6.826731404
1/17/2021 14:20,6.865681529
1/17/2021 14:30,7.095640063
1/17/2021 14:40,7.939800807
1/17/2021 14:50,7.245222807
1/17/2021 15:00,6.7254154
1/17/2021 15:10,6.45695679
1/17/2021 15:20,6.873734362
1/17/2021 15:30,7.677206797
1/17/2021 15:40,6.617965094
1/17/2021 15:50,7.216966096
1/17/2021 16:00,6.388794647
1/17/2021 16:10,6.302193761
1/17/2021 16:20,7.297496928
1/17/2021 16:30,8.10890509
1/17/2021 16:40,8.225193725
1/17/2021 16:50,7.90112114
1/17/2021 17:00,8.114647134
1/17/2021 17:10,7.065715849
1/17/2021 17:20,6.654644521
1/17/2021 17:30,7.121380053
1/17/2021 17:40,7.496528172
1/17/2021 17:50,7.439225769
1/17/2021 18:00,7.080059981
1/17/2021 18:10,7.188520646
1/17/2021 18:20,7.440551837
1/17/2021 18:30,7.720701263
1/17/2021 18:40,8.395157385
1/17/2021 18:50,7.784061281
1/17/2021 19:00,7.145344305
1/17/2021 19:10,6.687630105
1/17/2021 19:20,6.011156869
1/17/2021 19:30,6.664705443
1/17/2021 19:40,6.036661744
1/17/2021 19:50,6.056115365
1/17/2021 20:00,6.198007059
1/17/2021 20:10,7.028660393
1/17/2021 20:20,7.338128169
1/17/2021 20:30,7.749182463
1/17/2021 20:40,8.467838372
1/17/2021 20:50,8.095478296
1/17/2021 21:00,8.331353456
1/17/2021 21:10,8.001036432
1/17/2021 21:20,7.599653085
1/17/2021 21:30,7.840256892
1/17/2021 21:40,7.32605021
1/17/2021 21:50,6.529158065
1/17/2021 22:00,6.45629539
1/17/2021 22:10,6.295414336
1/17/2021 22:20,6.130291057
1/17/2021 22:30,6.826542069
1/17/2021 22:40,7.4660393
1/17/2021 22:50,7.723658919
1/17/2021 23:00,7.964006233
1/17/2021 23:10,7.705114985
1/17/2021 23:20,8.124106834
1/17/2021 23:30,8.340546489
1/17/2021 23:40,9.211146355
1/17/2021 23:50,8.752132869
1/18/2021 0:00,8.941136217
1/18/2021 0:10,8.949489355
1/18/2021 0:20,9.442305017
1/18/2021 0:30,8.096152687
1/18/2021 0:40,7.886712098
1/18/2021 0:50,7.425229645
1/18/2021 1:00,7.489251709
1/18/2021 1:10,8.125815487
1/18/2021 1:20,8.045662689
1/18/2021 1:30,7.909197426
1/18/2021 1:40,7.633073831
1/18/2021 1:50,7.227167821
1/18/2021 2:00,7.463078547
1/18/2021 2:10,7.363008118
1/18/2021 2:20,7.633685514
1/18/2021 2:30,7.971134233
1/18/2021 2:40,8.550414133
1/18/2021 2:50,9.286733007
1/18/2021 3:00,10.45743251
1/18/2021 3:10,9.915147614
1/18/2021 3:20,9.703034019
1/18/2021 3:30,9.250461721
1/18/2021 3:40,9.499793196
1/18/2021 3:50,10.16826587
1/18/2021 4:00,10.56546626
1/18/2021 4:10,10.40584729
1/18/2021 4:20,9.90720315
1/18/2021 4:30,10.51328716
1/18/2021 4:40,10.58126302
1/18/2021 4:50,10.67310931
1/18/2021 5:00,9.551992868
1/18/2021 5:10,10.3793402
1/18/2021 5:20,10.42444701
1/18/2021 5:30,9.964002258
1/18/2021 5:40,9.237486601
1/18/2021 5:50,8.7819628
1/18/2021 6:00,8.537624645
1/18/2021 6:10,7.469946647
1/18/2021 6:20,7.415874147
1/18/2021 6:30,7.614084482
1/18/2021 6:40,6.374424958
1/18/2021 6:50,6.742241001
1/18/2021 7:00,7.857977223
1/18/2021 7:10,8.201030803
1/18/2021 7:20,7.706210256
1/18/2021 7:30,8.362060475
1/18/2021 7:40,7.354413772
1/18/2021 7:50,6.770363212
1/18/2021 8:00,6.430223894
1/18/2021 8:10,6.553850198
1/18/2021 8:20,5.869469404
1/18/2021 8:30,5.77801199
1/18/2021 8:40,6.189134192
1/18/2021 8:50,5.684865355
1/18/2021 9:00,5.891174793
1/18/2021 9:10,6.150060058
1/18/2021 9:20,6.067568302
1/18/2021 9:30,7.465685167
1/18/2021 9:40,7.836630392
1/18/2021 9:50,8.321018839
1/18/2021 10:00,8.646883464
1/18/2021 10:10,8.512453829
1/18/2021 10:20,8.486800504
1/18/2021 10:30,8.642743035
1/18/2021 10:40,7.141215506
1/18/2021 10:50,7.278223464
1/18/2021 11:00,8.719165802
1/18/2021 11:10,8.976184117
1/18/2021 11:20,8.814628214
1/18/2021 11:30,7.462207217
1/18/2021 11:40,7.802066946
1/18/2021 11:50,6.975181866
1/18/2021 12:00,7.762101817
1/18/2021 12:10,7.129391218
1/18/2021 12:20,7.880710072
1/18/2021 12:30,6.677754903
1/18/2021 12:40,7.101977298
1/18/2021 12:50,6.783047623
1/18/2021 13:00,6.757555056
1/18/2021 13:10,8.28628819
1/18/2021 13:20,7.474271822
1/18/2021 13:30,6.607106018
1/18/2021 13:40,6.229136372
1/18/2021 13:50,6.063540268
1/18/2021 14:00,6.860706878
1/18/2021 14:10,7.645139623
1/18/2021 14:20,6.833939719
1/18/2021 14:30,6.842473582
1/18/2021 14:40,6.864159513
1/18/2021 14:50,7.513104558
1/18/2021 15:00,6.665819168
1/18/2021 15:10,7.206284928
1/18/2021 15:20,7.322950315
1/18/2021 15:30,7.54189496
1/18/2021 15:40,8.5331882
1/18/2021 15:50,8.146717048
1/18/2021 16:00,7.128563738
1/18/2021 16:10,6.644658041
1/18/2021 16:20,6.95038228
1/18/2021 16:30,6.491183174
1/18/2021 16:40,6.882350779
1/18/2021 16:50,6.717181635
1/18/2021 17:00,6.873960543
1/18/2021 17:10,6.820556116
1/18/2021 17:20,6.889144659
1/18/2021 17:30,6.527584219
1/18/2021 17:40,6.290429759
1/18/2021 17:50,6.183528352
1/18/2021 18:00,6.926251125
1/18/2021 18:10,6.735539985
1/18/2021 18:20,6.826718998
1/18/2021 18:30,5.800639749
1/18/2021 18:40,5.962207627
1/18/2021 18:50,6.130792201
1/18/2021 19:00,6.25822382
1/18/2021 19:10,6.303033638
1/18/2021 19:20,6.717608523
1/18/2021 19:30,7.929424357
1/18/2021 19:40,7.258427024
1/18/2021 19:50,7.420032072
1/18/2021 20:00,7.839542548
1/18/2021 20:10,8.582156062
1/18/2021 20:20,8.704074574
1/18/2021 20:30,8.544492745
1/18/2021 20:40,8.036845446
1/18/2021 20:50,8.787791324
1/18/2021 21:00,6.952665544
1/18/2021 21:10,7.601703334
1/18/2021 21:20,7.978169465
1/18/2021 21:30,7.00013768
1/18/2021 21:40,7.364975882
1/18/2021 21:50,8.509038258
1/18/2021 22:00,7.775058603
1/18/2021 22:10,7.951216626
1/18/2021 22:20,8.87986145
1/18/2021 22:30,9.273237801
1/18/2021 22:40,8.848379374
1/18/2021 22:50,9.625294209
1/18/2021 23:00,9.430828596
1/18/2021 23:10,8.809342504
1/18/2021 23:20,8.710682797
1/18/2021 23:30,8.219556165
1/18/2021 23:40,8.059640121
1/18/2021 23:50,8.507683229
1/19/2021 0:00,7.22896831
1/19/2021 0:10,8.049170971
1/19/2021 0:20,8.01804658
1/19/2021 0:30,9.470815076
1/19/2021 0:40,8.897978497
1/19/2021 0:50,9.166782022
1/19/2021 1:00,8.779698157
1/19/2021 1:10,8.753933454
1/19/2021 1:20,7.756310296
1/19/2021 1:30,8.653268814
1/19/2021 1:40,9.072094584
1/19/2021 1:50,9.669584346
1/19/2021 2:00,9.392854667
1/19/2021 2:10,9.949080038
1/19/2021 2:20,10.24075255
1/19/2021 2:30,10.80956326
1/19/2021 2:40,12.42886286
1/19/2021 2:50,12.09616723
1/19/2021 3:00,11.33098373
1/19/2021 3:10,13.11339216
1/19/2021 3:20,12.65439725
1/19/2021 3:30,13.01011047
1/19/2021 3:40,12.57344618
1/19/2021 3:50,12.65690331
1/19/2021 4:00,12.88884163
1/19/2021 4:10,12.85696983
1/19/2021 4:20,13.86779079
1/19/2021 4:30,13.70856156
1/19/2021 4:40,13.92925143
1/19/2021 4:50,14.11147933
1/19/2021 5:00,14.44196606
1/19/2021 5:10,13.50105138
1/19/2021 5:20,13.55820553
1/19/2021 5:30,13.00362155
1/19/2021 5:40,12.70934229
1/19/2021 5:50,12.58183656
1/19/2021 6:00,12.88483224
1/19/2021 6:10,12.22053595
1/19/2021 6:20,12.58475089
1/19/2021 6:30,12.12458644
1/19/2021 6:40,12.32379913
1/19/2021 6:50,12.32813811
1/19/2021 7:00,12.39045711
1/19/2021 7:10,12.81754293
1/19/2021 7:20,13.32019715
1/19/2021 7:30,11.58157771
1/19/2021 7:40,13.01892757
1/19/2021 7:50,13.19203384
1/19/2021 8:00,12.4692949
1/19/2021 8:10,12.46643348
1/19/2021 8:20,12.11883206
1/19/2021 8:30,13.45763369
1/19/2021 8:40,12.46612955
1/19/2021 8:50,11.01285968
1/19/2021 9:00,10.633108
1/19/2021 9:10,10.47354484
1/19/2021 9:20,11.32834797
1/19/2021 9:30,11.7601675
1/19/2021 9:40,11.50344791
1/19/2021 9:50,10.85854959
1/19/2021 10:00,11.29630921
1/19/2021 10:10,11.66963811
1/19/2021 10:20,11.75647345
1/19/2021 10:30,12.19915195
1/19/2021 10:40,11.02783961
1/19/2021 10:50,11.1184247
1/19/2021 11:00,11.4941853
1/19/2021 11:10,13.56245623
1/19/2021 11:20,12.79872069
1/19/2021 11:30,12.3493782
1/19/2021 11:40,12.62790871
1/19/2021 11:50,14.17496309
1/19/2021 12:00,14.68197927
1/19/2021 12:10,16.05887122
1/19/2021 12:20,14.26280122
1/19/2021 12:30,13.96344385
1/19/2021 12:40,12.95943489
1/19/2021 12:50,11.71587725
1/19/2021 13:00,11.96196036
1/19/2021 13:10,12.45176911
1/19/2021 13:20,12.81128764
1/19/2021 13:30,10.13589303
1/19/2021 13:40,11.47974367
1/19/2021 13:50,11.25537877
1/19/2021 14:00,10.8227242
1/19/2021 14:10,12.22005334
1/19/2021 14:20,10.87694502
1/19/2021 14:30,10.6911715
1/19/2021 14:40,11.2670917
1/19/2021 14:50,11.37935772
1/19/2021 15:00,11.28680503
1/19/2021 15:10,11.93257604
1/19/2021 15:20,13.18269645
1/19/2021 15:30,12.16893417
1/19/2021 15:40,12.59779494
1/19/2021 15:50,11.12218495
1/19/2021 16:00,11.01195624
1/19/2021 16:10,11.73377047
1/19/2021 16:20,11.85188475
1/19/2021 16:30,10.8439224
1/19/2021 16:40,11.05360446
1/19/2021 16:50,11.61511998
1/19/2021 17:00,11.59438581
1/19/2021 17:10,11.10025201
1/19/2021 17:20,10.83356459
1/19/2021 17:30,11.50723486
1/19/2021 17:40,12.26991234
1/19/2021 17:50,12.08884194
1/19/2021 18:00,11.41575252
1/19/2021 18:10,11.38962269
1/19/2021 18:20,10.85834368
1/19/2021 18:30,11.54183536
1/19/2021 18:40,12.16228685
1/19/2021 18:50,12.46314774
1/19/2021 19:00,12.62183857
1/19/2021 19:10,11.92533658
1/19/2021 19:20,12.41961875
1/19/2021 19:30,13.03091903
1/19/2021 19:40,13.47014578
1/19/2021 19:50,11.32331758
1/19/2021 20:00,11.61174178
1/19/2021 20:10,11.77889702
1/19/2021 20:20,12.65892653
1/19/2021 20:30,12.86803317
1/19/2021 20:40,13.38819151
1/19/2021 20:50,12.81067505
1/19/2021 21:00,11.64146028
1/19/2021 21:10,11.4561136
1/19/2021 21:20,11.49847341
1/19/2021 21:30,12.13589292
1/19/2021 21:40,11.61400638
1/19/2021 21:50,11.45193321
1/19/2021 22:00,11.58012799
1/19/2021 22:10,11.49169601
1/19/2021 22:20,10.21032165
1/19/2021 22:30,12.57043131
1/19/2021 22:40,11.59473042
1/19/2021 22:50,11.62093017
1/19/2021 23:00,11.67781966
1/19/2021 23:10,11.20845172
1/19/2021 23:20,11.55226743
1/19/2021 23:30,12.09950848
1/19/2021 23:40,11.73596191
1/19/2021 23:50,12.93297123
1/20/2021 0:00,11.84891467
1/20/2021 0:10,11.32983294
1/20/2021 0:20,10.11040673
1/20/2021 0:30,11.35053012
1/20/2021 0:40,10.16568565
1/20/2021 0:50,10.13757136
1/20/2021 1:00,11.176284
1/20/2021 1:10,10.60678644
1/20/2021 1:20,11.59446006
1/20/2021 1:30,10.7322875
1/20/2021 1:40,10.82497005
1/20/2021 1:50,10.87447634
1/20/2021 2:00,11.21287069
1/20/2021 2:10,9.900539088
1/20/2021 2:20,10.36831412
1/20/2021 2:30,10.68391349
1/20/2021 2:40,10.75890617
1/20/2021 2:50,11.23111763
1/20/2021 3:00,10.81095543
1/20/2021 3:10,10.83271062
1/20/2021 3:20,10.32461801
1/20/2021 3:30,10.25873954
1/20/2021 3:40,9.562924194
1/20/2021 3:50,10.42489254
1/20/2021 4:00,10.60700929
1/20/2021 4:10,10.84761636
1/20/2021 4:20,10.12267644
1/20/2021 4:30,10.48124826
1/20/2021 4:40,11.28196025
1/20/2021 4:50,11.38839769
1/20/2021 5:00,10.55930357
1/20/2021 5:10,10.06802845
1/20/2021 5:20,10.64153552
1/20/2021 5:30,10.16048834
1/20/2021 5:40,9.856044579
1/20/2021 5:50,10.15473385
1/20/2021 6:00,10.75328164
1/20/2021 6:10,10.63502009
1/20/2021 6:20,11.14477273
1/20/2021 6:30,10.90180037
1/20/2021 6:40,12.02384772
1/20/2021 6:50,12.20988107
1/20/2021 7:00,11.74231033
1/20/2021 7:10,11.43998296
1/20/2021 7:20,11.15096474
1/20/2021 7:30,11.17858572
1/20/2021 7:40,10.88160419
1/20/2021 7:50,12.35299797
1/20/2021 8:00,11.65530775
1/20/2021 8:10,11.07566161
1/20/2021 8:20,11.01669434
1/20/2021 8:30,10.29943634
1/20/2021 8:40,11.43211231
1/20/2021 8:50,11.88954802
1/20/2021 9:00,10.84444218
1/20/2021 9:10,10.28632348
1/20/2021 9:20,11.29859233
1/20/2021 9:30,11.82654686
1/20/2021 9:40,10.34663308
1/20/2021 9:50,10.70351579
1/20/2021 10:00,10.25090611
1/20/2021 10:10,11.68712411
1/20/2021 10:20,11.91397634
1/20/2021 10:30,11.65764668
1/20/2021 10:40,11.51202393
1/20/2021 10:50,12.05544109
1/20/2021 11:00,11.14276018
1/20/2021 11:10,12.40645809
1/20/2021 11:20,13.08068514
1/20/2021 11:30,12.74771094
1/20/2021 11:40,12.28908734
1/20/2021 11:50,11.94527273
1/20/2021 12:00,12.50163422
1/20/2021 12:10,11.23652995
1/20/2021 12:20,11.84859915
1/20/2021 12:30,12.0147707
1/20/2021 12:40,11.74799027
1/20/2021 12:50,12.46322207
1/20/2021 13:00,12.76985598
1/20/2021 13:10,11.82793913
1/20/2021 13:20,11.8183609
1/20/2021 13:30,12.72068391
1/20/2021 13:40,13.53453832
1/20/2021 13:50,11.82047706
1/20/2021 14:00,13.04240913
1/20/2021 14:10,11.54164963
1/20/2021 14:20,12.33658876
1/20/2021 14:30,11.21017914
1/20/2021 14:40,12.37590404
1/20/2021 14:50,13.01402717
1/20/2021 15:00,12.79443283
1/20/2021 15:10,12.37388082
1/20/2021 15:20,13.68853278
1/20/2021 15:30,13.84325113
1/20/2021 15:40,11.8959336
1/20/2021 15:50,12.12271152
1/20/2021 16:00,12.28153229
1/20/2021 16:10,13.22460027
1/20/2021 16:20,12.86534166
1/20/2021 16:30,13.21628418
1/20/2021 16:40,12.43010659
1/20/2021 16:50,13.21298003
1/20/2021 17:00,12.26842713
1/20/2021 17:10,11.92015758
1/20/2021 17:20,11.45054488
1/20/2021 17:30,11.26079905
1/20/2021 17:40,11.17812171
1/20/2021 17:50,10.79998505
1/20/2021 18:00,10.82622814
1/20/2021 18:10,10.87603569
1/20/2021 18:20,10.81264462
1/20/2021 18:30,10.77191842
1/20/2021 18:40,10.25170431
1/20/2021 18:50,9.988636541
1/20/2021 19:00,10.8603874
1/20/2021 19:10,10.33995051
1/20/2021 19:20,12.84939628
1/20/2021 19:30,11.84811659
1/20/2021 19:40,12.4431004
1/20/2021 19:50,11.66284418
1/20/2021 20:00,12.04848006
1/20/2021 20:10,11.87142623
1/20/2021 20:20,14.08238847
1/20/2021 20:30,12.6846981
1/20/2021 20:40,11.85919838
1/20/2021 20:50,12.28609867
1/20/2021 21:00,13.07296319
1/20/2021 21:10,11.27973289
1/20/2021 21:20,13.09815245
1/20/2021 21:30,12.4719465
1/20/2021 21:40,12.75435638
1/20/2021 21:50,14.01513991
1/20/2021 22:00,12.84908071
1/20/2021 22:10,12.5150301
1/20/2021 22:20,12.13884244
1/20/2021 22:30,11.93450651
1/20/2021 22:40,11.35958877
1/20/2021 22:50,11.37805839
1/20/2021 23:00,10.24958827
1/20/2021 23:10,11.90517079
1/20/2021 23:20,11.30807767
1/20/2021 23:30,10.99418583
1/20/2021 23:40,10.12883923
1/20/2021 23:50,9.754934764
1/21/2021 0:00,9.458992815
1/21/2021 0:10,12.78392634
1/21/2021 0:20,12.5725183
1/21/2021 0:30,12.26900263
1/21/2021 0:40,11.88500037
1/21/2021 0:50,11.00045986
1/21/2021 1:00,10.78686137
1/21/2021 1:10,10.53639755
1/21/2021 1:20,10.57890549
1/21/2021 1:30,10.95692007
1/21/2021 1:40,11.69785309
1/21/2021 1:50,12.17450104
1/21/2021 2:00,12.61352001
1/21/2021 2:10,12.50561894
1/21/2021 2:20,12.3422873
1/21/2021 2:30,12.94232025
1/21/2021 2:40,12.51432452
1/21/2021 2:50,12.77269611
1/21/2021 3:00,11.93949981
1/21/2021 3:10,11.80929063
1/21/2021 3:20,12.30728295
1/21/2021 3:30,12.03867912
1/21/2021 3:40,12.64318552
1/21/2021 3:50,11.16475656
1/21/2021 4:00,10.84988101
1/21/2021 4:10,11.43231649
1/21/2021 4:20,11.53509717
1/21/2021 4:30,11.43025603
1/21/2021 4:40,9.699750398
1/21/2021 4:50,10.26466098
1/21/2021 5:00,10.79746051
1/21/2021 5:10,11.10374165
1/21/2021 5:20,10.87620256
1/21/2021 5:30,10.49455776
1/21/2021 5:40,11.01900392
1/21/2021 5:50,11.36881418
1/21/2021 6:00,11.18963041
1/21/2021 6:10,11.39959078
1/21/2021 6:20,11.73653736
1/21/2021 6:30,11.36937118
1/21/2021 6:40,10.64272354
1/21/2021 6:50,10.90922546
1/21/2021 7:00,10.45353456
1/21/2021 7:10,10.93166733
1/21/2021 7:20,10.37497795
1/21/2021 7:30,11.81273646
1/21/2021 7:40,10.90811148
1/21/2021 7:50,11.42689624
1/21/2021 8:00,10.81864018
1/21/2021 8:10,10.87061548
1/21/2021 8:20,10.95409088
1/21/2021 8:30,11.69595971
1/21/2021 8:40,11.23689051
1/21/2021 8:50,10.75354166
1/21/2021 9:00,10.87948821
1/21/2021 9:10,12.36562061
1/21/2021 9:20,13.37680576
1/21/2021 9:30,11.29138383
1/21/2021 9:40,12.22808015
1/21/2021 9:50,12.13906512
1/21/2021 10:00,12.33473253
1/21/2021 10:10,11.85418649
1/21/2021 10:20,11.94100337
1/21/2021 10:30,12.89683819
1/21/2021 10:40,11.87142623
1/21/2021 10:50,12.82877345
1/21/2021 11:00,11.81904771
1/21/2021 11:10,12.59317818
1/21/2021 11:20,14.40677152
1/21/2021 11:30,13.87285833
1/21/2021 11:40,12.01597722
1/21/2021 11:50,12.67540998
1/21/2021 12:00,12.16833825
1/21/2021 12:10,12.65587746
1/21/2021 12:20,11.68935161
1/21/2021 12:30,11.81680164
1/21/2021 12:40,11.84200945
1/21/2021 12:50,11.46192384
1/21/2021 13:00,10.86480522
1/21/2021 13:10,10.54983666
1/21/2021 13:20,10.96953483
1/21/2021 13:30,10.29179945
1/21/2021 13:40,10.72486262
1/21/2021 13:50,9.905105448
1/21/2021 14:00,8.39339385
1/21/2021 14:10,8.634019685
1/21/2021 14:20,9.270750713
1/21/2021 14:30,9.863692474
1/21/2021 14:40,9.009316373
1/21/2021 14:50,9.578479648
1/21/2021 15:00,8.742023117
1/21/2021 15:10,8.743371344
1/21/2021 15:20,8.332358385
1/21/2021 15:30,9.117426316
1/21/2021 15:40,9.306409025
1/21/2021 15:50,7.75840795
1/21/2021 16:00,7.683218053
1/21/2021 16:10,7.268683804
1/21/2021 16:20,7.03124063
1/21/2021 16:30,7.088134646
1/21/2021 16:40,6.346796287
1/21/2021 16:50,7.311896913
1/21/2021 17:00,7.163741639
1/21/2021 17:10,7.755790591
1/21/2021 17:20,7.131737947
1/21/2021 17:30,6.793510604
1/21/2021 17:40,5.667525969
1/21/2021 17:50,6.47224063
1/21/2021 18:00,6.185161757
1/21/2021 18:10,5.101483154
1/21/2021 18:20,5.333708233
1/21/2021 18:30,5.490775776
1/21/2021 18:40,5.363529825
1/21/2021 18:50,5.653494668
1/21/2021 19:00,5.967646456
1/21/2021 19:10,7.014701343
1/21/2021 19:20,6.953500843
1/21/2021 19:30,6.629083943
1/21/2021 19:40,6.70095799
1/21/2021 19:50,7.102149296
1/21/2021 20:00,8.05449841
1/21/2021 20:10,8.562795281
1/21/2021 20:20,8.345187163
1/21/2021 20:30,8.100700498
1/21/2021 20:40,8.108849359
1/21/2021 20:50,7.897756577
1/21/2021 21:00,7.927051193
1/21/2021 21:10,7.325991903
1/21/2021 21:20,7.187035656
1/21/2021 21:30,7.298993838
1/21/2021 21:40,7.327671289
1/21/2021 21:50,7.618966579
1/21/2021 22:00,7.860650158
1/21/2021 22:10,8.13351891
1/21/2021 22:20,8.438816357
1/21/2021 22:30,8.562498331
1/21/2021 22:40,8.49630444
1/21/2021 22:50,8.127281952
1/21/2021 23:00,7.929127336
1/21/2021 23:10,7.809566236
1/21/2021 23:20,7.965751219
1/21/2021 23:30,7.991497111
1/21/2021 23:40,8.101127291
1/21/2021 23:50,8.719295716
1/22/2021 0:00,8.054962516
1/22/2021 0:10,8.493928599
1/22/2021 0:20,8.884891915
1/22/2021 0:30,8.577812386
1/22/2021 0:40,8.865512586
1/22/2021 0:50,9.233662581
1/22/2021 1:00,8.63988533
1/22/2021 1:10,8.815245414
1/22/2021 1:20,8.753106409
1/22/2021 1:30,8.895082569
1/22/2021 1:40,8.547759748
1/22/2021 1:50,8.433228946
1/22/2021 2:00,8.301045513
1/22/2021 2:10,8.057913804
1/22/2021 2:20,8.451401782
1/22/2021 2:30,8.534826655
1/22/2021 2:40,8.419121647
1/22/2021 2:50,8.580281186
1/22/2021 3:00,8.576717281
1/22/2021 3:10,8.756161022
1/22/2021 3:20,9.781571841
1/22/2021 3:30,9.938350821
1/22/2021 3:40,10.26310182
1/22/2021 3:50,9.154475045
1/22/2021 4:00,9.404029226
1/22/2021 4:10,9.376148486
1/22/2021 4:20,9.981601429
1/22/2021 4:30,9.442397976
1/22/2021 4:40,9.454277897
1/22/2021 4:50,9.115735054
1/22/2021 5:00,10.15471539
1/22/2021 5:10,10.37943306
1/22/2021 5:20,10.12211957
1/22/2021 5:30,10.11304257
1/22/2021 5:40,10.26514378
1/22/2021 5:50,9.9621665
1/22/2021 6:00,10.64606476
1/22/2021 6:10,10.57350397
1/22/2021 6:20,10.61222534
1/22/2021 6:30,10.53446701
1/22/2021 6:40,10.36551104
1/22/2021 6:50,10.20331187
1/22/2021 7:00,9.73007946
1/22/2021 7:10,9.352072859
1/22/2021 7:20,9.013250502
1/22/2021 7:30,8.860009306
1/22/2021 7:40,9.023256564
1/22/2021 7:50,8.817602706
1/22/2021 8:00,8.693902183
1/22/2021 8:10,8.042377114
1/22/2021 8:20,9.050005317
1/22/2021 8:30,9.493630314
1/22/2021 8:40,9.866309714
1/22/2021 8:50,9.430629396
1/22/2021 9:00,9.536769629
1/22/2021 9:10,9.055110002
1/22/2021 9:20,9.086703229
1/22/2021 9:30,8.455095744
1/22/2021 9:40,7.962038517
1/22/2021 9:50,7.893060374
1/22/2021 10:00,7.417227318
1/22/2021 10:10,7.635691309
1/22/2021 10:20,7.473343611
1/22/2021 10:30,7.666393661
1/22/2021 10:40,7.228300071
1/22/2021 10:50,6.788684392
1/22/2021 11:00,6.585469877
1/22/2021 11:10,5.745342052
1/22/2021 11:20,6.429054475
1/22/2021 11:30,5.726222515
1/22/2021 11:40,6.144992614
1/22/2021 11:50,6.056208122
1/22/2021 12:00,6.628842616
1/22/2021 12:10,5.978709745
1/22/2021 12:20,6.988936687
1/22/2021 12:30,5.681412745
1/22/2021 12:40,5.192513514
1/22/2021 12:50,5.329959542
1/22/2021 13:00,5.631321758
1/22/2021 13:10,5.535678518
1/22/2021 13:20,5.040653646
1/22/2021 13:30,5.576386034
1/22/2021 13:40,5.247885442
1/22/2021 13:50,5.615478683
1/22/2021 14:00,5.594837189
1/22/2021 14:10,5.915745664
1/22/2021 14:20,5.127025068
1/22/2021 14:30,6.246306658
1/22/2021 14:40,5.856772685
1/22/2021 14:50,5.730064988
1/22/2021 15:00,5.120286822
1/22/2021 15:10,5.739253378
1/22/2021 15:20,5.158061576
1/22/2021 15:30,5.621919858
1/22/2021 15:40,5.152177262
1/22/2021 15:50,4.731291068
1/22/2021 16:00,4.912906587
1/22/2021 16:10,4.860300517
1/22/2021 16:20,5.340865111
1/22/2021 16:30,5.055930662
1/22/2021 16:40,4.88524847
1/22/2021 16:50,4.295926213
1/22/2021 17:00,4.865887856
1/22/2021 17:10,4.871902061
1/22/2021 17:20,5.119822884
1/22/2021 17:30,4.916711867
1/22/2021 17:40,4.022282801
1/22/2021 17:50,4.592016673
1/22/2021 18:00,5.28660686
1/22/2021 18:10,4.979169984
1/22/2021 18:20,4.707830792
1/22/2021 18:30,5.017584462
1/22/2021 18:40,4.6039161
1/22/2021 18:50,4.230122137
1/22/2021 19:00,4.146495217
1/22/2021 19:10,4.795962834
1/22/2021 19:20,4.942012548
1/22/2021 19:30,4.647035885
1/22/2021 19:40,3.602207971
1/22/2021 19:50,3.274371541
1/22/2021 20:00,2.150085694
1/22/2021 20:10,2.934605819
1/22/2021 20:20,2.803662103
1/22/2021 20:30,1.65193132
1/22/2021 20:40,1.977918714
1/22/2021 20:50,2.850766361
1/22/2021 21:00,2.400342369
1/22/2021 21:10,3.749097838
1/22/2021 21:20,4.178128624
1/22/2021 21:30,4.838638008
1/22/2021 21:40,4.977689731
1/22/2021 21:50,6.059141016
1/22/2021 22:00,5.540541887
1/22/2021 22:10,6.069090509
1/22/2021 22:20,6.058175707
1/22/2021 22:30,4.6841052
1/22/2021 22:40,4.346026361
1/22/2021 22:50,4.017822826
1/22/2021 23:00,2.068353796
1/22/2021 23:10,2.47000477
1/22/2021 23:20,3.317020971
1/22/2021 23:30,3.623307216
1/22/2021 23:40,4.404702532
1/22/2021 23:50,4.719262516
1/23/2021 0:00,5.440972567
1/23/2021 0:10,5.639373273
1/23/2021 0:20,5.683135622
1/23/2021 0:30,4.74801594
1/23/2021 0:40,5.305429256
1/23/2021 0:50,5.687092805
1/23/2021 1:00,5.162089694
1/23/2021 1:10,5.4244519
1/23/2021 1:20,5.11172961
1/23/2021 1:30,5.554816365
1/23/2021 1:40,5.821838069
1/23/2021 1:50,4.62236625
1/23/2021 2:00,5.532894087
1/23/2021 2:10,5.269733644
1/23/2021 2:20,5.563800716
1/23/2021 2:30,4.750800216
1/23/2021 2:40,5.173858356
1/23/2021 2:50,4.400971425
1/23/2021 3:00,4.737114881
1/23/2021 3:10,4.595803523
1/23/2021 3:20,4.710166955
1/23/2021 3:30,5.529348564
1/23/2021 3:40,5.109836066
1/23/2021 3:50,4.513645768
1/23/2021 4:00,4.107869554
1/23/2021 4:10,4.164540815
1/23/2021 4:20,5.132519531
1/23/2021 4:30,5.833903599
1/23/2021 4:40,5.944294786
1/23/2021 4:50,6.108610058
1/23/2021 5:00,5.659527493
1/23/2021 5:10,4.473328102
1/23/2021 5:20,4.617630933
1/23/2021 5:30,4.972102427
1/23/2021 5:40,4.675839123
1/23/2021 5:50,4.404646742
1/23/2021 6:00,5.369228566
1/23/2021 6:10,6.052885342
1/23/2021 6:20,6.494728661
1/23/2021 6:30,6.079318476
1/23/2021 6:40,6.065173769
1/23/2021 6:50,5.738585138
1/23/2021 7:00,6.141020179
1/23/2021 7:10,6.035974979
1/23/2021 7:20,6.103802347
1/23/2021 7:30,5.342628407
1/23/2021 7:40,3.698677766
1/23/2021 7:50,3.663910198
1/23/2021 8:00,5.35909344
1/23/2021 8:10,4.769065821
1/23/2021 8:20,4.030352557
1/23/2021 8:30,4.618319714
1/23/2021 8:40,4.818738961
1/23/2021 8:50,4.65214057
1/23/2021 9:00,3.827767309
1/23/2021 9:10,3.280761617
1/23/2021 9:20,4.164856392
1/23/2021 9:30,3.335650909
1/23/2021 9:40,3.930709076
1/23/2021 9:50,4.612695384
1/23/2021 10:00,4.559866428
1/23/2021 10:10,4.742317152
1/23/2021 10:20,4.805262697
1/23/2021 10:30,5.371047652
1/23/2021 10:40,5.524540997
1/23/2021 10:50,5.296073818
1/23/2021 11:00,5.095413148
1/23/2021 11:10,5.595449734
1/23/2021 11:20,5.753917837
1/23/2021 11:30,5.593834698
1/23/2021 11:40,5.711836565
1/23/2021 11:50,5.174192369
1/23/2021 12:00,5.012104511
1/23/2021 12:10,6.41496551
1/23/2021 12:20,6.605027032
1/23/2021 12:30,6.119543433
1/23/2021 12:40,6.470857179
1/23/2021 12:50,7.292916179
1/23/2021 13:00,6.93853941
1/23/2021 13:10,6.709700918
1/23/2021 13:20,6.522628069
1/23/2021 13:30,5.438076925
1/23/2021 13:40,6.226908827
1/23/2021 13:50,6.928664207
1/23/2021 14:00,7.197857594
1/23/2021 14:10,7.345670795
1/23/2021 14:20,6.297242117
1/23/2021 14:30,7.701551008
1/23/2021 14:40,7.259039688
1/23/2021 14:50,5.786792099
1/23/2021 15:00,5.986060464
1/23/2021 15:10,6.446633148
1/23/2021 15:20,5.838340044
1/23/2021 15:30,5.714880848
1/23/2021 15:40,6.116981697
1/23/2021 15:50,6.081508803
1/23/2021 16:00,6.514347152
1/23/2021 16:10,6.312630582
1/23/2021 16:20,6.844631696
1/23/2021 16:30,6.363361812
1/23/2021 16:40,5.96777637
1/23/2021 16:50,6.387270308
1/23/2021 17:00,6.40722506
1/23/2021 17:10,6.982068491
1/23/2021 17:20,7.024966502
1/23/2021 17:30,6.730453825
1/23/2021 17:40,6.256924438
1/23/2021 17:50,5.945474989
1/23/2021 18:00,6.384390153
1/23/2021 18:10,7.085721564
1/23/2021 18:20,6.451607919
1/23/2021 18:30,6.657893014
1/23/2021 18:40,6.44034059
1/23/2021 18:50,6.299432564
1/23/2021 19:00,6.624294901
1/23/2021 19:10,6.925564218
1/23/2021 19:20,6.85758841
1/23/2021 19:30,6.408598638
1/23/2021 19:40,5.9120332
1/23/2021 19:50,5.644881618
1/23/2021 20:00,5.905480695
1/23/2021 20:10,6.091606855
1/23/2021 20:20,5.453372383
1/23/2021 20:30,5.713496976
1/23/2021 20:40,5.404757166
1/23/2021 20:50,4.613604879
1/23/2021 21:00,4.658785963
1/23/2021 21:10,4.885304165
1/23/2021 21:20,5.068683195
1/23/2021 21:30,5.543548965
1/23/2021 21:40,5.816213536
1/23/2021 21:50,6.211427736
1/23/2021 22:00,5.695631528
1/23/2021 22:10,5.387104201
1/23/2021 22:20,4.989885283
1/23/2021 22:30,5.188708234
1/23/2021 22:40,6.527899861
1/23/2021 22:50,6.659786367
1/23/2021 23:00,5.92012651
1/23/2021 23:10,5.692160344
1/23/2021 23:20,6.251058674
1/23/2021 23:30,6.674246573
1/23/2021 23:40,6.888290715
1/23/2021 23:50,6.759355664
1/24/2021 0:00,7.704725099
1/24/2021 0:10,7.510505819
1/24/2021 0:20,7.048355174
1/24/2021 0:30,6.773704457
1/24/2021 0:40,6.686627722
1/24/2021 0:50,5.733461928
1/24/2021 1:00,5.378250003
1/24/2021 1:10,5.048876977
1/24/2021 1:20,4.913314998
1/24/2021 1:30,5.308491993
1/24/2021 1:40,5.884931898
1/24/2021 1:50,5.656891632
1/24/2021 2:00,5.739568949
1/24/2021 2:10,4.765520263
1/24/2021 2:20,4.512476349
1/24/2021 2:30,4.907356477
1/24/2021 2:40,4.086522675
1/24/2021 2:50,3.958552849
1/24/2021 3:00,4.074271405
1/24/2021 3:10,3.54233472
1/24/2021 3:20,3.276025579
1/24/2021 3:30,3.278199983
1/24/2021 3:40,3.487057435
1/24/2021 3:50,3.122177375
1/24/2021 4:00,3.194780099
1/24/2021 4:10,2.635603416
1/24/2021 4:20,2.125518835
1/24/2021 4:30,2.293968791
1/24/2021 4:40,2.752481306
1/24/2021 4:50,2.595012718
1/24/2021 5:00,2.799284226
1/24/2021 5:10,2.114081228
1/24/2021 5:20,1.721287274
1/24/2021 5:30,2.466487324
1/24/2021 5:40,2.934937632
1/24/2021 5:50,2.949168861
1/24/2021 6:00,3.400667751
1/24/2021 6:10,3.90626229
1/24/2021 6:20,3.912220788
1/24/2021 6:30,3.917232752
1/24/2021 6:40,4.200459349
1/24/2021 6:50,4.627415407
1/24/2021 7:00,5.729712391
1/24/2021 7:10,5.245825064
1/24/2021 7:20,5.524726677
1/24/2021 7:30,6.691676784
1/24/2021 7:40,7.446673243
1/24/2021 7:50,8.441229534
1/24/2021 8:00,5.430837584
1/24/2021 8:10,7.146903539
1/24/2021 8:20,8.199193168
1/24/2021 8:30,7.360966349
1/24/2021 8:40,5.726668084
1/24/2021 8:50,6.075847244
1/24/2021 9:00,4.993337917
1/24/2021 9:10,6.314765131
1/24/2021 9:20,4.69802711
1/24/2021 9:30,4.039819372
1/24/2021 9:40,4.902622938
1/24/2021 9:50,4.628306293
1/24/2021 10:00,4.606024579
1/24/2021 10:10,4.037814689
1/24/2021 10:20,3.796929085
1/24/2021 10:30,4.99866538
1/24/2021 10:40,5.134654284
1/24/2021 10:50,5.465122449
1/24/2021 11:00,5.879103303
1/24/2021 11:10,4.286552215
1/24/2021 11:20,4.070985901
1/24/2021 11:30,5.424247813
1/24/2021 11:40,5.092071903
1/24/2021 11:50,6.431022108
1/24/2021 12:00,6.020846558
1/24/2021 12:10,5.43859663
1/24/2021 12:20,4.794533551
1/24/2021 12:30,4.760638452
1/24/2021 12:40,4.515390587
1/24/2021 12:50,3.859187722
1/24/2021 13:00,3.796854842
1/24/2021 13:10,4.16060555
1/24/2021 13:20,4.041360074
1/24/2021 13:30,3.390094775
1/24/2021 13:40,2.563450956
1/24/2021 13:50,3.057788926
1/24/2021 14:00,4.105305923
1/24/2021 14:10,3.682064354
1/24/2021 14:20,3.525452542
1/24/2021 14:30,4.90667835
1/24/2021 14:40,5.549823117
1/24/2021 14:50,5.385155177
1/24/2021 15:00,4.275507438
1/24/2021 15:10,4.315862393
1/24/2021 15:20,4.07956183
1/24/2021 15:30,3.624724865
1/24/2021 15:40,3.599386907
1/24/2021 15:50,4.241649497
1/24/2021 16:00,4.030129761
1/24/2021 16:10,4.354398072
1/24/2021 16:20,5.018916905
1/24/2021 16:30,3.482127702
1/24/2021 16:40,3.991946852
1/24/2021 16:50,3.332322359
1/24/2021 17:00,3.384112442
1/24/2021 17:10,3.386512536
1/24/2021 17:20,3.972318757
1/24/2021 17:30,5.01856873
1/24/2021 17:40,5.800331199
1/24/2021 17:50,4.533074999
1/24/2021 18:00,4.66987495
1/24/2021 18:10,6.430149968
1/24/2021 18:20,6.929362559
1/24/2021 18:30,7.372968721
1/24/2021 18:40,7.344543719
1/24/2021 18:50,7.364193702
1/24/2021 19:00,8.142947473
1/24/2021 19:10,8.60518136
1/24/2021 19:20,8.097037411
1/24/2021 19:30,7.573912477
1/24/2021 19:40,7.929075146
1/24/2021 19:50,7.75128758
1/24/2021 20:00,8.338499975
1/24/2021 20:10,8.310749984
1/24/2021 20:20,5.883356237
1/24/2021 20:30,5.015043771
1/24/2021 20:40,4.124775004
1/24/2021 20:50,3.189975023
1/24/2021 21:00,5.287425041
1/24/2021 21:10,6.372281265
1/24/2021 21:20,6.738281298
1/24/2021 21:30,7.012068796
1/24/2021 21:40,7.468218708
1/24/2021 21:50,7.111518764
1/24/2021 22:00,7.808081174
1/24/2021 22:10,7.732706213
1/24/2021 22:20,8.562674928
1/24/2021 22:30,7.994381261
1/24/2021 22:40,7.889906168
1/24/2021 22:50,7.545056272
1/24/2021 23:00,7.824487495
1/24/2021 23:10,7.815806246
1/24/2021 23:20,8.062424874
1/24/2021 23:30,8.08989377
1/24/2021 23:40,7.493437505
1/24/2021 23:50,7.37831254
1/25/2021 0:00,7.778606105
1/25/2021 0:10,8.129437566
1/25/2021 0:20,8.491068769
1/25/2021 0:30,9.897487593
1/25/2021 0:40,9.196105229
1/25/2021 0:50,9.111037517
1/25/2021 1:00,9.158025169
1/25/2021 1:10,8.139637494
1/25/2021 1:20,6.559893751
1/25/2021 1:30,8.452087498
1/25/2021 1:40,7.847118759
1/25/2021 1:50,3.784500027
1/25/2021 2:00,4.862043798
1/25/2021 2:10,3.873525012
1/25/2021 2:20,4.170093714
1/25/2021 2:30,5.137218678
1/25/2021 2:40,5.322262537
1/25/2021 2:50,4.81155878
1/25/2021 3:00,6.772937483
1/25/2021 3:10,7.298043776
1/25/2021 3:20,6.50154376
1/25/2021 3:30,4.638806272
1/25/2021 3:40,7.125225055
1/25/2021 3:50,5.967656231
1/25/2021 4:00,7.301962471
1/25/2021 4:10,5.225943792
1/25/2021 4:20,7.058718801
1/25/2021 4:30,6.744671094
1/25/2021 4:40,8.386893702
1/25/2021 4:50,9.020849943
1/25/2021 5:00,8.915718699
1/25/2021 5:10,9.705656242
1/25/2021 5:20,9.331676343
1/25/2021 5:30,9.28955636
1/25/2021 5:40,8.680537438
1/25/2021 5:50,8.960043836
1/25/2021 6:00,9.152793717
1/25/2021 6:10,8.931975055
1/25/2021 6:20,8.438174891
1/25/2021 6:30,8.180062461
1/25/2021 6:40,9.634612656
1/25/2021 6:50,10.01302505
1/25/2021 7:00,9.339356208
1/25/2021 7:10,10.13988748
1/25/2021 7:20,10.83635626
1/25/2021 7:30,9.580934274
1/25/2021 7:40,9.941043711
1/25/2021 7:50,10.96494374
1/25/2021 8:00,11.48026881
1/25/2021 8:10,10.74765003
1/25/2021 8:20,10.9921874
1/25/2021 8:30,10.45267496
1/25/2021 8:40,9.996037364
1/25/2021 8:50,10.26508131
1/25/2021 9:00,9.953062582
1/25/2021 9:10,9.841012454
1/25/2021 9:20,10.03672497
1/25/2021 9:30,9.679575133
1/25/2021 9:40,9.357768774
1/25/2021 9:50,8.993193817
1/25/2021 10:00,10.12316251
1/25/2021 10:10,9.28055625
1/25/2021 10:20,8.383256245
1/25/2021 10:30,8.331525016
1/25/2021 10:40,8.349956155
1/25/2021 10:50,8.599650049
1/25/2021 11:00,9.418799973
1/25/2021 11:10,8.643862534
1/25/2021 11:20,9.555656314
1/25/2021 11:30,8.719856143
1/25/2021 11:40,9.002981234
1/25/2021 11:50,8.847862554
1/25/2021 12:00,7.751981235
1/25/2021 12:10,8.367225027
1/25/2021 12:20,9.581906176
1/25/2021 12:30,9.49344368
1/25/2021 12:40,9.088612604
1/25/2021 12:50,8.463960886
1/25/2021 13:00,8.991506314
1/25/2021 13:10,8.858156252
1/25/2021 13:20,9.391912436
1/25/2021 13:30,8.775375032
1/25/2021 13:40,8.393793654
1/25/2021 13:50,8.31044991
1/25/2021 14:00,8.571300054
1/25/2021 14:10,10.13105631
1/25/2021 14:20,9.237375021
1/25/2021 14:30,9.916218662
1/25/2021 14:40,10.66408129
1/25/2021 14:50,9.767403245
1/25/2021 15:00,8.5543679
1/25/2021 15:10,8.189819169
1/25/2021 15:20,8.041801643
1/25/2021 15:30,8.610983539
1/25/2021 15:40,10.12559066
1/25/2021 15:50,9.690207434
1/25/2021 16:00,9.190764761
1/25/2021 16:10,8.748475909
1/25/2021 16:20,8.806463321
1/25/2021 16:30,9.164907241
1/25/2021 16:40,8.924132919
1/25/2021 16:50,8.864064646
1/25/2021 17:00,8.615624094
1/25/2021 17:10,9.561439133
1/25/2021 17:20,9.787623453
1/25/2021 17:30,9.547331858
1/25/2021 17:40,9.147699785
1/25/2021 17:50,9.365809011
1/25/2021 18:00,9.469146538
1/25/2021 18:10,9.112468004
1/25/2021 18:20,9.383183575
1/25/2021 18:30,9.010764241
1/25/2021 18:40,9.37510891
1/25/2021 18:50,9.788588643
1/25/2021 19:00,9.203387165
1/25/2021 19:10,9.473490143
1/25/2021 19:20,9.214673376
1/25/2021 19:30,8.924931097
1/25/2021 19:40,8.958529258
1/25/2021 19:50,8.557579255
1/25/2021 20:00,8.933321524
1/25/2021 20:10,8.76039319
1/25/2021 20:20,9.258907843
1/25/2021 20:30,9.451939106
1/25/2021 20:40,9.507199502
1/25/2021 20:50,9.328591371
1/25/2021 21:00,9.162159801
1/25/2021 21:10,8.856064296
1/25/2021 21:20,9.434527397
1/25/2021 21:30,9.807577896
1/25/2021 21:40,9.450287008
1/25/2021 21:50,9.492479563
1/25/2021 22:00,8.958789182
1/25/2021 22:10,8.052400899
1/25/2021 22:20,8.281592059
1/25/2021 22:30,8.270157528
1/25/2021 22:40,8.696463895
1/25/2021 22:50,9.428364658
1/25/2021 23:00,9.448961258
1/25/2021 23:10,9.506253004
1/25/2021 23:20,9.397179794
1/25/2021 23:30,8.798093653
1/25/2021 23:40,8.229802585
1/25/2021 23:50,9.063890076
1/26/2021 0:00,8.807714939
1/26/2021 0:10,9.030198979
1/26/2021 0:20,8.937757897
1/26/2021 0:30,8.830373716
1/26/2021 0:40,9.274425888
1/26/2021 0:50,9.145917678
1/26/2021 1:00,9.60324192
1/26/2021 1:10,10.00615973
1/26/2021 1:20,10.04950316
1/26/2021 1:30,9.721151066
1/26/2021 1:40,9.302863646
1/26/2021 1:50,9.633550694
1/26/2021 2:00,10.17632213
1/26/2021 2:10,9.982195377
1/26/2021 2:20,9.801359606
1/26/2021 2:30,9.538922882
1/26/2021 2:40,9.518912768
1/26/2021 2:50,9.748270941
1/26/2021 3:00,9.299652314
1/26/2021 3:10,8.428384233
1/26/2021 3:20,7.813408637
1/26/2021 3:30,7.303793788
1/26/2021 3:40,6.181319356
1/26/2021 3:50,5.51499989
1/26/2021 4:00,5.842089701
1/26/2021 4:10,5.475814462
1/26/2021 4:20,5.716235852
1/26/2021 4:30,6.591736341
1/26/2021 4:40,7.371602559
1/26/2021 4:50,7.358237505
1/26/2021 5:00,6.318952435
1/26/2021 5:10,5.89901887
1/26/2021 5:20,5.742384307
1/26/2021 5:30,5.648000193
1/26/2021 5:40,5.427781329
1/26/2021 5:50,5.716978443
1/26/2021 6:00,5.768971968
1/26/2021 6:10,6.234946465
1/26/2021 6:20,6.173634601
1/26/2021 6:30,6.053020251
1/26/2021 6:40,5.781297517
1/26/2021 6:50,4.940082121
1/26/2021 7:00,4.944444346
1/26/2021 7:10,5.890147901
1/26/2021 7:20,5.400413585
1/26/2021 7:30,5.817308843
1/26/2021 7:40,6.639460444
1/26/2021 7:50,6.511416268
1/26/2021 8:00,6.360336065
1/26/2021 8:10,5.998107481
1/26/2021 8:20,6.221711373
1/26/2021 8:30,6.608442545
1/26/2021 8:40,6.207585382
1/26/2021 8:50,6.912292051
1/26/2021 9:00,7.466828156
1/26/2021 9:10,7.803830385
1/26/2021 9:20,7.256589293
1/26/2021 9:30,7.281271608
1/26/2021 9:40,7.666587217
1/26/2021 9:50,6.608702326
1/26/2021 10:00,6.24233427
1/26/2021 10:10,5.897721386
1/26/2021 10:20,5.720597982
1/26/2021 10:30,5.271030953
1/26/2021 10:40,6.257128596
1/26/2021 10:50,6.450438476
1/26/2021 11:00,6.438168597
1/26/2021 11:10,6.383557749
1/26/2021 11:20,7.069924831
1/26/2021 11:30,7.157799697
1/26/2021 11:40,7.149316621
1/26/2021 11:50,7.066063833
1/26/2021 12:00,8.055240893
1/26/2021 12:10,8.1802037
1/26/2021 12:20,7.512343478
1/26/2021 12:30,6.579889297
1/26/2021 12:40,6.596358299
1/26/2021 12:50,7.104451084
1/26/2021 13:00,7.587670112
1/26/2021 13:10,6.792860961
1/26/2021 13:20,6.513291168
1/26/2021 13:30,6.868577409
1/26/2021 13:40,6.914456995
1/26/2021 13:50,7.046758795
1/26/2021 14:00,6.166951942
1/26/2021 14:10,6.37490778
1/26/2021 14:20,6.225312471
1/26/2021 14:30,6.707046485
1/26/2021 14:40,6.179203176
1/26/2021 14:50,6.290503025
1/26/2021 15:00,6.676511121
1/26/2021 15:10,6.830115867
1/26/2021 15:20,6.994561052
1/26/2021 15:30,7.128508043
1/26/2021 15:40,7.194033718
1/26/2021 15:50,7.747307611
1/26/2021 16:00,8.089915729
1/26/2021 16:10,8.238694119
1/26/2021 16:20,8.301583815
1/26/2021 16:30,8.533169556
1/26/2021 16:40,8.031777883
1/26/2021 16:50,8.886451125
1/26/2021 17:00,8.199063134
1/26/2021 17:10,8.393134069
1/26/2021 17:20,8.742925906
1/26/2021 17:30,8.159506488
1/26/2021 17:40,9.071463633
1/26/2021 17:50,7.978503704
1/26/2021 18:00,8.192937469
1/26/2021 18:10,8.49745543
1/26/2021 18:20,8.170773792
1/26/2021 18:30,8.721226382
1/26/2021 18:40,9.620857763
1/26/2021 18:50,9.061903778
1/26/2021 19:00,9.010258807
1/26/2021 19:10,8.261707194
1/26/2021 19:20,8.293472052
1/26/2021 19:30,7.901840615
1/26/2021 19:40,8.060995269
1/26/2021 19:50,8.213950253
1/26/2021 20:00,8.141055393
1/26/2021 20:10,8.499868345
1/26/2021 20:20,7.477291584
1/26/2021 20:30,7.696056485
1/26/2021 20:40,7.343239093
1/26/2021 20:50,7.325326324
1/26/2021 21:00,6.66485393
1/26/2021 21:10,6.879603481
1/26/2021 21:20,7.256310964
1/26/2021 21:30,6.885914779
1/26/2021 21:40,6.650709391
1/26/2021 21:50,6.813706613
1/26/2021 22:00,6.76453464
1/26/2021 22:10,6.623592502
1/26/2021 22:20,6.618392038
1/26/2021 22:30,6.554240036
1/26/2021 22:40,6.69082915
1/26/2021 22:50,6.889850068
1/26/2021 23:00,6.350832081
1/26/2021 23:10,5.582567406
1/26/2021 23:20,6.667656851
1/26/2021 23:30,6.808249235
1/26/2021 23:40,7.019472003
1/26/2021 23:50,6.715937996
1/27/2021 0:00,5.955376613
1/27/2021 0:10,5.692067528
1/27/2021 0:20,5.840474725
1/27/2021 0:30,6.760952067
1/27/2021 0:40,7.484091232
1/27/2021 0:50,7.265115738
1/27/2021 1:00,6.745730805
1/27/2021 1:10,6.403196907
1/27/2021 1:20,6.596748257
1/27/2021 1:30,6.030198097
1/27/2021 1:40,6.252209473
1/27/2021 1:50,7.452994801
1/27/2021 2:00,7.258445549
1/27/2021 2:10,6.79786509
1/27/2021 2:20,7.292285109
1/27/2021 2:30,6.849606586
1/27/2021 2:40,6.012530613
1/27/2021 2:50,5.621975517
1/27/2021 3:00,5.518712366
1/27/2021 3:10,5.133039176
1/27/2021 3:20,5.786327922
1/27/2021 3:30,5.539483809
1/27/2021 3:40,5.739401865
1/27/2021 3:50,5.945798397
1/27/2021 4:00,5.821671009
1/27/2021 4:10,5.253714097
1/27/2021 4:20,5.463526082
1/27/2021 4:30,5.635452008
1/27/2021 4:40,6.015927577
1/27/2021 4:50,6.168956804
1/27/2021 5:00,5.967980576
1/27/2021 5:10,6.357830215
1/27/2021 5:20,5.93776083
1/27/2021 5:30,5.611394835
1/27/2021 5:40,5.730770445
1/27/2021 5:50,5.07092917
1/27/2021 6:00,5.135916495
1/27/2021 6:10,5.517264438
1/27/2021 6:20,5.561461735
1/27/2021 6:30,5.412423491
1/27/2021 6:40,6.597806215
1/27/2021 6:50,6.863676929
1/27/2021 7:00,6.531723762
1/27/2021 7:10,6.406426787
1/27/2021 7:20,6.001987076
1/27/2021 7:30,5.439079285
1/27/2021 7:40,5.602039433
1/27/2021 7:50,5.887549162
1/27/2021 8:00,5.70431881
1/27/2021 8:10,6.442976379
1/27/2021 8:20,6.69028461
1/27/2021 8:30,6.206137347
1/27/2021 8:40,6.577665925
1/27/2021 8:50,6.227874112
1/27/2021 9:00,6.295460153
1/27/2021 9:10,6.01639154
1/27/2021 9:20,5.905759096
1/27/2021 9:30,6.010117507
1/27/2021 9:40,6.015630412
1/27/2021 9:50,5.739773178
1/27/2021 10:00,5.419291639
1/27/2021 10:10,5.609260368
1/27/2021 10:20,5.042936778
1/27/2021 10:30,4.521477373
1/27/2021 10:40,5.040876496
1/27/2021 10:50,4.587487388
1/27/2021 11:00,4.686165643
1/27/2021 11:10,4.663482344
1/27/2021 11:20,4.373814487
1/27/2021 11:30,4.942309618
1/27/2021 11:40,4.594559741
1/27/2021 11:50,3.992763531
1/27/2021 12:00,3.905259776
1/27/2021 12:10,3.411998522
1/27/2021 12:20,3.967444253
1/27/2021 12:30,3.898261786
1/27/2021 12:40,3.335056841
1/27/2021 12:50,2.902365136
1/27/2021 13:00,3.334351528
1/27/2021 13:10,2.727283573
1/27/2021 13:20,2.464976948
1/27/2021 13:30,3.069074893
1/27/2021 13:40,3.090282076
1/27/2021 13:50,3.508863424
1/27/2021 14:00,2.781764472
1/27/2021 14:10,3.099944305
1/27/2021 14:20,3.196487916
1/27/2021 14:30,2.618284631
1/27/2021 14:40,2.616966701
1/27/2021 14:50,2.184730572
1/27/2021 15:00,2.424750036
1/27/2021 15:10,2.884911501
1/27/2021 15:20,2.576908791
1/27/2021 15:30,2.817720056
1/27/2021 15:40,2.922229892
1/27/2021 15:50,2.436062656
1/27/2021 16:00,2.639325058
1/27/2021 16:10,3.143609595
1/27/2021 16:20,2.750932205
1/27/2021 16:30,3.00406903
1/27/2021 16:40,3.06443423
1/27/2021 16:50,2.491818279
1/27/2021 17:00,3.053463805
1/27/2021 17:10,3.504662502
1/27/2021 17:20,3.156188703
1/27/2021 17:30,3.476002026
1/27/2021 17:40,3.083052444
1/27/2021 17:50,2.573678803
1/27/2021 18:00,1.731821892
1/27/2021 18:10,1.437318653
1/27/2021 18:20,0.521025015
1/27/2021 18:30,0.530324963
1/27/2021 18:40,1.055250102
1/27/2021 18:50,0.973150233
1/27/2021 19:00,0.746755907
1/27/2021 19:10,1.035768789
1/27/2021 19:20,1.487025046
1/27/2021 19:30,2.041031361
1/27/2021 19:40,2.458481205
1/27/2021 19:50,3.368531227
1/27/2021 20:00,2.971649992
1/27/2021 20:10,2.802262491
1/27/2021 20:20,2.71366874
1/27/2021 20:30,3.100097895
1/27/2021 20:40,3.080206482
1/27/2021 20:50,3.372598691
1/27/2021 21:00,3.900173759
1/27/2021 21:10,4.046706092
1/27/2021 21:20,4.869136202
1/27/2021 21:30,4.275841689
1/27/2021 21:40,4.481254196
1/27/2021 21:50,4.417468573
1/27/2021 22:00,4.74146328
1/27/2021 22:10,5.51329217
1/27/2021 22:20,5.10367347
1/27/2021 22:30,4.307991862
1/27/2021 22:40,4.152438056
1/27/2021 22:50,3.403348392
1/27/2021 23:00,3.433642364
1/27/2021 23:10,3.705833539
1/27/2021 23:20,3.837525249
1/27/2021 23:30,4.984167981
1/27/2021 23:40,5.110096133
1/27/2021 23:50,4.481235659
1/28/2021 0:00,4.521182144
1/28/2021 0:10,4.922744727
1/28/2021 0:20,4.347604215
1/28/2021 0:30,3.942143571
1/28/2021 0:40,4.095117033
1/28/2021 0:50,5.282912982
1/28/2021 1:00,4.755329466
1/28/2021 1:10,4.940583324
1/28/2021 1:20,4.779924846
1/28/2021 1:30,4.162684643
1/28/2021 1:40,5.542992163
1/28/2021 1:50,5.741926455
1/28/2021 2:00,5.154349053
1/28/2021 2:10,4.970413184
1/28/2021 2:20,3.835706174
1/28/2021 2:30,3.776621723
1/28/2021 2:40,4.398242724
1/28/2021 2:50,4.870547009
1/28/2021 3:00,4.672243845
1/28/2021 3:10,4.058456099
1/28/2021 3:20,3.676996708
1/28/2021 3:30,4.573602736
1/28/2021 3:40,4.894566917
1/28/2021 3:50,4.11228745
1/28/2021 4:00,5.322908351
1/28/2021 4:10,5.12611537
1/28/2021 4:20,4.680114388
1/28/2021 4:30,3.731830442
1/28/2021 4:40,3.706195521
1/28/2021 4:50,3.691716897
1/28/2021 5:00,4.482163763
1/28/2021 5:10,4.080693996
1/28/2021 5:20,3.717258787
1/28/2021 5:30,3.974757934
1/28/2021 5:40,4.708774734
1/28/2021 5:50,4.685645926
1/28/2021 6:00,4.760545492
1/28/2021 6:10,4.506889009
1/28/2021 6:20,5.19292185
1/28/2021 6:30,6.206463839
1/28/2021 6:40,7.165442914
1/28/2021 6:50,7.896772861
1/28/2021 7:00,7.700177526
1/28/2021 7:10,8.791223451
1/28/2021 7:20,9.530087233
1/28/2021 7:30,10.216083
1/28/2021 7:40,9.455001903
1/28/2021 7:50,10.2461915
1/28/2021 8:00,9.934434199
1/28/2021 8:10,10.42359314
1/28/2021 8:20,10.3302052
1/28/2021 8:30,9.920809269
1/28/2021 8:40,10.71758611
1/28/2021 8:50,9.772587585
1/28/2021 9:00,10.09663327
1/28/2021 9:10,9.257413268
1/28/2021 9:20,9.240512085
1/28/2021 9:30,9.715712261
1/28/2021 9:40,10.30382793
1/28/2021 9:50,10.48533505
1/28/2021 10:00,8.527229571
1/28/2021 10:10,7.585702491
1/28/2021 10:20,8.138530755
1/28/2021 10:30,8.595465446
1/28/2021 10:40,8.672778201
1/28/2021 10:50,8.179572463
1/28/2021 11:00,8.401190257
1/28/2021 11:10,8.591511512
1/28/2021 11:20,8.07916801
1/28/2021 11:30,8.677114178
1/28/2021 11:40,6.326729222
1/28/2021 11:50,7.491423559
1/28/2021 12:00,8.435419559
1/28/2021 12:10,8.912027976
1/28/2021 12:20,11.3749085
1/28/2021 12:30,9.971800447
1/28/2021 12:40,8.220669818
1/28/2021 12:50,8.115049243
1/28/2021 13:00,8.069608283
1/28/2021 13:10,7.811719346
1/28/2021 13:20,7.676281553
1/28/2021 13:30,5.4515903
1/28/2021 13:40,5.879325986
1/28/2021 13:50,6.432265866
1/28/2021 14:00,6.664891052
1/28/2021 14:10,7.085368848
1/28/2021 14:20,7.389348412
1/28/2021 14:30,7.758092356
1/28/2021 14:40,6.109371066
1/28/2021 14:50,7.380809641
1/28/2021 15:00,7.935726693
1/28/2021 15:10,8.207954621
1/28/2021 15:20,7.100515771
1/28/2021 15:30,6.236988282
1/28/2021 15:40,6.350182509
1/28/2021 15:50,5.158154285
1/28/2021 16:00,5.279794383
1/28/2021 16:10,6.086000919
1/28/2021 16:20,5.941454697
1/28/2021 16:30,6.434771752
1/28/2021 16:40,7.1726125
1/28/2021 16:50,5.590474963
1/28/2021 17:00,5.254400849
1/28/2021 17:10,5.157300591
1/28/2021 17:20,5.435459566
1/28/2021 17:30,5.079467916
1/28/2021 17:40,4.577073872
1/28/2021 17:50,4.662182963
1/28/2021 18:00,5.341217673
1/28/2021 18:10,5.829096031
1/28/2021 18:20,6.064325287
1/28/2021 18:30,5.002284956
1/28/2021 18:40,4.529553866
1/28/2021 18:50,5.216366315
1/28/2021 19:00,5.315694213
1/28/2021 19:10,5.83228292
1/28/2021 19:20,6.210889435
1/28/2021 19:30,5.932618952
1/28/2021 19:40,6.072710204
1/28/2021 19:50,6.998978972
1/28/2021 20:00,6.917136884
1/28/2021 20:10,6.308565307
1/28/2021 20:20,6.188001823
1/28/2021 20:30,6.549692082
1/28/2021 20:40,5.351278567
1/28/2021 20:50,6.002506804
1/28/2021 21:00,6.342794585
1/28/2021 21:10,6.898351622
1/28/2021 21:20,6.908635259
1/28/2021 21:30,6.683954716
1/28/2021 21:40,6.649966836
1/28/2021 21:50,7.209366345
1/28/2021 22:00,7.301789021
1/28/2021 22:10,9.239472747
1/28/2021 22:20,8.251836348
1/28/2021 22:30,8.514607096
1/28/2021 22:40,8.740104389
1/28/2021 22:50,6.648686004
1/28/2021 23:00,7.307060766
1/28/2021 23:10,7.593610168
1/28/2021 23:20,7.60562005
1/28/2021 23:30,7.637677431
1/28/2021 23:40,8.255400372
1/28/2021 23:50,7.993799043
1/29/2021 0:00,8.324527121
1/29/2021 0:10,9.339450407
1/29/2021 0:20,9.074786282
1/29/2021 0:30,9.71849668
1/29/2021 0:40,8.803866458
1/29/2021 0:50,8.748810101
1/29/2021 1:00,9.206914163
1/29/2021 1:10,8.72748189
1/29/2021 1:20,9.121303844
1/29/2021 1:30,10.00875838
1/29/2021 1:40,10.0241643
1/29/2021 1:50,10.83248777
1/29/2021 2:00,11.00838614
1/29/2021 2:10,11.56676478
1/29/2021 2:20,11.76590323
1/29/2021 2:30,11.12252693
1/29/2021 2:40,11.51477113
1/29/2021 2:50,11.37722306
1/29/2021 3:00,10.38435206
1/29/2021 3:10,10.26701841
1/29/2021 3:20,10.26232216
1/29/2021 3:30,10.26258202
1/29/2021 3:40,9.726422739
1/29/2021 3:50,9.73945365
1/29/2021 4:00,7.839043403
1/29/2021 4:10,7.620822716
1/29/2021 4:20,8.350885844
1/29/2021 4:30,8.592513871
1/29/2021 4:40,8.628785062
1/29/2021 4:50,8.020937371
1/29/2021 5:00,7.46258743
1/29/2021 5:10,7.630252504
1/29/2021 5:20,7.124193693
1/29/2021 5:30,6.996162732
1/29/2021 5:40,8.072991497
1/29/2021 5:50,9.166744828
1/29/2021 6:00,9.498196936
1/29/2021 6:10,8.124646115
1/29/2021 6:20,7.999219251
1/29/2021 6:30,8.279457283
1/29/2021 6:40,7.850088191
1/29/2021 6:50,7.757888079
1/29/2021 7:00,7.823618031
1/29/2021 7:10,8.616218233
1/29/2021 7:20,8.909041691
1/29/2021 7:30,9.669491696
1/29/2021 7:40,9.590471196
1/29/2021 7:50,8.083047509
1/29/2021 8:00,7.313650489
1/29/2021 8:10,8.795179367
1/29/2021 8:20,8.245525122
1/29/2021 8:30,8.025448132
1/29/2021 8:40,7.480527377
1/29/2021 8:50,7.031667495
1/29/2021 9:00,6.77442832
1/29/2021 9:10,6.073712587
1/29/2021 9:20,6.873051023
1/29/2021 9:30,7.007796168
1/29/2021 9:40,6.382351279
1/29/2021 9:50,6.716791749
1/29/2021 10:00,6.064876795
1/29/2021 10:10,6.748255181
1/29/2021 10:20,7.282372546
1/29/2021 10:30,7.006441116
1/29/2021 10:40,7.830838847
1/29/2021 10:50,6.930687642
1/29/2021 11:00,7.411047864
1/29/2021 11:10,7.360762048
1/29/2021 11:20,7.63059073
1/29/2021 11:30,7.084960413
1/29/2021 11:40,6.90224967
1/29/2021 11:50,8.039351416
1/29/2021 12:00,7.608627057
1/29/2021 12:10,8.916039705
1/29/2021 12:20,8.165279269
1/29/2021 12:30,8.935419106
1/29/2021 12:40,9.916632676
1/29/2021 12:50,8.514477062
1/29/2021 13:00,7.677180391
1/29/2021 13:10,7.353856802
1/29/2021 13:20,8.01468184
1/29/2021 13:30,9.163533521
1/29/2021 13:40,8.769210386
1/29/2021 13:50,7.509262037
1/29/2021 14:00,6.693570185
1/29/2021 14:10,6.055892563
1/29/2021 14:20,5.746734071
1/29/2021 14:30,7.391891336
1/29/2021 14:40,6.952442741
1/29/2021 14:50,7.586983275
1/29/2021 15:00,7.525522828
1/29/2021 15:10,7.344148755
1/29/2021 15:20,6.364308524
1/29/2021 15:30,6.393414521
1/29/2021 15:40,6.815711403
1/29/2021 15:50,5.637883592
1/29/2021 16:00,5.059216273
1/29/2021 16:10,5.970894837
1/29/2021 16:20,4.998164213
1/29/2021 16:30,5.554259467
1/29/2021 16:40,4.665839791
1/29/2021 16:50,5.447488058
1/29/2021 17:00,6.127116871
1/29/2021 17:10,6.467905831
1/29/2021 17:20,7.107086968
1/29/2021 17:30,6.568718767
1/29/2021 17:40,6.68996892
1/29/2021 17:50,5.969164398
1/29/2021 18:00,5.878453684
1/29/2021 18:10,5.307211256
1/29/2021 18:20,6.063224745
1/29/2021 18:30,6.641984916
1/29/2021 18:40,5.464268589
1/29/2021 18:50,5.542658043
1/29/2021 19:00,5.389225257
1/29/2021 19:10,5.627414358
1/29/2021 19:20,5.254029691
1/29/2021 19:30,6.788777184
1/29/2021 19:40,5.670479369
1/29/2021 19:50,5.420535302
1/29/2021 20:00,5.100684834
1/29/2021 20:10,5.011621976
1/29/2021 20:20,5.174934864
1/29/2021 20:30,4.403978503
1/29/2021 20:40,4.187521124
1/29/2021 20:50,4.004383588
1/29/2021 21:00,2.280799818
1/29/2021 21:10,2.093429905
1/29/2021 21:20,2.143845648
1/29/2021 21:30,2.427654248
1/29/2021 21:40,1.797487497
1/29/2021 21:50,2.968788236
1/29/2021 22:00,2.932918918
1/29/2021 22:10,2.315112226
1/29/2021 22:20,2.083762476
1/29/2021 22:30,3.871228945
1/29/2021 22:40,5.6895861
1/29/2021 22:50,5.733443296
1/29/2021 23:00,5.607812428
1/29/2021 23:10,5.482255602
1/29/2021 23:20,6.079763865
1/29/2021 23:30,6.001225996
1/29/2021 23:40,5.341978836
1/29/2021 23:50,4.519604433
1/30/2021 0:00,5.572915893
1/30/2021 0:10,5.16179266
1/30/2021 0:20,4.922354913
1/30/2021 0:30,4.318498254
1/30/2021 0:40,4.167919242
1/30/2021 0:50,5.023093545
1/30/2021 1:00,5.212264037
1/30/2021 1:10,5.570501709
1/30/2021 1:20,5.345301533
1/30/2021 1:30,5.838878357
1/30/2021 1:40,5.680014324
1/30/2021 1:50,5.311721945
1/30/2021 2:00,6.352189139
1/30/2021 2:10,7.406982803
1/30/2021 2:20,7.347694087
1/30/2021 2:30,7.758185172
1/30/2021 2:40,8.443531156
1/30/2021 2:50,7.437870669
1/30/2021 3:00,10.31440854
1/30/2021 3:10,8.615568447
1/30/2021 3:20,9.379656792
1/30/2021 3:30,8.464766812
1/30/2021 3:40,9.990010405
1/30/2021 3:50,10.14008811
1/30/2021 4:00,9.324581814
1/30/2021 4:10,8.922759318
1/30/2021 4:20,9.459828115
1/30/2021 4:30,10.48609321
1/30/2021 4:40,9.869354033
1/30/2021 4:50,9.216826534
1/30/2021 5:00,9.032500768
1/30/2021 5:10,9.04727664
1/30/2021 5:20,9.217661762
1/30/2021 5:30,8.911064911
1/30/2021 5:40,9.153064322
1/30/2021 5:50,8.496490002
1/30/2021 6:00,8.927864027
1/30/2021 6:10,10.17739878
1/30/2021 6:20,9.201493835
1/30/2021 6:30,8.540873027
1/30/2021 6:40,9.338633585
1/30/2021 6:50,8.446241307
1/30/2021 7:00,9.41711576
1/30/2021 7:10,9.740585756
1/30/2021 7:20,8.603447223
1/30/2021 7:30,8.615958357
1/30/2021 7:40,8.343720603
1/30/2021 7:50,8.764829612
1/30/2021 8:00,9.03316915
1/30/2021 8:10,9.103428125
1/30/2021 8:20,8.198654747
1/30/2021 8:30,9.027526164
1/30/2021 8:40,9.904715586
1/30/2021 8:50,9.442509317
1/30/2021 9:00,9.192880821
1/30/2021 9:10,8.879675674
1/30/2021 9:20,8.314299178
1/30/2021 9:30,9.232122016
1/30/2021 9:40,9.808691788
1/30/2021 9:50,8.834958696
1/30/2021 10:00,9.129432302
1/30/2021 10:10,9.232567406
1/30/2021 10:20,9.232416826
1/30/2021 10:30,10.15657151
1/30/2021 10:40,8.706190586
1/30/2021 10:50,10.19597981
1/30/2021 11:00,8.766054702
1/30/2021 11:10,9.146270418
1/30/2021 11:20,7.981500878
1/30/2021 11:30,8.048187137
1/30/2021 11:40,7.989232707
1/30/2021 11:50,7.833641696
1/30/2021 12:00,7.024038315
1/30/2021 12:10,7.891612387
1/30/2021 12:20,8.132999229
1/30/2021 12:30,7.452961993
1/30/2021 12:40,7.274075174
1/30/2021 12:50,7.459830129
1/30/2021 13:00,7.770640612
1/30/2021 13:10,7.756960034
1/30/2021 13:20,7.978002334
1/30/2021 13:30,7.955560207
1/30/2021 13:40,7.553997755
1/30/2021 13:50,7.552512789
1/30/2021 14:00,8.432003927
1/30/2021 14:10,8.517781305
1/30/2021 14:20,8.059955788
1/30/2021 14:30,8.514124465
1/30/2021 14:40,7.64551084
1/30/2021 14:50,8.901468205
1/30/2021 15:00,7.641983986
1/30/2021 15:10,8.731899667
1/30/2021 15:20,7.695462513
1/30/2021 15:30,9.041954191
1/30/2021 15:40,8.539969977
1/30/2021 15:50,8.719796872
1/30/2021 16:00,9.065147475
1/30/2021 16:10,9.289073376
1/30/2021 16:20,9.637947057
1/30/2021 16:30,9.029258633
1/30/2021 16:40,8.592927708
1/30/2021 16:50,7.819923997
1/30/2021 17:00,7.600960779
1/30/2021 17:10,7.452887797
1/30/2021 17:20,7.252895379
1/30/2021 17:30,6.857922435
1/30/2021 17:40,7.730824089
1/30/2021 17:50,7.937795937
1/30/2021 18:00,7.978484941
1/30/2021 18:10,7.919456172
1/30/2021 18:20,8.515627956
1/30/2021 18:30,8.853855395
1/30/2021 18:40,8.069144225
1/30/2021 18:50,8.211499929
1/30/2021 19:00,8.639124298
1/30/2021 19:10,8.182709575
1/30/2021 19:20,8.715249205
1/30/2021 19:30,8.746842575
1/30/2021 19:40,8.664573646
1/30/2021 19:50,9.163329339
1/30/2021 20:00,8.714562321
1/30/2021 20:10,7.317325759
1/30/2021 20:20,7.969240832
1/30/2021 20:30,7.7825207
1/30/2021 20:40,7.120062256
1/30/2021 20:50,7.99669466
1/30/2021 21:00,7.32965126
1/30/2021 21:10,7.830506601
1/30/2021 21:20,8.547295713
1/30/2021 21:30,7.897088408
1/30/2021 21:40,8.000629997
1/30/2021 21:50,7.632721281
1/30/2021 22:00,7.035287189
1/30/2021 22:10,7.606436777
1/30/2021 22:20,7.252431366
1/30/2021 22:30,7.572931457
1/30/2021 22:40,7.906443954
1/30/2021 22:50,8.345391345
1/30/2021 23:00,7.949898648
1/30/2021 23:10,7.795792866
1/30/2021 23:20,8.006217384
1/30/2021 23:30,7.166579795
1/30/2021 23:40,7.059418511
1/30/2021 23:50,6.818087411
1/31/2021 0:00,6.655071545
1/31/2021 0:10,6.959032393
1/31/2021 0:20,6.118321093
1/31/2021 0:30,5.582585907
1/31/2021 0:40,5.60178306
1/31/2021 0:50,5.958420789
1/31/2021 1:00,5.583076352
1/31/2021 1:10,6.625390053
1/31/2021 1:20,6.45356324
1/31/2021 1:30,6.073692974
1/31/2021 1:40,6.350200939
1/31/2021 1:50,5.684234285
1/31/2021 2:00,5.652640772
1/31/2021 2:10,5.318051684
1/31/2021 2:20,5.518656588
1/31/2021 2:30,4.872031999
1/31/2021 2:40,5.477596426
1/31/2021 2:50,5.033061671
1/31/2021 3:00,5.385266578
1/31/2021 3:10,5.143842721
1/31/2021 3:20,6.1067909
1/31/2021 3:30,5.72590698
1/31/2021 3:40,5.539558017
1/31/2021 3:50,5.045851302
1/31/2021 4:00,4.744619
1/31/2021 4:10,4.78582772
1/31/2021 4:20,4.928591931
1/31/2021 4:30,5.18880111
1/31/2021 4:40,5.363548374
1/31/2021 4:50,5.013292623
1/31/2021 5:00,5.034505694
1/31/2021 5:10,5.181174483
1/31/2021 5:20,4.987119472
1/31/2021 5:30,5.731995463
1/31/2021 5:40,5.782207131
1/31/2021 5:50,5.859872591
1/31/2021 6:00,5.781204629
1/31/2021 6:10,6.230008815
1/31/2021 6:20,6.695333672
1/31/2021 6:30,6.531278157
1/31/2021 6:40,6.525653768
1/31/2021 6:50,6.567307925
1/31/2021 7:00,5.995675743
1/31/2021 7:10,6.536197186
1/31/2021 7:20,6.526915956
1/31/2021 7:30,6.021143544
1/31/2021 7:40,6.398760486
1/31/2021 7:50,6.025338674
1/31/2021 8:00,6.645567465
1/31/2021 8:10,6.531686544
1/31/2021 8:20,5.600981355
1/31/2021 8:30,5.361989152
1/31/2021 8:40,6.200884199
1/31/2021 8:50,6.876188064
1/31/2021 9:00,7.146959162
1/31/2021 9:10,6.698637664
1/31/2021 9:20,6.809344435
1/31/2021 9:30,6.175379348
1/31/2021 9:40,6.642523241
1/31/2021 9:50,6.129622746
1/31/2021 10:00,6.052217209
1/31/2021 10:10,6.594650578
1/31/2021 10:20,5.852336252
1/31/2021 10:30,5.860986376
1/31/2021 10:40,6.060533237
1/31/2021 10:50,6.301938486
1/31/2021 11:00,5.786699212
1/31/2021 11:10,5.723865128
1/31/2021 11:20,5.437185919
1/31/2021 11:30,6.109742403
1/31/2021 11:40,6.082993793
1/31/2021 11:50,5.400970459
1/31/2021 12:00,5.370676446
1/31/2021 12:10,5.462338102
1/31/2021 12:20,4.710890913
1/31/2021 12:30,5.215289736
1/31/2021 12:40,5.55696975
1/31/2021 12:50,6.164910102
1/31/2021 13:00,6.095560646
1/31/2021 13:10,5.551048303
1/31/2021 13:20,4.977671194
1/31/2021 13:30,4.612157047
1/31/2021 13:40,4.89445554
1/31/2021 13:50,5.175213242
1/31/2021 14:00,5.709460604
1/31/2021 14:10,4.873758388
1/31/2021 14:20,4.502136993
1/31/2021 14:30,5.705098474
1/31/2021 14:40,6.054630256
1/31/2021 14:50,5.56586113
1/31/2021 15:00,6.31728971
1/31/2021 15:10,5.751430345
1/31/2021 15:20,6.18208046
1/31/2021 15:30,5.699353248
1/31/2021 15:40,5.651378584
1/31/2021 15:50,5.032453951
1/31/2021 16:00,5.203555573
1/31/2021 16:10,5.17091076
1/31/2021 16:20,5.69229033
1/31/2021 16:30,5.444873735
1/31/2021 16:40,5.74910327
1/31/2021 16:50,5.36041137
1/31/2021 17:00,6.218592834
1/31/2021 17:10,5.358685029
1/31/2021 17:20,5.36859161
1/31/2021 17:30,5.033915544
1/31/2021 17:40,5.701163137
1/31/2021 17:50,5.489810562
1/31/2021 18:00,4.93867135
1/31/2021 18:10,5.473475575
1/31/2021 18:20,4.90572294
1/31/2021 18:30,5.683255246
1/31/2021 18:40,5.704393029
1/31/2021 18:50,5.855355726
1/31/2021 19:00,6.403976536
1/31/2021 19:10,5.588024783
1/31/2021 19:20,5.464175725
1/31/2021 19:30,5.000614429
1/31/2021 19:40,3.948788857
1/31/2021 19:50,5.04939667
1/31/2021 20:00,4.45771693
1/31/2021 20:10,5.019288254
1/31/2021 20:20,5.361859179
1/31/2021 20:30,6.204615283
1/31/2021 20:40,5.66474359
1/31/2021 20:50,5.238827002
1/31/2021 21:00,5.625910902
1/31/2021 21:10,5.002266431
1/31/2021 21:20,4.7852337
1/31/2021 21:30,5.044514751
1/31/2021 21:40,5.092331767
1/31/2021 21:50,4.95862608
1/31/2021 22:00,5.060274291
1/31/2021 22:10,4.632575715
1/31/2021 22:20,4.772914436
1/31/2021 22:30,5.160994422
1/31/2021 22:40,5.323174989
1/31/2021 22:50,5.246827435
1/31/2021 23:00,5.226705742
1/31/2021 23:10,5.028049767
1/31/2021 23:20,5.116760099
1/31/2021 23:30,5.410994244
1/31/2021 23:40,5.159787917
1/31/2021 23:50,5.054742658
2/1/2021 0:00,5.188467002
2/1/2021 0:10,5.257630813
2/1/2021 0:20,5.589862418
2/1/2021 0:30,5.315861344
2/1/2021 0:40,5.096044278
2/1/2021 0:50,5.045795488
2/1/2021 1:00,4.740850782
2/1/2021 1:10,4.177794433
2/1/2021 1:20,4.181581259
2/1/2021 1:30,4.47863692
2/1/2021 1:40,4.365516961
2/1/2021 1:50,4.30451097
2/1/2021 2:00,3.851168692
2/1/2021 2:10,4.478562701
2/1/2021 2:20,4.354732299
2/1/2021 2:30,4.41973803
2/1/2021 2:40,4.119916618
2/1/2021 2:50,3.97249316
2/1/2021 3:00,3.933604813
2/1/2021 3:10,4.02907182
2/1/2021 3:20,4.132650411
2/1/2021 3:30,4.168661654
2/1/2021 3:40,4.304947686
2/1/2021 3:50,3.969820321
2/1/2021 4:00,3.709338527
2/1/2021 4:10,4.0255077
2/1/2021 4:20,4.352708912
2/1/2021 4:30,4.78818512
2/1/2021 4:40,4.5823084
2/1/2021 4:50,4.285215604
2/1/2021 5:00,4.50822562
2/1/2021 5:10,4.26104728
2/1/2021 5:20,4.144159317
2/1/2021 5:30,4.275604381
2/1/2021 5:40,4.350091541
2/1/2021 5:50,4.682861483
2/1/2021 6:00,4.688077641
2/1/2021 6:10,4.637606144
2/1/2021 6:20,4.735746121
2/1/2021 6:30,4.347956884
2/1/2021 6:40,4.644826913
2/1/2021 6:50,4.991091895
2/1/2021 7:00,4.966663694
2/1/2021 7:10,4.92916739
2/1/2021 7:20,5.016726685
2/1/2021 7:30,4.667009151
2/1/2021 7:40,4.831361604
2/1/2021 7:50,4.926531529
2/1/2021 8:00,4.398613966
2/1/2021 8:10,3.890721202
2/1/2021 8:20,4.581844345
2/1/2021 8:30,4.3834113
2/1/2021 8:40,3.856626129
2/1/2021 8:50,3.353378153
2/1/2021 9:00,3.097642577
2/1/2021 9:10,3.46709199
2/1/2021 9:20,3.560331511
2/1/2021 9:30,3.988549864
2/1/2021 9:40,3.871104884
2/1/2021 9:50,4.081362259
2/1/2021 10:00,3.50681572
2/1/2021 10:10,3.245734221
2/1/2021 10:20,3.133004177
2/1/2021 10:30,2.86089651
2/1/2021 10:40,2.723497102
2/1/2021 10:50,2.608526707
2/1/2021 11:00,2.436375072
2/1/2021 11:10,2.825062513
2/1/2021 11:20,2.124431303
2/1/2021 11:30,2.474531263
2/1/2021 11:40,2.667933768
2/1/2021 11:50,2.703133802
2/1/2021 12:00,2.642787117
2/1/2021 12:10,2.894141996
2/1/2021 12:20,2.59646994
2/1/2021 12:30,2.371293715
2/1/2021 12:40,2.497950029
2/1/2021 12:50,2.049581206
2/1/2021 13:00,2.574262506
2/1/2021 13:10,2.51169368
2/1/2021 13:20,2.645156205
2/1/2021 13:30,3.172988141
2/1/2021 13:40,2.08173134
2/1/2021 13:50,2.078475061
2/1/2021 14:00,2.176500075
2/1/2021 14:10,2.656424958
2/1/2021 14:20,2.896701956
2/1/2021 14:30,2.193897343
2/1/2021 14:40,2.049825066
2/1/2021 14:50,2.436075002
2/1/2021 15:00,1.07349391
2/1/2021 15:10,0.975825047
2/1/2021 15:20,1.18336879
2/1/2021 15:30,2.40973115
2/1/2021 15:40,2.308368862
2/1/2021 15:50,1.97167502
2/1/2021 16:00,1.941862619
2/1/2021 16:10,1.980037552
2/1/2021 16:20,3.031148243
2/1/2021 16:30,3.074280633
2/1/2021 16:40,2.937188327
2/1/2021 16:50,2.781722051
2/1/2021 17:00,2.263218719
2/1/2021 17:10,2.629293585
2/1/2021 17:20,2.691450119
2/1/2021 17:30,2.962368941
2/1/2021 17:40,3.148957098
2/1/2021 17:50,3.632428181
2/1/2021 18:00,3.096510184
2/1/2021 18:10,3.004161894
2/1/2021 18:20,3.605791044
2/1/2021 18:30,4.517302656
2/1/2021 18:40,4.699326539
2/1/2021 18:50,4.823788118
2/1/2021 19:00,4.869526076
2/1/2021 19:10,5.347584748
2/1/2021 19:20,5.364420843
2/1/2021 19:30,5.425101638
2/1/2021 19:40,5.982719231
2/1/2021 19:50,5.991703486
2/1/2021 20:00,5.917471933
2/1/2021 20:10,5.598578032
2/1/2021 20:20,5.736691785
2/1/2021 20:30,5.502934241
2/1/2021 20:40,5.52884748
2/1/2021 20:50,5.950958776
2/1/2021 21:00,6.626689482
2/1/2021 21:10,7.009077001
2/1/2021 21:20,7.224476218
2/1/2021 21:30,7.275523114
2/1/2021 21:40,6.404254985
2/1/2021 21:50,6.296091342
2/1/2021 22:00,6.577850568
2/1/2021 22:10,6.674784827
2/1/2021 22:20,6.001021791
2/1/2021 22:30,5.756235223
2/1/2021 22:40,6.047613597
2/1/2021 22:50,6.855861998
2/1/2021 23:00,7.348343778
2/1/2021 23:10,8.185958028
2/1/2021 23:20,8.048280025
2/1/2021 23:30,8.337929296
2/1/2021 23:40,7.654420853
2/1/2021 23:50,7.86636734
2/2/2021 0:00,6.808954716
2/2/2021 0:10,5.302199292
2/2/2021 0:20,5.665263307
2/2/2021 0:30,5.716811347
2/2/2021 0:40,5.73645041
2/2/2021 0:50,5.37041651
2/2/2021 1:00,4.650525618
2/2/2021 1:10,5.841198683
2/2/2021 1:20,5.396274161
2/2/2021 1:30,4.620510042
2/2/2021 1:40,4.5771667
2/2/2021 1:50,4.540709925
2/2/2021 2:00,5.257519448
2/2/2021 2:10,4.959981155
2/2/2021 2:20,4.657784562
2/2/2021 2:30,4.984687793
2/2/2021 2:40,4.340699005
2/2/2021 2:50,4.686926711
2/2/2021 3:00,5.053765085
2/2/2021 3:10,5.914876198
2/2/2021 3:20,6.228468108
2/2/2021 3:30,4.836930358
2/2/2021 3:40,5.652213848
2/2/2021 3:50,5.194017053
2/2/2021 4:00,4.668531311
2/2/2021 4:10,4.890353155
2/2/2021 4:20,5.039020181
2/2/2021 4:30,4.409250367
2/2/2021 4:40,5.457029092
2/2/2021 4:50,5.505161726
2/2/2021 5:00,6.539872599
2/2/2021 5:10,5.552830219
2/2/2021 5:20,5.785065687
2/2/2021 5:30,5.721637607
2/2/2021 5:40,6.127172542
2/2/2021 5:50,5.935774636
2/2/2021 6:00,4.751264369
2/2/2021 6:10,4.72423737
2/2/2021 6:20,4.795851588
2/2/2021 6:30,5.794328356
2/2/2021 6:40,5.626133561
2/2/2021 6:50,5.24222393
2/2/2021 7:00,4.892246544
2/2/2021 7:10,4.560497546
2/2/2021 7:20,4.283489358
2/2/2021 7:30,4.358463323
2/2/2021 7:40,4.601557791
2/2/2021 7:50,4.501877213
2/2/2021 8:00,4.648539436
2/2/2021 8:10,4.249130177
2/2/2021 8:20,4.389444053
2/2/2021 8:30,4.427515841
2/2/2021 8:40,5.095023298
2/2/2021 8:50,6.06337254
2/2/2021 9:00,7.22264998
2/2/2021 9:10,7.574500084
2/2/2021 15:50,7.55146879
2/2/2021 16:00,6.706987453
2/2/2021 16:10,8.022881055
2/2/2021 16:20,7.868363571
2/2/2021 16:30,8.721596341
2/2/2021 16:40,8.911229406
2/2/2021 16:50,8.690048117
2/2/2021 17:00,9.005288243
2/2/2021 17:10,9.408614135
2/2/2021 17:20,8.183210731
2/2/2021 17:30,9.029141045
2/2/2021 17:40,8.802084613
2/2/2021 17:50,8.59695034
2/2/2021 18:00,8.492554975
2/2/2021 18:10,8.401301575
2/2/2021 18:20,8.271865225
2/2/2021 18:30,8.015591383
2/2/2021 18:40,8.144693637
2/2/2021 18:50,7.822745633
2/2/2021 19:00,8.091679049
2/2/2021 19:10,8.209012604
2/2/2021 19:20,7.215454745
2/2/2021 19:30,8.308155036
2/2/2021 19:40,7.408189249
2/2/2021 19:50,7.502319694
2/2/2021 20:00,9.471893811
2/2/2021 20:10,9.381104565
2/2/2021 20:20,7.617331003
2/2/2021 20:30,8.064503527
2/2/2021 20:40,7.510187934
2/2/2021 20:50,8.180667758
2/2/2021 21:00,6.705560534
2/2/2021 21:10,6.844947314
2/2/2021 21:20,7.724568629
2/2/2021 21:30,8.253265715
2/2/2021 21:40,9.178142166
2/2/2021 21:50,9.975100618
2/2/2021 22:00,8.630381417
2/2/2021 22:10,8.630251527
2/2/2021 22:20,9.126501346
2/2/2021 22:30,9.761468863
2/2/2021 22:40,10.3384655
2/2/2021 22:50,8.386544371
2/2/2021 23:00,8.216567612
2/2/2021 23:10,7.597166287
2/2/2021 23:20,7.548596001
2/2/2021 23:30,7.533337545
2/2/2021 23:40,8.248996282
2/2/2021 23:50,8.457156157
2/3/2021 0:00,7.796879241
2/3/2021 0:10,8.423848788
2/3/2021 0:20,8.786603427
2/3/2021 0:30,9.001585458
2/3/2021 0:40,8.910610585
2/3/2021 0:50,10.51184996
2/3/2021 1:00,9.985629439
2/3/2021 1:10,9.519487977
2/3/2021 1:20,10.19668517
2/3/2021 1:30,11.19118967
2/3/2021 1:40,11.24203224
2/3/2021 1:50,12.10262704
2/3/2021 2:00,10.60073512
2/3/2021 2:10,10.3820688
2/3/2021 2:20,9.451989776
2/3/2021 2:30,10.9829185
2/3/2021 2:40,10.14350359
2/3/2021 2:50,9.342568851
2/3/2021 3:00,8.9094872
2/3/2021 3:10,9.493426228
2/3/2021 3:20,8.89909215
2/3/2021 3:30,8.311589074
2/3/2021 3:40,8.522848845
2/3/2021 3:50,7.071910977
2/3/2021 4:00,7.715584254
2/3/2021 4:10,6.823433328
2/3/2021 4:20,6.798318458
2/3/2021 4:30,6.633817434
2/3/2021 4:40,6.011286879
2/3/2021 4:50,5.182025647
2/3/2021 5:00,5.589212763
2/3/2021 5:10,5.985986185
2/3/2021 5:20,6.428052092
2/3/2021 5:30,7.789797187
2/3/2021 5:40,7.948024058
2/3/2021 5:50,7.41112206
2/3/2021 6:00,6.103431106
2/3/2021 6:10,6.059512234
2/3/2021 6:20,6.804499626
2/3/2021 6:30,6.352377044
2/3/2021 6:40,5.763217664
2/3/2021 6:50,4.991555929
2/3/2021 7:00,4.581250489
2/3/2021 7:10,4.45413444
2/3/2021 7:20,4.460297143
2/3/2021 7:30,5.389721584
2/3/2021 7:40,5.711873722
2/3/2021 7:50,5.748367667
2/3/2021 8:00,5.718797541
2/3/2021 8:10,4.844986463
2/3/2021 8:20,4.470190978
2/3/2021 8:30,4.797726274
2/3/2021 8:40,4.715642977
2/3/2021 8:50,4.808863783
2/3/2021 9:00,4.747941661
2/3/2021 9:10,5.47531321
2/3/2021 9:20,5.450346708
2/3/2021 9:30,4.959758353
2/3/2021 9:40,5.135563803
2/3/2021 9:50,4.588044322
2/3/2021 10:00,4.609483957
2/3/2021 10:10,5.023724735
2/3/2021 10:20,4.803350711
2/3/2021 10:30,3.774060082
2/3/2021 10:40,3.568573225
2/3/2021 10:50,4.414577687
2/3/2021 11:00,4.992985249
2/3/2021 11:10,4.435646152
2/3/2021 11:20,4.058289158
2/3/2021 11:30,4.499946725
2/3/2021 11:40,4.66450336
2/3/2021 11:50,4.903254139
2/3/2021 12:00,4.525150713
2/3/2021 12:10,5.157820189
2/3/2021 12:20,5.652065396
2/3/2021 12:30,6.029051208
2/3/2021 12:40,6.217739058
2/3/2021 12:50,6.22041204
2/3/2021 13:00,6.055762601
2/3/2021 13:10,6.042434812
2/3/2021 13:20,5.400970435
2/3/2021 13:30,5.858220553
2/3/2021 13:40,5.285938609
2/3/2021 13:50,6.259300494
2/3/2021 14:00,6.683954763
2/3/2021 14:10,5.999258327
2/3/2021 14:20,5.377674532
2/3/2021 14:30,5.580061412
2/3/2021 14:40,4.47874819
2/3/2021 14:50,5.66591301
2/3/2021 15:00,6.403753924
2/3/2021 15:10,6.005421019
2/3/2021 15:20,5.611023736
2/3/2021 15:30,6.12256906
2/3/2021 15:40,5.671630216
2/3/2021 15:50,5.297985721
2/3/2021 16:00,5.947209144
2/3/2021 16:10,6.307424144
2/3/2021 16:20,6.450976753
2/3/2021 16:30,6.96025753
2/3/2021 16:40,6.848214388
2/3/2021 16:50,6.791505933
2/3/2021 17:00,6.697338271
2/3/2021 17:10,6.310755754
2/3/2021 17:20,6.56623137
2/3/2021 17:30,6.921350598
2/3/2021 17:40,7.332992506
2/3/2021 17:50,7.172649789
2/3/2021 18:00,7.601480651
2/3/2021 18:10,7.567622685
2/3/2021 18:20,6.972248912
2/3/2021 18:30,7.615124011
2/3/2021 18:40,7.861448479
2/3/2021 18:50,7.779059234
2/3/2021 19:00,7.29104129
2/3/2021 19:10,8.064240896
2/3/2021 19:20,8.604226851
2/3/2021 19:30,8.137621355
2/3/2021 19:40,7.914500213
2/3/2021 19:50,7.07127986
2/3/2021 20:00,6.876120567
2/3/2021 20:10,6.870470667
2/3/2021 20:20,6.277287483
2/3/2021 20:30,7.040391898
2/3/2021 20:40,7.202044461
2/3/2021 20:50,7.130958271
2/3/2021 21:00,6.543585157
2/3/2021 21:10,6.29323256
2/3/2021 21:20,6.648184776
2/3/2021 21:30,6.997475266
2/3/2021 21:40,6.919902825
2/3/2021 21:50,6.720225835
2/3/2021 22:00,6.683187936
2/3/2021 22:10,6.283710098
2/3/2021 22:20,5.606977034
2/3/2021 22:30,6.264813542
2/3/2021 22:40,6.480639672
2/3/2021 22:50,6.320965028
2/3/2021 23:00,6.376782489
2/3/2021 23:10,6.40902555
2/3/2021 23:20,6.552847838
2/3/2021 23:30,7.079874301
2/3/2021 23:40,7.116275454
2/3/2021 23:50,6.762121463
2/4/2021 0:00,6.880234623
2/4/2021 0:10,6.886731505
2/4/2021 0:20,6.822765255
2/4/2021 0:30,7.275188947
2/4/2021 0:40,7.536975908
2/4/2021 0:50,7.005420065
2/4/2021 1:00,7.344111538
2/4/2021 1:10,7.888735223
2/4/2021 1:20,7.859573627
2/4/2021 1:30,7.597638249
2/4/2021 1:40,7.600700974
2/4/2021 1:50,7.333385608
2/4/2021 2:00,8.020529103
2/4/2021 2:10,7.516538501
2/4/2021 2:20,7.068264791
2/4/2021 2:30,7.107133389
2/4/2021 2:40,7.043343329
2/4/2021 2:50,7.87397809
2/4/2021 3:00,7.366182327
2/4/2021 3:10,7.301844692
2/4/2021 3:20,6.666338873
2/4/2021 3:30,6.814319134
2/4/2021 3:40,6.828519511
2/4/2021 3:50,7.463486958
2/4/2021 4:00,7.734183908
2/4/2021 4:10,6.867296481
2/4/2021 4:20,6.116870379
2/4/2021 4:30,5.55410703
2/4/2021 4:40,5.653773093
2/4/2021 4:50,5.861413217
2/4/2021 5:00,6.802791858
2/4/2021 5:10,6.119190645
2/4/2021 5:20,5.744153929
2/4/2021 5:30,5.287850523
2/4/2021 5:40,4.978079581
2/4/2021 5:50,4.590271723
2/4/2021 6:00,5.135192513
2/4/2021 6:10,5.468259525
2/4/2021 6:20,5.662980103
2/4/2021 6:30,5.775134754
2/4/2021 6:40,5.830191183
2/4/2021 6:50,6.468277001
2/4/2021 7:00,6.350590777
2/4/2021 7:10,6.324529099
2/4/2021 7:20,5.630681467
2/4/2021 7:30,6.279347968
2/4/2021 7:40,5.456732297
2/4/2021 7:50,5.104248869
2/4/2021 8:00,5.033896971
2/4/2021 8:10,5.285492992
2/4/2021 8:20,5.797985172
2/4/2021 8:30,5.576181912
2/4/2021 8:40,5.148019254
2/4/2021 8:50,4.084833491
2/4/2021 9:00,3.315696204
2/4/2021 9:10,4.13044157
2/4/2021 9:20,5.434290135
2/4/2021 9:30,5.302143741
2/4/2021 9:40,4.604472136
2/4/2021 9:50,5.032189274
2/4/2021 10:00,5.726927948
2/4/2021 10:10,5.996418238
2/4/2021 10:20,4.834758496
2/4/2021 10:30,4.090847802
2/4/2021 10:40,4.914521503
2/4/2021 10:50,4.833347762
2/4/2021 11:00,4.603970945
2/4/2021 11:10,5.023372054
2/4/2021 11:20,5.393916655
2/4/2021 11:30,4.975281439
2/4/2021 11:40,4.469299924
2/4/2021 11:50,4.37869643
2/4/2021 12:00,3.772296655
2/4/2021 12:10,4.797522151
2/4/2021 12:20,4.431075652
2/4/2021 12:30,5.047744644
2/4/2021 12:40,4.639573705
2/4/2021 12:50,4.236136377
2/4/2021 13:00,4.841960728
2/4/2021 13:10,5.146849811
2/4/2021 13:20,5.253138661
2/4/2021 13:30,5.498015213
2/4/2021 13:40,5.235559988
2/4/2021 13:50,4.794997561
2/4/2021 14:00,4.542547536
2/4/2021 14:10,3.773261869
2/4/2021 14:20,4.107767896
2/4/2021 14:30,3.929836607
2/4/2021 14:40,4.500949013
2/4/2021 14:50,4.390149426
2/4/2021 15:00,4.282171416
2/4/2021 15:10,4.866221857
2/4/2021 15:20,5.678052878
2/4/2021 15:30,6.406203985
2/4/2021 15:40,6.031297326
2/4/2021 15:50,6.403698182
2/4/2021 16:00,5.469391799
2/4/2021 16:10,4.960445118
2/4/2021 16:20,5.146311462
2/4/2021 16:30,4.838192477
2/4/2021 16:40,4.041749901
2/4/2021 16:50,3.302628231
2/4/2021 17:00,3.890632558
2/4/2021 17:10,4.464677894
2/4/2021 17:20,4.707828176
2/4/2021 17:30,4.28170737
2/4/2021 17:40,3.728233224
2/4/2021 17:50,4.758726466
2/4/2021 18:00,4.999463522
2/4/2021 18:10,4.081028128
2/4/2021 18:20,4.938745689
2/4/2021 18:30,4.45625442
2/4/2021 18:40,4.161682332
2/4/2021 18:50,4.337654805
2/4/2021 19:00,5.814264464
2/4/2021 19:10,6.733275318
2/4/2021 19:20,5.435849392
2/4/2021 19:30,5.382500768
2/4/2021 19:40,5.236525273
2/4/2021 19:50,5.065341854
2/4/2021 20:00,4.836985958
2/4/2021 20:10,4.998498237
2/4/2021 20:20,4.945242429
2/4/2021 20:30,5.13079325
2/4/2021 20:40,5.229527199
2/4/2021 20:50,5.253342867
2/4/2021 21:00,4.276045799
2/4/2021 21:10,4.455136836
2/4/2021 21:20,6.153902556
2/4/2021 21:30,5.295294094
2/4/2021 21:40,5.013441098
2/4/2021 21:50,6.090771532
2/4/2021 22:00,6.411290216
2/4/2021 22:10,6.646885443
2/4/2021 22:20,6.515370059
2/4/2021 22:30,4.846081686
2/4/2021 22:40,4.462543225
2/4/2021 22:50,5.008429193
2/4/2021 23:00,4.917528629
2/4/2021 23:10,4.862565017
2/4/2021 23:20,5.497551179
2/4/2021 23:30,5.081732535
2/4/2021 23:40,5.15228858
2/4/2021 23:50,4.847046876
2/5/2021 0:00,5.06632576
2/5/2021 0:10,4.986042953
2/5/2021 0:20,4.925269294
2/5/2021 0:30,4.68484776
2/5/2021 0:40,4.531502938
2/5/2021 0:50,4.800325048
2/5/2021 1:00,4.336429536
2/5/2021 1:10,5.001171255
2/5/2021 1:20,5.477930546
2/5/2021 1:30,4.404591119
2/5/2021 1:40,4.290134704
2/5/2021 1:50,4.586410832
2/5/2021 2:00,4.290747333
2/5/2021 2:10,4.006722474
2/5/2021 2:20,4.051161027
2/5/2021 2:30,4.542974508
2/5/2021 2:40,4.575328994
2/5/2021 2:50,4.454449928
2/5/2021 3:00,4.795981359
2/5/2021 3:10,4.791656423
2/5/2021 3:20,4.580990577
2/5/2021 3:30,4.80012095
2/5/2021 3:40,4.820446837
2/5/2021 3:50,4.394882929
2/5/2021 4:00,4.101042972
2/5/2021 4:10,3.928727677
2/5/2021 4:20,4.469949591
2/5/2021 4:30,4.696542132
2/5/2021 4:40,5.280852509
2/5/2021 4:50,5.257723594
2/5/2021 5:00,4.910159457
2/5/2021 5:10,4.593650222
2/5/2021 5:20,4.226168358
2/5/2021 5:30,4.590643024
2/5/2021 5:40,4.822098899
2/5/2021 5:50,4.380979574
2/5/2021 6:00,5.334962225
2/5/2021 6:10,4.696653581
2/5/2021 6:20,4.872328973
2/5/2021 6:30,4.90481329
2/5/2021 6:40,4.616686356
2/5/2021 6:50,4.752563727
2/5/2021 7:00,4.319147861
2/5/2021 7:10,4.453855932
2/5/2021 7:20,4.537870859
2/5/2021 7:30,4.425471797
2/5/2021 7:40,4.634298199
2/5/2021 7:50,3.819909453
2/5/2021 8:00,3.609856224
2/5/2021 8:10,3.113068151
2/5/2021 8:20,3.502912402
2/5/2021 8:30,3.675992727
2/5/2021 8:40,4.048339665
2/5/2021 8:50,3.436872232
2/5/2021 9:00,2.896775317
2/5/2021 9:10,3.240579355
2/5/2021 9:20,4.287925792
2/5/2021 9:30,4.203039372
2/5/2021 9:40,4.177664518
2/5/2021 9:50,4.405983365
2/5/2021 10:00,3.819816637
2/5/2021 10:10,3.93410604
2/5/2021 10:20,4.522203171
2/5/2021 10:30,4.377823949
2/5/2021 10:40,4.621698081
2/5/2021 10:50,4.55427916
2/5/2021 11:00,4.762420487
2/5/2021 11:10,4.087116668
2/5/2021 11:20,3.817422116
2/5/2021 11:30,3.907078969
2/5/2021 11:40,5.096304142
2/5/2021 11:50,6.082641053
2/5/2021 12:00,6.029552364
2/5/2021 12:10,5.44422102
2/5/2021 12:20,4.451572776
2/5/2021 12:30,4.348179686
2/5/2021 12:40,4.418178856
2/5/2021 12:50,4.563151956
2/5/2021 13:00,4.611655927
2/5/2021 13:10,4.567644119
2/5/2021 13:20,4.515743351
2/5/2021 13:30,3.818944085
2/5/2021 13:40,3.96943053
2/5/2021 13:50,3.452409101
2/5/2021 14:00,3.489645493
2/5/2021 14:10,4.276639819
2/5/2021 14:20,4.772889662
2/5/2021 14:30,4.827426267
2/5/2021 14:40,4.49740355
2/5/2021 14:50,4.973977232
2/5/2021 15:00,4.817532444
2/5/2021 15:10,4.867131412
2/5/2021 15:20,5.101260352
2/5/2021 15:30,5.028885233
2/5/2021 15:40,5.299396479
2/5/2021 15:50,5.151106755
2/5/2021 16:00,4.853599453
2/5/2021 16:10,4.776259268
2/5/2021 16:20,5.539279652
2/5/2021 16:30,4.76501925
2/5/2021 16:40,4.981847787
2/5/2021 16:50,5.114662409
2/5/2021 17:00,5.632036448
2/5/2021 17:10,5.540282035
2/5/2021 17:20,5.790578794
2/5/2021 17:30,5.703947592
2/5/2021 17:40,4.50770582
2/5/2021 17:50,4.120677722
2/5/2021 18:00,4.773780656
2/5/2021 18:10,4.823806572
2/5/2021 18:20,4.458366573
2/5/2021 18:30,5.022870874
2/5/2021 18:40,5.273687315
2/5/2021 18:50,5.0039186
2/5/2021 19:00,5.39603281
2/5/2021 19:10,4.940805995
2/5/2021 19:20,4.900265515
2/5/2021 19:30,4.812854743
2/5/2021 19:40,5.331509542
2/5/2021 19:50,5.384802508
2/5/2021 20:00,6.533078766
2/5/2021 20:10,5.51453588
2/5/2021 20:20,5.642097235
2/5/2021 20:30,5.738974965
2/5/2021 20:40,5.293344951
2/5/2021 20:50,5.34882834
2/5/2021 21:00,5.27656455
2/5/2021 21:10,4.889128053
2/5/2021 21:20,5.01039685
2/5/2021 21:30,5.288314629
2/5/2021 21:40,5.433399224
2/5/2021 21:50,5.046185446
2/5/2021 22:00,5.212653923
2/5/2021 22:10,4.482312322
2/5/2021 22:20,4.533136463
2/5/2021 22:30,5.245342398
2/5/2021 22:40,5.052849269
2/5/2021 22:50,5.083960104
2/5/2021 23:00,4.786273241
2/5/2021 23:10,4.396293569
2/5/2021 23:20,4.156818807
2/5/2021 23:30,4.315286851
2/5/2021 23:40,3.332235396
2/5/2021 23:50,3.781893408
2/6/2021 0:00,3.347271037
2/6/2021 0:10,3.293479882
2/6/2021 0:20,2.940436739
2/6/2021 0:30,3.08654662
2/6/2021 0:40,2.613970876
2/6/2021 0:50,2.785874986
2/6/2021 1:00,2.853993744
2/6/2021 1:10,3.17361896
2/6/2021 1:20,3.568517518
2/6/2021 1:30,3.865796006
2/6/2021 1:40,3.514333582
2/6/2021 1:50,2.924340185
2/6/2021 2:00,2.578245258
2/6/2021 2:10,2.696729714
2/6/2021 2:20,2.241948456
2/6/2021 2:30,2.174109888
2/6/2021 2:40,1.524918696
2/6/2021 2:50,1.750368816
2/6/2021 3:00,2.043431258
2/6/2021 3:10,1.732593572
2/6/2021 3:20,2.106356215
2/6/2021 3:30,2.789024997
2/6/2021 3:40,3.020596051
2/6/2021 3:50,2.468577999
2/6/2021 4:00,2.075149155
2/6/2021 4:10,2.088881248
2/6/2021 4:20,1.925400165
2/6/2021 4:30,2.265074861
2/6/2021 4:40,2.062199974
2/6/2021 4:50,1.930837518
2/6/2021 5:00,1.754399985
2/6/2021 5:10,1.193643668
2/6/2021 5:20,0.492299985
2/6/2021 5:30,0.659174898
2/6/2021 5:40,0.729787271
2/6/2021 5:50,0.816881426
2/6/2021 6:00,1.419056305
2/6/2021 6:10,1.593449944
2/6/2021 6:20,1.342443776
2/6/2021 6:30,0.686526198
2/6/2021 6:40,0.712012368
2/6/2021 6:50,0.505387527
2/6/2021 7:00,0.746193729
2/6/2021 7:10,1.601024914
2/6/2021 7:20,2.023706436
2/6/2021 7:30,1.913831407
2/6/2021 7:40,1.658512539
2/6/2021 7:50,1.218937665
2/6/2021 8:00,1.29703145
2/6/2021 8:10,1.658960355
2/6/2021 8:20,1.799793869
2/6/2021 8:30,2.302818811
2/6/2021 8:40,2.077856177
2/6/2021 8:50,1.410956252
2/6/2021 9:00,0.627918597
2/6/2021 9:10,0.746962243
2/6/2021 9:20,1.295868886
2/6/2021 9:30,1.168631476
2/6/2021 9:40,1.013962457
2/6/2021 9:50,1.219556335
2/6/2021 10:00,1.847137481
2/6/2021 10:10,1.360218906
2/6/2021 10:20,0.776306146
2/6/2021 10:30,0.869455957
2/6/2021 10:40,1.377506182
2/6/2021 10:50,1.976699996
2/6/2021 11:00,1.907362312
2/6/2021 11:10,2.571731067
2/6/2021 11:20,2.623668921
2/6/2021 11:30,2.62539382
2/6/2021 11:40,2.018812621
2/6/2021 11:50,2.165850088
2/6/2021 12:00,2.458481365
2/6/2021 12:10,2.664899951
2/6/2021 12:20,2.343243694
2/6/2021 12:30,1.712906164
2/6/2021 12:40,1.45108123
2/6/2021 12:50,1.794168767
2/6/2021 13:00,2.883150089
2/6/2021 13:10,2.61714476
2/6/2021 13:20,2.455624983
2/6/2021 13:30,2.21834996
2/6/2021 13:40,2.958197318
2/6/2021 13:50,3.077082586
2/6/2021 14:00,2.81991505
2/6/2021 14:10,1.760175048
2/6/2021 14:20,2.359875027
2/6/2021 14:30,2.905000051
2/6/2021 14:40,2.792786019
2/6/2021 14:50,2.8199476
2/6/2021 15:00,3.169481236
2/6/2021 15:10,2.888758886
2/6/2021 15:20,3.480772537
2/6/2021 15:30,3.841831779
2/6/2021 15:40,4.324382591
2/6/2021 15:50,5.239996457
2/6/2021 16:00,4.658043432
2/6/2021 16:10,4.698119855
2/6/2021 16:20,5.535548663
2/6/2021 16:30,4.147129261
2/6/2021 16:40,4.869470394
2/6/2021 16:50,4.557304764
2/6/2021 17:00,4.882426965
2/6/2021 17:10,5.709320871
2/6/2021 17:20,4.556580925
2/6/2021 17:30,4.5326352
2/6/2021 17:40,4.895346403
2/6/2021 17:50,5.781631637
2/6/2021 18:00,6.806133151
2/6/2021 18:10,6.054686046
2/6/2021 18:20,4.918568206
2/6/2021 18:30,4.307453585
2/6/2021 18:40,3.960165686
2/6/2021 18:50,5.80212456
2/6/2021 19:00,5.664353764
2/6/2021 19:10,4.785790586
2/6/2021 19:20,4.204802918
2/6/2021 19:30,4.923097467
2/6/2021 19:40,5.404924262
2/6/2021 19:50,6.386787653
2/6/2021 20:00,6.81530304
2/6/2021 20:10,6.453352785
2/6/2021 20:20,6.892838597
2/6/2021 20:30,8.266890478
2/6/2021 20:40,7.930816364
2/6/2021 20:50,8.032724714
2/6/2021 21:00,7.328073597
2/6/2021 21:10,8.300024652
2/6/2021 21:20,7.973695898
2/6/2021 21:30,8.412234879
2/6/2021 21:40,8.456654978
2/6/2021 21:50,7.443402362
2/6/2021 22:00,7.247141027
2/6/2021 22:10,6.939282012
2/6/2021 22:20,6.687481689
2/6/2021 22:30,8.31598835
2/6/2021 22:40,6.694089937
2/6/2021 22:50,7.098789477
2/6/2021 23:00,6.513216794
2/6/2021 23:10,5.733202028
2/6/2021 23:20,5.948824143
2/6/2021 23:30,6.877301693
2/6/2021 23:40,7.583753395
2/6/2021 23:50,7.050953984
2/7/2021 0:00,8.562386942
2/7/2021 0:10,9.762694025
2/7/2021 0:20,9.991216803
2/7/2021 0:30,10.25736601
2/7/2021 0:40,9.62193444
2/7/2021 0:50,9.980058193
2/7/2021 1:00,9.363878655
2/7/2021 1:10,9.742590785
2/7/2021 1:20,9.145732069
2/7/2021 1:30,10.65779619
2/7/2021 1:40,10.65425091
2/7/2021 1:50,10.03947933
2/7/2021 2:00,10.45076861
2/7/2021 2:10,11.16731839
2/7/2021 2:20,10.67325888
2/7/2021 2:30,10.96933062
2/7/2021 2:40,10.86543641
2/7/2021 2:50,10.36139023
2/7/2021 3:00,11.03986812
2/7/2021 3:10,11.44905982
2/7/2021 3:20,12.06550198
2/7/2021 3:30,11.13351591
2/7/2021 3:40,12.21556132
2/7/2021 3:50,12.90672179
2/7/2021 4:00,12.22477921
2/7/2021 4:10,11.53788152
2/7/2021 4:20,11.1337388
2/7/2021 4:30,9.775334907
2/7/2021 4:40,11.85619125
2/7/2021 4:50,10.89966564
2/7/2021 5:00,10.76009906
2/7/2021 5:10,10.70771079
2/7/2021 5:20,10.78797498
2/7/2021 5:30,11.02984438
2/7/2021 5:40,10.36074033
2/7/2021 5:50,9.644877672
2/7/2021 6:00,10.06951337
2/7/2021 6:10,11.33176346
2/7/2021 6:20,11.04341366
2/7/2021 6:30,10.36597512
2/7/2021 6:40,10.23986142
2/7/2021 6:50,11.595648
2/7/2021 7:00,10.6154551
2/7/2021 7:10,10.2122963
2/7/2021 7:20,10.06227419
2/7/2021 7:30,10.28190565
2/7/2021 7:40,10.08991365
2/7/2021 7:50,11.12143173
2/7/2021 8:00,10.30432909
2/7/2021 8:10,10.85407619
2/7/2021 8:20,11.53352993
2/7/2021 8:30,10.71563694
2/7/2021 8:40,10.32504475
2/7/2021 8:50,11.88603973
2/7/2021 9:00,11.54645729
2/7/2021 9:10,11.0970407
2/7/2021 9:20,11.07832966
2/7/2021 9:30,10.88669047
2/7/2021 9:40,10.85426178
2/7/2021 9:50,10.49266427
2/7/2021 10:00,11.28964522
2/7/2021 10:10,11.77644672
2/7/2021 10:20,12.01232047
2/7/2021 10:30,11.56580935
2/7/2021 10:40,11.15261674
2/7/2021 10:50,13.06121306
2/7/2021 11:00,9.803661275
2/7/2021 11:10,10.99338775
2/7/2021 11:20,10.8173223
2/7/2021 11:30,11.68491502
2/7/2021 11:40,9.194365811
2/7/2021 11:50,10.3562484
2/7/2021 12:00,11.96712074
2/7/2021 12:10,10.27698662
2/7/2021 12:20,10.10894024
2/7/2021 12:30,11.66594424
2/7/2021 12:40,10.1563303
2/7/2021 12:50,12.68844104
2/7/2021 13:00,10.36090746
2/7/2021 13:10,11.72044358
2/7/2021 13:20,11.12959929
2/7/2021 13:30,10.4798933
2/7/2021 13:40,13.7020092
2/7/2021 13:50,13.22122178
2/7/2021 14:00,13.40907426
2/7/2021 14:10,12.66969275
2/7/2021 14:20,12.36229773
2/7/2021 14:30,14.15472989
2/7/2021 14:40,14.70293622
2/7/2021 14:50,13.43844018
2/7/2021 15:00,13.54023676
2/7/2021 15:10,12.19026065
2/7/2021 15:20,10.75432124
2/7/2021 15:30,12.36426549
2/7/2021 15:40,12.39029007
2/7/2021 15:50,12.48347397
2/7/2021 16:00,11.51896629
2/7/2021 16:10,11.68489637
2/7/2021 16:20,13.5579083
2/7/2021 16:30,11.22491786
2/7/2021 16:40,10.64502516
2/7/2021 16:50,10.66848822
2/7/2021 17:00,12.33749828
2/7/2021 17:10,11.47101936
2/7/2021 17:20,10.08792746
2/7/2021 17:30,10.31685882
2/7/2021 17:40,8.559187721
2/7/2021 17:50,11.12648082
2/7/2021 18:00,10.43872161
2/7/2021 18:10,10.67916169
2/7/2021 18:20,11.06184611
2/7/2021 18:30,10.73765197
2/7/2021 18:40,10.58568096
2/7/2021 18:50,11.11758933
2/7/2021 19:00,11.22153935
2/7/2021 19:10,11.41958261
2/7/2021 19:20,11.60405686
2/7/2021 19:30,11.59444153
2/7/2021 19:40,10.52357066
2/7/2021 19:50,10.75563917
2/7/2021 20:00,10.29942844
2/7/2021 20:10,10.32363398
2/7/2021 20:20,10.23975022
2/7/2021 20:30,9.913681293
2/7/2021 20:40,9.926990604
2/7/2021 20:50,10.26993284
2/7/2021 21:00,10.78697283
2/7/2021 21:10,9.948096108
2/7/2021 21:20,10.04801822
2/7/2021 21:30,9.949692559
2/7/2021 21:40,11.85078959
2/7/2021 21:50,10.17294369
2/7/2021 22:00,10.80015202
2/7/2021 22:10,12.5757664
2/7/2021 22:20,11.98805933
2/7/2021 22:30,11.5776052
2/7/2021 22:40,11.10587645
2/7/2021 22:50,11.96344547
2/7/2021 23:00,11.22721949
2/7/2021 23:10,10.35377965
2/7/2021 23:20,10.95906568
2/7/2021 23:30,11.15976348
2/7/2021 23:40,10.62680079
2/7/2021 23:50,10.57578702
2/8/2021 0:00,9.990455794
2/8/2021 0:10,10.28693607
2/8/2021 0:20,11.52653975
2/8/2021 0:30,11.84067302
2/8/2021 0:40,10.7551008
2/8/2021 0:50,9.885317826
2/8/2021 1:00,10.86569624
2/8/2021 1:10,10.1901511
2/8/2021 1:20,9.427362323
2/8/2021 1:30,9.060530186
2/8/2021 1:40,10.78769658
2/8/2021 1:50,12.0866447
2/8/2021 2:00,12.30725999
2/8/2021 2:10,10.50659039
2/8/2021 2:20,8.534227657
2/8/2021 2:30,10.45475965
2/8/2021 2:40,11.47215171
2/8/2021 2:50,12.56193738
2/8/2021 3:00,9.936958647
2/8/2021 3:10,12.23727932
2/8/2021 3:20,10.18926005
2/8/2021 3:30,10.38422222
2/8/2021 3:40,9.860406899
2/8/2021 3:50,8.280626726
2/8/2021 4:00,7.276451206
2/8/2021 4:10,5.965883064
2/8/2021 4:20,6.782465935
2/8/2021 4:30,8.890107942
2/8/2021 4:40,7.671851015
2/8/2021 4:50,7.764199352
2/8/2021 5:00,7.165837216
2/8/2021 5:10,7.976944304
2/8/2021 5:20,8.405311108
2/8/2021 5:30,7.29996984
2/8/2021 5:40,7.612023997
2/8/2021 5:50,8.047259092
2/8/2021 6:00,6.732143021
2/8/2021 6:10,6.593406808
2/8/2021 6:20,8.159766293
2/8/2021 6:30,9.036862898
2/8/2021 6:40,8.301769543
2/8/2021 6:50,9.035749364
2/8/2021 7:00,9.299039745
2/8/2021 7:10,8.52071414
2/8/2021 7:20,8.089859962
2/8/2021 7:30,8.140015793
2/8/2021 7:40,8.771371465
2/8/2021 7:50,9.733086705
2/8/2021 8:00,9.8318578
2/8/2021 8:10,9.532723022
2/8/2021 8:20,10.05325277
2/8/2021 8:30,9.520360351
2/8/2021 8:40,9.352555442
2/8/2021 8:50,8.822150588
2/8/2021 9:00,8.321464348
2/8/2021 9:10,7.579725424
2/8/2021 9:20,7.811069751
2/8/2021 9:30,7.938816869
2/8/2021 9:40,8.432224751
2/8/2021 9:50,9.692657471
2/8/2021 10:00,8.885096025
2/8/2021 10:10,11.04662497
2/8/2021 10:20,10.81309013
2/8/2021 10:30,9.876092243
2/8/2021 10:40,10.10660133
2/8/2021 10:50,8.658113694
2/8/2021 11:00,9.211610508
2/8/2021 11:10,9.618871593
2/8/2021 11:20,9.419640398
2/8/2021 11:30,9.096485615
2/8/2021 11:40,9.105637121
2/8/2021 11:50,9.775520658
2/8/2021 12:00,8.668601465
2/8/2021 12:10,8.472915649
2/8/2021 12:20,8.884242249
2/8/2021 12:30,8.700083685
2/8/2021 12:40,7.213394427
2/8/2021 12:50,8.114845022
2/8/2021 13:00,7.952999567
2/8/2021 13:10,8.362951541
2/8/2021 13:20,7.834254479
2/8/2021 13:30,9.32755177
2/8/2021 13:40,6.821113014
2/8/2021 13:50,6.85393157
2/8/2021 14:00,7.218684721
2/8/2021 14:10,7.94603765
2/8/2021 14:20,7.585813899
2/8/2021 14:30,6.775393593
2/8/2021 14:40,8.35511806
2/8/2021 14:50,7.735576057
2/8/2021 15:00,7.050007272
2/8/2021 15:10,7.212057877
2/8/2021 15:20,7.000612438
2/8/2021 15:30,7.546220016
2/8/2021 15:40,7.933656502
2/8/2021 15:50,7.517206812
2/8/2021 16:00,7.467310882
2/8/2021 16:10,6.549710703
2/8/2021 16:20,5.97928409
2/8/2021 16:30,5.379619413
2/8/2021 16:40,4.995992374
2/8/2021 16:50,5.775858688
2/8/2021 17:00,5.906668663
2/8/2021 17:10,6.171109998
2/8/2021 17:20,4.903291202
2/8/2021 17:30,6.692879476
2/8/2021 17:40,6.259318995
2/8/2021 17:50,6.840473771
2/8/2021 18:00,6.977093816
2/8/2021 18:10,7.140332341
2/8/2021 18:20,8.227705073
2/8/2021 18:30,7.943698978
2/8/2021 18:40,7.444571877
2/8/2021 18:50,7.228411579
2/8/2021 19:00,5.602614927
2/8/2021 19:10,5.948211551
2/8/2021 19:20,7.291635394
2/8/2021 19:30,7.678548085
2/8/2021 19:40,8.056276004
2/8/2021 19:50,7.209796128
2/8/2021 20:00,6.776414585
2/8/2021 20:10,6.633668876
2/8/2021 20:20,6.898351622
2/8/2021 20:30,6.611616659
2/8/2021 20:40,7.041282916
2/8/2021 20:50,5.958410087
2/8/2021 21:00,5.55054704
2/8/2021 21:10,5.953965902
2/8/2021 21:20,5.192197967
2/8/2021 21:30,5.405759525
2/8/2021 21:40,6.291691899
2/8/2021 21:50,5.625075555
2/8/2021 22:00,5.752080107
2/8/2021 22:10,6.17487824
2/8/2021 22:20,5.516299272
2/8/2021 22:30,4.983369911
2/8/2021 22:40,5.140464354
2/8/2021 22:50,4.965828216
2/8/2021 23:00,4.891485596
2/8/2021 23:10,5.461725509
2/8/2021 23:20,4.905036116
2/8/2021 23:30,4.973921561
2/8/2021 23:40,4.263182032
2/8/2021 23:50,4.083255661
2/9/2021 0:00,3.586541694
2/9/2021 0:10,4.351669383
2/9/2021 0:20,3.208609235
2/9/2021 0:30,2.785217148
2/9/2021 0:40,3.89902283
2/9/2021 0:50,3.639222085
2/9/2021 1:00,4.355623198
2/9/2021 1:10,5.237880349
2/9/2021 1:20,4.870584106
2/9/2021 1:30,5.066362882
2/9/2021 1:40,4.438022196
2/9/2021 1:50,4.820409751
2/9/2021 2:00,4.60710808
2/9/2021 2:10,4.001487863
2/9/2021 2:20,4.69810133
2/9/2021 2:30,3.7753039
2/9/2021 2:40,4.663216465
2/9/2021 2:50,4.942455216
2/9/2021 3:00,3.948064947
2/9/2021 3:10,4.768564558
2/9/2021 3:20,4.620417249
2/9/2021 3:30,4.436277306
2/9/2021 3:40,4.287071812
2/9/2021 3:50,4.507464576
2/9/2021 4:00,5.245379555
2/9/2021 4:10,5.59372538
2/9/2021 4:20,4.440769386
2/9/2021 4:30,5.343333888
2/9/2021 4:40,5.706954646
2/9/2021 4:50,5.410548687
2/9/2021 5:00,5.183065295
2/9/2021 5:10,5.094299388
2/9/2021 5:20,5.431283057
2/9/2021 5:30,5.015093207
2/9/2021 5:40,5.062464809
2/9/2021 5:50,4.941195941
2/9/2021 6:00,5.260378051
2/9/2021 6:10,5.406817555
2/9/2021 6:20,5.636528659
2/9/2021 6:30,5.37292254
2/9/2021 6:40,5.342034483
2/9/2021 6:50,5.535270119
2/9/2021 7:00,5.731939793
2/9/2021 7:10,5.475851512
2/9/2021 7:20,5.762011099
2/9/2021 7:30,5.550621247
2/9/2021 7:40,5.182731223
2/9/2021 7:50,5.386287427
2/9/2021 8:00,6.186670303
2/9/2021 8:10,5.881869173
2/9/2021 8:20,5.197878182
2/9/2021 8:30,4.867447078
2/9/2021 8:40,4.679427445
2/9/2021 8:50,4.812687635
2/9/2021 9:00,4.555077279
2/9/2021 9:10,4.119471085
2/9/2021 9:20,3.91378001
2/9/2021 9:30,4.175678396
2/9/2021 9:40,4.023484361
2/9/2021 9:50,4.761937785
2/9/2021 10:00,5.26891681
2/9/2021 10:10,4.717647707
2/9/2021 10:20,4.60798043
2/9/2021 10:30,5.001604411
2/9/2021 10:40,4.68347897
2/9/2021 10:50,4.411978984
2/9/2021 11:00,4.641114509
2/9/2021 11:10,4.911310208
2/9/2021 11:20,5.368133402
2/9/2021 11:30,5.437427235
2/9/2021 11:40,4.833106482
2/9/2021 11:50,6.16710043
2/9/2021 12:00,4.792881453
2/9/2021 12:10,5.837987375
2/9/2021 12:20,6.724699354
2/9/2021 12:30,6.500172717
2/9/2021 12:40,7.578975
2/9/2021 12:50,6.998607779
2/9/2021 13:00,6.738268566
2/9/2021 13:10,6.528345323
2/9/2021 13:20,4.878621721
2/9/2021 13:30,5.217443001
2/9/2021 13:40,4.979211855
2/9/2021 13:50,5.347714591
2/9/2021 14:00,5.647090602
2/9/2021 14:10,5.376022458
2/9/2021 14:20,5.442880706
2/9/2021 14:30,5.485776254
2/9/2021 14:40,5.279942882
2/9/2021 14:50,4.990463721
2/9/2021 15:00,4.899272931
2/9/2021 15:10,5.554667854
2/9/2021 15:20,6.209979749
2/9/2021 15:30,6.280591512
2/9/2021 15:40,7.242648959
2/9/2021 15:50,8.11165235
2/9/2021 16:00,8.179331112
2/9/2021 16:10,7.068495488
2/9/2021 16:20,7.932449961
2/9/2021 16:30,6.845949745
2/9/2021 16:40,5.656316113
2/9/2021 16:50,4.401416826
2/9/2021 17:00,3.975853074
2/9/2021 17:10,5.417305446
2/9/2021 17:20,5.435719371
2/9/2021 17:30,6.242983985
2/9/2021 17:40,6.304258798
2/9/2021 17:50,5.441300551
2/9/2021 18:00,5.913740921
2/9/2021 18:10,5.826515698
2/9/2021 18:20,5.726204026
2/9/2021 18:30,5.62774843
2/9/2021 18:40,5.494525397
2/9/2021 18:50,5.986617279
2/9/2021 19:00,6.07699815
2/9/2021 19:10,5.949566436
2/9/2021 19:20,5.489829135
2/9/2021 19:30,5.94212296
2/9/2021 19:40,5.231123602
2/9/2021 19:50,4.451015973
2/9/2021 20:00,5.026898932
2/9/2021 20:10,4.91886512
2/9/2021 20:20,6.00228405
2/9/2021 20:30,5.239309585
2/9/2021 20:40,5.270735931
2/9/2021 20:50,5.002229393
2/9/2021 21:00,5.554129648
2/9/2021 21:10,5.856846881
2/9/2021 21:20,5.493634439
2/9/2021 21:30,5.625502503
2/9/2021 21:40,5.964843535
2/9/2021 21:50,5.917611599
2/9/2021 22:00,7.075252175
2/9/2021 22:10,6.512041619
2/9/2021 22:20,6.377562141
2/9/2021 22:30,6.485503078
2/9/2021 22:40,5.900468755
2/9/2021 22:50,5.646608019
2/9/2021 23:00,5.556060171
2/9/2021 23:10,6.014591026
2/9/2021 23:20,4.93573854
2/9/2021 23:30,4.523094213
2/9/2021 23:40,5.021014583
2/9/2021 23:50,5.763013422
2/10/2021 0:00,6.330642319
2/10/2021 0:10,6.186709354
2/10/2021 0:20,5.863510871
2/10/2021 0:30,5.862786841
2/10/2021 0:40,5.6824893
2/10/2021 0:50,6.105660756
2/10/2021 1:00,5.584070945
2/10/2021 1:10,5.700693635
2/10/2021 1:20,5.526060104
2/10/2021 1:30,5.536810875
2/10/2021 1:40,6.394955134
2/10/2021 1:50,6.224031711
2/10/2021 2:00,5.30685854
2/10/2021 2:10,4.576294172
2/10/2021 2:20,4.562595189
2/10/2021 2:30,4.918308246
2/10/2021 2:40,5.971099067
2/10/2021 2:50,5.905554795
2/10/2021 3:00,5.8995592
2/10/2021 3:10,6.074659228
2/10/2021 3:20,5.745063496
2/10/2021 3:30,5.680465984
2/10/2021 3:40,5.714899397
2/10/2021 3:50,6.163035309
2/10/2021 4:00,6.303027806
2/10/2021 4:10,6.242074394
2/10/2021 4:20,5.762289596
2/10/2021 4:30,5.408748198
2/10/2021 4:40,5.964342308
2/10/2021 4:50,5.662571764
2/10/2021 5:00,5.301772463
2/10/2021 5:10,5.930447137
2/10/2021 5:20,5.546055079
2/10/2021 5:30,4.785159469
2/10/2021 5:40,3.699494553
2/10/2021 5:50,3.469672185
2/10/2021 6:00,5.498141408
2/10/2021 6:10,4.702482104
2/10/2021 6:20,5.251523638
2/10/2021 6:30,5.006721449
2/10/2021 6:40,5.516336334
2/10/2021 6:50,5.767709756
2/10/2021 7:00,6.32321111
2/10/2021 7:10,5.900468731
2/10/2021 7:20,5.310162747
2/10/2021 7:30,4.281150544
2/10/2021 7:40,4.459573281
2/10/2021 7:50,4.663018239
2/10/2021 8:00,4.093390846
2/10/2021 8:10,4.669348109
2/10/2021 8:20,4.675566435
2/10/2021 8:30,4.499092841
2/10/2021 8:40,3.300196576
2/10/2021 8:50,3.553407675
2/10/2021 9:00,3.154295391
2/10/2021 9:10,3.273633677
2/10/2021 9:20,3.627193552
2/10/2021 9:30,3.577464616
2/10/2021 9:40,4.078967738
2/10/2021 9:50,4.92348727
2/10/2021 10:00,4.9968336
2/10/2021 10:10,4.755273771
2/10/2021 10:20,4.339095768
2/10/2021 10:30,3.880070519
2/10/2021 10:40,4.445521402
2/10/2021 10:50,4.26518681
2/10/2021 11:00,4.233964634
2/10/2021 11:10,3.642247772
2/10/2021 11:20,2.234634805
2/10/2021 11:30,2.342249829
2/10/2021 11:40,2.957737577
2/10/2021 11:50,2.760523111
2/10/2021 12:00,2.258172119
2/10/2021 12:10,2.350854635
2/10/2021 12:20,3.18241756
2/10/2021 12:30,3.360339117
2/10/2021 12:40,3.405278933
2/10/2021 12:50,3.851911187
2/10/2021 13:00,3.849999356
2/10/2021 13:10,3.714158845
2/10/2021 13:20,4.171371889
2/10/2021 13:30,3.852932161
2/10/2021 13:40,4.522685683
2/10/2021 13:50,5.012438738
2/10/2021 14:00,5.57562505
2/10/2021 14:10,4.770662153
2/10/2021 14:20,4.121141672
2/10/2021 14:30,3.754346722
2/10/2021 14:40,4.531707239
2/10/2021 14:50,4.413426828
2/10/2021 15:00,5.412664771
2/10/2021 15:10,4.911068964
2/10/2021 15:20,3.810052776
2/10/2021 15:30,3.956789374
2/10/2021 15:40,4.716911015
2/10/2021 15:50,4.314284563
2/10/2021 16:00,5.094002354
2/10/2021 16:10,5.325643754
2/10/2021 16:20,5.827295446
2/10/2021 16:30,5.532151651
2/10/2021 16:40,5.437835491
2/10/2021 16:50,6.666654515
2/10/2021 17:00,6.275059962
2/10/2021 17:10,6.494505858
2/10/2021 17:20,6.296963739
2/10/2021 17:30,6.360152615
2/10/2021 17:40,6.198211312
2/10/2021 17:50,4.126710439
2/10/2021 18:00,3.873907864
2/10/2021 18:10,3.2182989
2/10/2021 18:20,3.656151104
2/10/2021 18:30,2.757893193
2/10/2021 18:40,3.632688129
2/10/2021 18:50,3.221157432
2/10/2021 19:00,2.260529524
2/10/2021 19:10,2.084705564
2/10/2021 19:20,2.515726846
2/10/2021 19:30,3.546632326
2/10/2021 19:40,4.349998738
2/10/2021 19:50,4.224033678
2/10/2021 20:00,4.730195868
2/10/2021 20:10,4.419441092
2/10/2021 20:20,4.685980129
2/10/2021 20:30,4.145272934
2/10/2021 20:40,4.833885968
2/10/2021 20:50,5.077667379
2/10/2021 21:00,4.537851283
2/10/2021 21:10,4.691474509
2/10/2021 21:20,4.79718802
2/10/2021 21:30,5.131350136
2/10/2021 21:40,5.004735279
2/10/2021 21:50,4.622329164
2/10/2021 22:00,5.707992227
2/10/2021 22:10,6.058064342
2/10/2021 22:20,6.131200528
2/10/2021 22:30,5.614105058
2/10/2021 22:40,5.500613904
2/10/2021 22:50,5.807507801
2/10/2021 23:00,6.053015304
2/10/2021 23:10,6.12420249
2/10/2021 23:20,4.962171507
2/10/2021 23:30,4.229695249
2/10/2021 23:40,4.142599905
2/10/2021 23:50,3.713379335
2/11/2021 0:00,4.185405052
2/11/2021 0:10,4.242633271
2/11/2021 0:20,4.003362715
2/11/2021 0:30,3.352144325
2/11/2021 0:40,3.942600752
2/11/2021 0:50,3.751061058
2/11/2021 1:00,3.954283416
2/11/2021 1:10,4.855938363
2/11/2021 1:20,4.999964666
2/11/2021 1:30,5.249927282
2/11/2021 1:40,5.271441329
2/11/2021 1:50,4.584832954
2/11/2021 2:00,5.079634976
2/11/2021 2:10,5.236358213
2/11/2021 2:20,5.790727282
2/11/2021 2:30,5.051828396
2/11/2021 2:40,5.556023002
2/11/2021 2:50,5.938020706
2/11/2021 3:00,5.572023916
2/11/2021 3:10,5.460500407
2/11/2021 3:20,5.367326948
2/11/2021 3:30,4.932824123
2/11/2021 3:40,4.383392775
2/11/2021 3:50,5.265798295
2/11/2021 4:00,5.613826609
2/11/2021 4:10,6.222750854
2/11/2021 4:20,6.334274435
2/11/2021 4:30,6.366647387
2/11/2021 4:40,6.072951412
2/11/2021 4:50,6.012043847
2/11/2021 5:00,6.100052691
2/11/2021 5:10,6.266762519
2/11/2021 5:20,6.459292865
2/11/2021 5:30,6.097973752
2/11/2021 5:40,6.66561501
2/11/2021 5:50,7.471598816
2/11/2021 6:00,7.459885788
2/11/2021 6:10,6.528048253
2/11/2021 6:20,6.601407313
2/11/2021 6:30,6.443570423
2/11/2021 6:40,6.502543402
2/11/2021 6:50,6.366833091
2/11/2021 7:00,6.88283329
2/11/2021 7:10,6.818272972
2/11/2021 7:20,6.205617642
2/11/2021 7:30,6.01186235
2/11/2021 7:40,6.638266589
2/11/2021 7:50,6.737396216
2/11/2021 8:00,6.484426475
2/11/2021 8:10,7.076161718
2/11/2021 8:20,6.628025985
2/11/2021 8:30,6.973696804
2/11/2021 8:40,7.143970728
2/11/2021 8:50,7.354450893
2/11/2021 9:00,6.675026202
2/11/2021 9:10,7.26856215
2/11/2021 9:20,7.386600971
2/11/2021 9:30,7.340306091
2/11/2021 9:40,6.786661124
2/11/2021 9:50,6.348493242
2/11/2021 10:00,6.061442685
2/11/2021 10:10,6.547576046
2/11/2021 10:20,6.889404535
2/11/2021 10:30,6.429629874
2/11/2021 10:40,6.081026173
2/11/2021 10:50,6.892040324
2/11/2021 11:00,7.214916587
2/11/2021 11:10,7.0595855
2/11/2021 11:20,7.881831001
2/11/2021 11:30,7.567849424
2/11/2021 11:40,6.742092586
2/11/2021 11:50,6.984908581
2/11/2021 12:00,8.532909846
2/11/2021 12:10,7.355378985
2/11/2021 12:20,7.252839661
2/11/2021 12:30,6.482625914
2/11/2021 12:40,6.166246533
2/11/2021 12:50,6.597397804
2/11/2021 13:00,5.875539327
2/11/2021 13:10,8.202033186
2/11/2021 13:20,7.466642499
2/11/2021 13:30,6.780985064
2/11/2021 13:40,5.918103206
2/11/2021 13:50,7.377152681
2/11/2021 14:00,5.864940107
2/11/2021 14:10,6.808490562
2/11/2021 14:20,6.459942484
2/11/2021 14:30,6.429889822
2/11/2021 14:40,6.38686204
2/11/2021 14:50,5.176271296
2/11/2021 15:00,5.544996905
2/11/2021 15:10,5.450847864
2/11/2021 15:20,5.05470562
2/11/2021 15:30,6.189393973
2/11/2021 15:40,6.018266392
2/11/2021 15:50,6.237136769
2/11/2021 16:00,6.602929473
2/11/2021 16:10,7.916894531
2/11/2021 16:20,6.861542177
2/11/2021 16:30,7.037236285
2/11/2021 16:40,7.28547256
2/11/2021 16:50,6.907614183
2/11/2021 17:00,6.9369802
2/11/2021 17:10,6.928497124
2/11/2021 17:20,7.653993845
2/11/2021 17:30,6.949602675
2/11/2021 17:40,7.581024647
2/11/2021 17:50,6.92820015
2/11/2021 18:00,6.702127469
2/11/2021 18:10,6.815821773
2/11/2021 18:20,6.90685061
2/11/2021 18:30,6.431245867
2/11/2021 18:40,6.301901388
2/11/2021 18:50,7.000166917
2/11/2021 19:00,7.715844274
2/11/2021 19:10,7.670811558
2/11/2021 19:20,7.564912462
2/11/2021 19:30,7.303181195
2/11/2021 19:40,6.720541477
2/11/2021 19:50,7.382443047
2/11/2021 20:00,7.330709481
2/11/2021 20:10,6.650338054
2/11/2021 20:20,6.554184246
2/11/2021 20:30,7.0861485
2/11/2021 20:40,6.399094594
2/11/2021 20:50,6.833382821
2/11/2021 21:00,6.561590743
2/11/2021 21:10,6.916489225
2/11/2021 21:20,6.406408238
2/11/2021 21:30,6.450791168
2/11/2021 21:40,6.72750237
2/11/2021 21:50,7.080765343
2/11/2021 22:00,7.316527605
2/11/2021 22:10,7.269434595
2/11/2021 22:20,7.219241595
2/11/2021 22:30,7.289352059
2/11/2021 22:40,7.299004579
2/11/2021 22:50,7.713468075
2/11/2021 23:00,7.633686638
2/11/2021 23:10,7.410806727
2/11/2021 23:20,7.740253878
2/11/2021 23:30,7.335182929
2/11/2021 23:40,7.388401628
2/11/2021 23:50,7.816248679
2/12/2021 0:00,7.787476778
2/12/2021 0:10,7.811059501
2/12/2021 0:20,7.498413839
2/12/2021 0:30,7.950882626
2/12/2021 0:40,8.122864079
2/12/2021 0:50,8.00790658
2/12/2021 1:00,7.697448778
2/12/2021 1:10,7.840061514
2/12/2021 1:20,7.688835621
2/12/2021 1:30,7.091531515
2/12/2021 1:40,7.056597018
2/12/2021 1:50,7.093554878
2/12/2021 2:00,7.419827914
2/12/2021 2:10,7.718275833
2/12/2021 2:20,7.355935884
2/12/2021 2:30,7.535379457
2/12/2021 2:40,8.180185127
2/12/2021 2:50,7.705263472
2/12/2021 3:00,7.430748513
2/12/2021 3:10,7.377393889
2/12/2021 3:20,7.083104157
2/12/2021 3:30,6.958141422
2/12/2021 3:40,7.207435822
2/12/2021 3:50,7.233516192
2/12/2021 4:00,7.637026812
2/12/2021 4:10,7.501465845
2/12/2021 4:20,7.471822398
2/12/2021 4:30,7.123080078
2/12/2021 4:40,7.307988858
2/12/2021 4:50,7.084719181
2/12/2021 5:00,7.803292084
2/12/2021 5:10,7.711983156
2/12/2021 5:20,7.194219327
2/12/2021 5:30,7.507851315
2/12/2021 5:40,8.063334227
2/12/2021 5:50,7.182914782
2/12/2021 6:00,7.033468056
2/12/2021 6:10,7.022460628
2/12/2021 6:20,6.38884815
2/12/2021 6:30,5.55932703
2/12/2021 6:40,5.834330583
2/12/2021 6:50,3.992837763
2/12/2021 7:00,6.214100647
2/12/2021 7:10,6.801269746
2/12/2021 7:20,7.037032032
2/12/2021 7:30,6.341680837
2/12/2021 7:40,6.594112325
2/12/2021 7:50,7.013884592
2/12/2021 8:00,6.729841232
2/12/2021 8:10,7.168825936
2/12/2021 8:20,7.04254508
2/12/2021 8:30,6.611356783
2/12/2021 8:40,6.827275872
2/12/2021 8:50,6.486635351
2/12/2021 9:00,7.31088469
2/12/2021 9:10,7.485929084
2/12/2021 9:20,7.308749866
2/12/2021 9:30,7.467125225
2/12/2021 9:40,7.314430086
2/12/2021 9:50,7.684504429
2/12/2021 10:00,7.875927091
2/12/2021 10:10,8.818215299
2/12/2021 10:20,8.821055388
2/12/2021 10:30,8.096579528
2/12/2021 10:40,10.09628043
2/12/2021 10:50,8.157056332
2/12/2021 11:00,9.254619718
2/12/2021 11:10,9.809861255
2/12/2021 11:20,11.69477172
2/12/2021 11:30,10.86435966
2/12/2021 11:40,9.697966456
2/12/2021 11:50,9.209531498
2/12/2021 12:00,8.758629751
2/12/2021 12:10,10.10645292
2/12/2021 12:20,7.848955774
2/12/2021 12:30,8.014663291
2/12/2021 12:40,7.18001895
2/12/2021 12:50,8.287455665
2/12/2021 13:00,7.547528714
2/12/2021 13:10,7.0539217
2/12/2021 13:20,10.42340741
2/12/2021 13:30,10.0120625
2/12/2021 13:40,9.997119713
2/12/2021 13:50,8.082490611
2/12/2021 14:00,8.454743075
2/12/2021 14:10,9.400576639
2/12/2021 14:20,9.689223552
2/12/2021 14:30,8.119244361
2/12/2021 14:40,9.302288198
2/12/2021 14:50,8.333399963
2/12/2021 15:00,8.577849555
2/12/2021 15:10,8.577218485
2/12/2021 15:20,8.592124057
2/12/2021 15:30,8.512379599
2/12/2021 15:40,8.563426423
2/12/2021 15:50,9.330259022
2/12/2021 16:00,8.905124974
2/12/2021 16:10,7.131812119
2/12/2021 16:20,9.343162918
2/12/2021 16:30,9.821518445
2/12/2021 16:40,9.613469839
2/12/2021 16:50,9.039925909
2/12/2021 17:00,8.997213459
2/12/2021 17:10,9.58659153
2/12/2021 17:20,10.63711765
2/12/2021 17:30,9.796440458
2/12/2021 17:40,9.183896637
2/12/2021 17:50,10.41074784
2/12/2021 18:00,10.45630026
2/12/2021 18:10,10.01377027
2/12/2021 18:20,9.048334575
2/12/2021 18:30,8.618371391
2/12/2021 18:40,8.128191471
2/12/2021 18:50,8.002412057
2/12/2021 19:00,7.329506954
2/12/2021 19:10,7.081099415
2/12/2021 19:20,6.639571714
2/12/2021 19:30,6.963209033
2/12/2021 19:40,6.763884807
2/12/2021 19:50,6.889515972
2/12/2021 20:00,6.809752822
2/12/2021 20:10,6.870860529
2/12/2021 20:20,8.182356834
2/12/2021 20:30,7.82662518
2/12/2021 20:40,7.959774041
2/12/2021 20:50,7.384911847
2/12/2021 21:00,7.656518412
2/12/2021 21:10,8.26615265
2/12/2021 21:20,7.836166167
2/12/2021 21:30,8.263159537
2/12/2021 21:40,8.732085395
2/12/2021 21:50,9.691172552
2/12/2021 22:00,9.530699778
2/12/2021 22:10,8.121638942
2/12/2021 22:20,7.919010711
2/12/2021 22:30,8.972432685
2/12/2021 22:40,9.372751451
2/12/2021 22:50,7.662699699
2/12/2021 23:00,7.476035166
2/12/2021 23:10,8.193698621
2/12/2021 23:20,9.316599941
2/12/2021 23:30,10.10197055
2/12/2021 23:40,9.139736366
2/12/2021 23:50,7.889422226
2/13/2021 0:00,9.981805634
2/13/2021 0:10,8.130957222
2/13/2021 0:20,9.317955112
2/13/2021 0:30,9.584828138
2/13/2021 0:40,7.925897336
2/13/2021 0:50,7.078686237
2/13/2021 1:00,7.240316793
2/13/2021 1:10,8.56602509
2/13/2021 1:20,9.688815212
2/13/2021 1:30,7.858478332
2/13/2021 1:40,7.875890017
2/13/2021 1:50,7.530536601
2/13/2021 2:00,8.321390057
2/13/2021 2:10,7.084496427
2/13/2021 2:20,7.777712989
2/13/2021 2:30,6.235002065
2/13/2021 2:40,7.068699718
2/13/2021 2:50,6.558676386
2/13/2021 3:00,6.448786473
2/13/2021 3:10,7.639997792
2/13/2021 3:20,6.984388828
2/13/2021 3:30,7.482327938
2/13/2021 3:40,7.654365206
2/13/2021 3:50,7.4742347
2/13/2021 4:00,8.506606627
2/13/2021 4:10,8.765386558
2/13/2021 4:20,7.651487947
2/13/2021 4:30,7.700158906
2/13/2021 4:40,6.750563264
2/13/2021 4:50,7.370136142
2/13/2021 5:00,7.372901917
2/13/2021 5:10,7.545997334
2/13/2021 5:20,6.986022353
2/13/2021 5:30,7.223380947
2/13/2021 5:40,7.363769317
2/13/2021 5:50,7.296442986
2/13/2021 6:00,6.797390234
2/13/2021 6:10,7.705597663
2/13/2021 6:20,7.785639167
2/13/2021 6:30,7.864826655
2/13/2021 6:40,8.799281645
2/13/2021 6:50,8.165242386
2/13/2021 7:00,8.382052279
2/13/2021 7:10,8.232042815
2/13/2021 7:20,8.452905273
2/13/2021 7:30,8.434120083
2/13/2021 7:40,8.863773647
2/13/2021 7:50,8.282650137
2/13/2021 8:00,7.946631718
2/13/2021 8:10,8.993779373
2/13/2021 8:20,8.184380198
2/13/2021 8:30,9.859812903
2/13/2021 8:40,10.7788053
2/13/2021 8:50,9.490066528
2/13/2021 9:00,9.931556964
2/13/2021 9:10,10.46372523
2/13/2021 9:20,10.62280598
2/13/2021 9:30,11.05533078
2/13/2021 9:40,11.25979667
2/13/2021 9:50,11.18447013
2/13/2021 10:00,11.1873657
2/13/2021 10:10,9.044622183
2/13/2021 10:20,9.636283207
2/13/2021 10:30,10.37644429
2/13/2021 10:40,11.49927142
2/13/2021 10:50,11.46947865
2/13/2021 11:00,11.13363522
2/13/2021 11:10,9.401597553
2/13/2021 11:20,9.826084805
2/13/2021 11:30,10.37028177
2/13/2021 11:40,8.861540246
2/13/2021 11:50,10.38468616
2/13/2021 12:00,10.42238655
2/13/2021 12:10,10.57489603
2/13/2021 12:20,10.42531951
2/13/2021 12:30,11.6736475
2/13/2021 12:40,11.30878305
2/13/2021 12:50,11.02420142
2/13/2021 13:00,8.669344044
2/13/2021 13:10,9.83655417
2/13/2021 13:20,9.943529844
2/13/2021 13:30,10.34718981
2/13/2021 13:40,8.560400867
2/13/2021 13:50,9.477128339
2/13/2021 14:00,9.362839198
2/13/2021 14:10,8.985537696
2/13/2021 14:20,9.930944443
2/13/2021 14:30,9.843366504
2/13/2021 14:40,10.04707146
2/13/2021 14:50,9.525632095
2/13/2021 15:00,9.176137567
2/13/2021 15:10,9.064279771
2/13/2021 15:20,9.193437743
2/13/2021 15:30,9.597060776
2/13/2021 15:40,9.111651397
2/13/2021 15:50,9.447335529
2/13/2021 16:00,9.08473568
2/13/2021 16:10,8.093034148
2/13/2021 16:20,8.125425683
2/13/2021 16:30,9.098212075
2/13/2021 16:40,9.447409797
2/13/2021 16:50,8.128637075
2/13/2021 17:00,8.081205739
2/13/2021 17:10,8.608366394
2/13/2021 17:20,8.976776266
2/13/2021 17:30,8.617666054
2/13/2021 17:40,8.081432581
2/13/2021 17:50,8.440635514
2/13/2021 18:00,7.664871621
2/13/2021 18:10,7.208512354
2/13/2021 18:20,8.237023544
2/13/2021 18:30,7.268339348
2/13/2021 18:40,7.207547235
2/13/2021 18:50,8.115030718
2/13/2021 19:00,7.976591635
2/13/2021 19:10,8.68122406
2/13/2021 19:20,7.805482483
2/13/2021 19:30,6.773203278
2/13/2021 19:40,7.247530866
2/13/2021 19:50,8.152898073
2/13/2021 20:00,8.120859313
2/13/2021 20:10,8.081901575
2/13/2021 20:20,8.772275766
2/13/2021 20:30,8.132126808
2/13/2021 20:40,8.708065581
2/13/2021 20:50,8.966121297
2/13/2021 21:00,9.267984676
2/13/2021 21:10,9.132719803
2/13/2021 21:20,9.696834135
2/13/2021 21:30,10.18749681
2/13/2021 21:40,10.15135546
2/13/2021 21:50,10.50660467
2/13/2021 22:00,10.56806493
2/13/2021 22:10,10.32398677
2/13/2021 22:20,10.45418413
2/13/2021 22:30,10.65968962
2/13/2021 22:40,10.73115525
2/13/2021 22:50,9.84884243
2/13/2021 23:00,9.326605082
2/13/2021 23:10,9.623363781
2/13/2021 23:20,7.848324656
2/13/2021 23:30,7.89706986
2/13/2021 23:40,8.345614052
2/13/2021 23:50,9.092290568
2/14/2021 0:00,9.055035806
2/14/2021 0:10,8.648442745
2/14/2021 0:20,8.848249412
2/14/2021 0:30,9.335812163
2/14/2021 0:40,9.524537134
2/14/2021 0:50,10.15796366
2/14/2021 1:00,9.783836699
2/14/2021 1:10,10.04978147
2/14/2021 1:20,10.49186592
2/14/2021 1:30,10.18103702
2/14/2021 1:40,9.813183928
2/14/2021 1:50,10.94007611
2/14/2021 2:00,10.90012965
2/14/2021 2:10,10.988413
2/14/2021 2:20,11.31403632
2/14/2021 2:30,11.62351031
2/14/2021 2:40,11.77982512
2/14/2021 2:50,12.4289372
2/14/2021 3:00,11.36727352
2/14/2021 3:10,10.39580512
2/14/2021 3:20,10.43682811
2/14/2021 3:30,10.63837991
2/14/2021 3:40,10.49372225
2/14/2021 3:50,11.49802675
2/14/2021 4:00,11.05531211
2/14/2021 4:10,11.14227743
2/14/2021 4:20,12.05904226
2/14/2021 4:30,12.56548781
2/14/2021 4:40,12.05941772
2/14/2021 4:50,10.06287625
2/14/2021 5:00,10.49999638
2/14/2021 5:10,10.95438786
2/14/2021 5:20,10.31632051
2/14/2021 5:30,10.32927312
2/14/2021 5:40,10.12783697
2/14/2021 5:50,10.18970264
2/14/2021 6:00,11.23820853
2/14/2021 6:10,11.39925671
2/14/2021 6:20,10.30937125
2/14/2021 6:30,9.809415791
2/14/2021 6:40,8.554108071
2/14/2021 6:50,9.402915502
2/14/2021 7:00,10.42901344
2/14/2021 7:10,10.20964179
2/14/2021 7:20,10.23251078
2/14/2021 7:30,10.28871803
2/14/2021 7:40,10.04064884
2/14/2021 7:50,10.61249778
2/14/2021 8:00,10.63520565
2/14/2021 8:10,10.7421442
2/14/2021 8:20,10.68558431
2/14/2021 8:30,11.17724919
2/14/2021 8:40,11.87733397
2/14/2021 8:50,11.46591468
2/14/2021 9:00,11.36576986
2/14/2021 9:10,11.46116257
2/14/2021 9:20,11.05308461
2/14/2021 9:30,10.79877839
2/14/2021 9:40,11.20756187
2/14/2021 9:50,10.3630794
2/14/2021 10:00,9.906980205
2/14/2021 10:10,10.04945071
2/14/2021 10:20,9.7397506
2/14/2021 10:30,10.90733192
2/14/2021 10:40,11.62183967
2/14/2021 10:50,11.07819977
2/14/2021 11:00,11.17732753
2/14/2021 11:10,11.33003714
2/14/2021 11:20,11.7997797
2/14/2021 11:30,11.47118645
2/14/2021 11:40,12.25472803
2/14/2021 11:50,10.92747231
2/14/2021 12:00,11.14326129
2/14/2021 12:10,10.6488862
2/14/2021 12:20,11.30265741
2/14/2021 12:30,10.86417413
2/14/2021 12:40,12.10580125
2/14/2021 12:50,12.21342664
2/14/2021 13:00,11.98820782
2/14/2021 13:10,10.80375326
2/14/2021 13:20,10.8680908
2/14/2021 13:30,9.615214872
2/14/2021 13:40,9.039795756
2/14/2021 13:50,9.195201182
2/14/2021 14:00,10.36686611
2/14/2021 14:10,10.71546993
2/14/2021 14:20,9.967159891
2/14/2021 14:30,11.27588252
2/14/2021 14:40,10.49131963
2/14/2021 14:50,10.13037992
2/14/2021 15:00,9.772569132
2/14/2021 15:10,11.13353448
2/14/2021 15:20,10.56453824
2/14/2021 15:30,9.431965971
2/14/2021 15:40,10.00679078
2/14/2021 15:50,9.869985199
2/14/2021 16:00,9.770657349
2/14/2021 16:10,10.68370938
2/14/2021 16:20,10.8913868
2/14/2021 16:30,10.89313149
2/14/2021 16:40,11.1370985
2/14/2021 16:50,11.33224614
2/14/2021 17:00,10.64530373
2/14/2021 17:10,10.73729935
2/14/2021 17:20,10.86424837
2/14/2021 17:30,11.21192398
2/14/2021 17:40,10.56908593
2/14/2021 17:50,9.789280239
2/14/2021 18:00,10.38228371
2/14/2021 18:10,11.34171305
2/14/2021 18:20,8.921849728
2/14/2021 18:30,8.990865135
2/14/2021 18:40,9.331988263
2/14/2021 18:50,9.85713985
2/14/2021 19:00,11.42175441
2/14/2021 19:10,10.85311086
2/14/2021 19:20,10.298352
2/14/2021 19:30,11.13758113
2/14/2021 19:40,10.54959545
2/14/2021 19:50,9.526207757
2/14/2021 20:00,9.833268476
2/14/2021 20:10,9.82246511
2/14/2021 20:20,8.705949378
2/14/2021 20:30,9.261246586
2/14/2021 20:40,9.696462965
2/14/2021 20:50,10.04987812
2/14/2021 21:00,10.50916617
2/14/2021 21:10,10.14010653
2/14/2021 21:20,9.847598696
2/14/2021 21:30,9.659931946
2/14/2021 21:40,8.787383008
2/14/2021 21:50,8.66689384
2/14/2021 22:00,8.252411723
2/14/2021 22:10,8.757979894
2/14/2021 22:20,8.4075387
2/14/2021 22:30,8.526932621
2/14/2021 22:40,8.350569198
2/14/2021 22:50,7.78955574
2/14/2021 23:00,8.41375699
2/14/2021 23:10,8.574304175
2/14/2021 23:20,9.448579168
2/14/2021 23:30,9.083974648
2/14/2021 23:40,9.229189181
2/14/2021 23:50,8.677010417
2/15/2021 0:00,8.493557286
2/15/2021 0:10,8.849363208
2/15/2021 0:20,9.66654017
2/15/2021 0:30,9.773868442
2/15/2021 0:40,9.293582487
2/15/2021 0:50,8.05204823
2/15/2021 1:00,8.474512029
2/15/2021 1:10,8.673000813
2/15/2021 1:20,7.602816939
2/15/2021 1:30,7.766909575
2/15/2021 1:40,7.604636168
2/15/2021 1:50,7.883277798
2/15/2021 2:00,7.343833089
2/15/2021 2:10,7.315098214
2/15/2021 2:20,6.975887322
2/15/2021 2:30,6.081230426
2/15/2021 2:40,6.048956118
2/15/2021 2:50,6.777082825
2/15/2021 3:00,6.726054537
2/15/2021 3:10,6.432655632
2/15/2021 3:20,6.061090064
2/15/2021 3:30,6.016744232
2/15/2021 3:40,6.500705743
2/15/2021 3:50,5.805540061
2/15/2021 4:00,5.795739126
2/15/2021 4:10,6.317345333
2/15/2021 4:20,6.450549817
2/15/2021 4:30,5.738436699
2/15/2021 4:40,5.308491969
2/15/2021 4:50,5.11586889
2/15/2021 5:00,4.95138675
2/15/2021 5:10,5.61525588
2/15/2021 5:20,6.090344548
2/15/2021 5:30,5.597732973
2/15/2021 5:40,4.879939616
2/15/2021 5:50,4.893898654
2/15/2021 6:00,4.993950438
2/15/2021 6:10,4.513924146
2/15/2021 6:20,4.427181625
2/15/2021 6:30,5.242873764
2/15/2021 6:40,5.515296817
2/15/2021 6:50,5.110875678
2/15/2021 7:00,4.710742378
2/15/2021 7:10,5.105863833
2/15/2021 7:20,4.683938217
2/15/2021 7:30,5.223290229
2/15/2021 7:40,5.097622001
2/15/2021 7:50,5.212523913
2/15/2021 8:00,4.963340878
2/15/2021 8:10,4.727745748
2/15/2021 8:20,5.151991701
2/15/2021 8:30,5.391980309
2/15/2021 8:40,6.410454893
2/15/2021 8:50,5.266967726
2/15/2021 9:00,6.163573623
2/15/2021 9:10,5.618300152
2/15/2021 9:20,5.092702961
2/15/2021 9:30,4.508912373
2/15/2021 9:40,4.497663546
2/15/2021 9:50,5.106680608
2/15/2021 10:00,6.318533373
2/15/2021 10:10,5.60008004
2/15/2021 10:20,4.96522963
2/15/2021 10:30,5.043827903
2/15/2021 10:40,4.323288315
2/15/2021 10:50,3.830372504
2/15/2021 11:00,3.402735901
2/15/2021 11:10,4.013052285
2/15/2021 11:20,5.130551958
2/15/2021 11:30,5.357478452
2/15/2021 11:40,5.641280532
2/15/2021 11:50,7.830411935
2/15/2021 12:00,8.38582046
2/15/2021 12:10,9.317732239
2/15/2021 12:20,8.863043857
2/15/2021 12:30,9.072762871
2/15/2021 12:40,9.439892054
2/15/2021 12:50,9.890885554
2/15/2021 13:00,9.341826344
2/15/2021 13:10,10.28001208
2/15/2021 13:20,10.67919888
2/15/2021 13:30,8.934286666
2/15/2021 13:40,9.200825429
2/15/2021 13:50,8.97787137
2/15/2021 14:00,9.633962917
2/15/2021 14:10,9.503208661
2/15/2021 14:20,8.35743835
2/15/2021 14:30,8.920216227
2/15/2021 14:40,8.424801636
2/15/2021 14:50,8.480637765
2/15/2021 15:00,7.384336495
2/15/2021 15:10,7.036048317
2/15/2021 15:20,7.48156693
2/15/2021 15:30,7.08002286
2/15/2021 15:40,6.905980873
2/15/2021 15:50,7.519452929
2/15/2021 16:00,5.989624405
2/15/2021 16:10,7.359815407
2/15/2021 16:20,7.206279077
2/15/2021 16:30,5.671221852
2/15/2021 16:40,5.842813611
2/15/2021 16:50,6.160455084
2/15/2021 17:00,7.811014056
2/15/2021 17:10,7.434158206
2/15/2021 17:20,6.800638676
2/15/2021 17:30,7.19919405
2/15/2021 17:40,7.025393414
2/15/2021 17:50,7.902118826
2/15/2021 18:00,7.097582936
2/15/2021 18:10,6.383706284
2/15/2021 18:20,6.792322636
2/15/2021 18:30,6.810365415
2/15/2021 18:40,6.408840013
2/15/2021 18:50,7.202238226
2/15/2021 19:00,6.904477286
2/15/2021 19:10,6.926845074
2/15/2021 19:20,6.941472244
2/15/2021 19:30,7.51310451
2/15/2021 19:40,6.691732502
2/15/2021 19:50,7.433100152
2/15/2021 20:00,8.347897315
2/15/2021 20:10,8.233313008
2/15/2021 20:20,8.13312476
2/15/2021 20:30,6.966353893
2/15/2021 20:40,7.309659576
2/15/2021 20:50,7.853540874
2/15/2021 21:00,7.760457641
2/15/2021 21:10,7.357383776
2/15/2021 21:20,7.081421802
2/15/2021 21:30,7.871509337
2/15/2021 21:40,7.77446456
2/15/2021 21:50,7.994690037
2/15/2021 22:00,8.532538533
2/15/2021 22:10,7.918954945
2/15/2021 22:20,8.314206399
2/15/2021 22:30,7.870748258
2/15/2021 22:40,8.093219852
2/15/2021 22:50,8.242555094
2/15/2021 23:00,8.01076529
2/15/2021 23:10,8.25695951
2/15/2021 23:20,7.590751457
2/15/2021 23:30,7.984721899
2/15/2021 23:40,7.092088437
2/15/2021 23:50,7.575771451
2/16/2021 0:00,7.680389762
2/16/2021 0:10,7.294716668
2/16/2021 0:20,8.095484376
2/16/2021 0:30,9.334159994
2/16/2021 0:40,8.840935969
2/16/2021 0:50,9.870969009
2/16/2021 1:00,10.57695656
2/16/2021 1:10,10.83646026
2/16/2021 1:20,10.39344773
2/16/2021 1:30,10.35145926
2/16/2021 1:40,11.11268878
2/16/2021 1:50,10.93803411
2/16/2021 2:00,10.60364328
2/16/2021 2:10,9.731397438
2/16/2021 2:20,9.459215546
2/16/2021 2:30,8.544919658
2/16/2021 2:40,9.179720044
2/16/2021 2:50,8.681131244
2/16/2021 3:00,8.923724675
2/16/2021 3:10,9.233309817
2/16/2021 3:20,9.620517856
2/16/2021 3:30,9.601887059
2/16/2021 3:40,9.687144542
2/16/2021 3:50,9.070294046
2/16/2021 4:00,8.700473356
2/16/2021 4:10,8.938630247
2/16/2021 4:20,10.07596095
2/16/2021 4:30,9.346429849
2/16/2021 4:40,9.813239551
2/16/2021 4:50,10.40191212
2/16/2021 5:00,10.37896893
2/16/2021 5:10,10.95355248
2/16/2021 5:20,9.503097367
2/16/2021 5:30,8.558693075
2/16/2021 5:40,8.304572463
2/16/2021 5:50,9.55412569
2/16/2021 6:00,8.350830126
2/16/2021 6:10,9.484924603
2/16/2021 6:20,9.108068752
2/16/2021 6:30,8.563370752
2/16/2021 6:40,7.518004966
2/16/2021 6:50,7.768951416
2/16/2021 7:00,8.283114219
2/16/2021 7:10,7.473213601
2/16/2021 7:20,7.90049696
2/16/2021 7:30,7.839600301
2/16/2021 7:40,7.389292645
2/16/2021 7:50,6.70205307
2/16/2021 8:00,6.247401822
2/16/2021 8:10,6.249647927
2/16/2021 8:20,6.13957231
2/16/2021 8:30,5.626709104
2/16/2021 8:40,6.906166363
2/16/2021 8:50,6.680520701
2/16/2021 9:00,6.417954111
2/16/2021 9:10,6.514200664
2/16/2021 9:20,7.262028122
2/16/2021 9:30,6.935160995
2/16/2021 9:40,6.60176003
2/16/2021 9:50,6.684251738
2/16/2021 10:00,6.300342083
2/16/2021 10:10,6.702387333
2/16/2021 10:20,6.711947012
2/16/2021 10:30,7.286345005
2/16/2021 10:40,6.900263619
2/16/2021 10:50,6.935532403
2/16/2021 11:00,6.210982299
2/16/2021 11:10,5.852503276
2/16/2021 11:20,6.480836994
2/16/2021 11:30,6.328368271
2/16/2021 11:40,6.936584949
2/16/2021 11:50,6.83119247
2/16/2021 12:00,6.324176359
2/16/2021 12:10,6.894843245
2/16/2021 12:20,7.295199442
2/16/2021 12:30,8.033040071
2/16/2021 12:40,7.41138196
2/16/2021 12:50,6.680780554
2/16/2021 13:00,6.409396791
2/16/2021 13:10,6.705895615
2/16/2021 13:20,7.215399122
2/16/2021 13:30,7.593498731
2/16/2021 13:40,7.069182205
2/16/2021 13:50,6.443830204
2/16/2021 14:00,7.113472438
2/16/2021 14:10,6.106642413
2/16/2021 14:20,6.956489372
2/16/2021 14:30,5.992705774
2/16/2021 14:40,6.333810353
2/16/2021 14:50,7.123199153
2/16/2021 15:00,7.311719918
2/16/2021 15:10,6.656612158
2/16/2021 15:20,7.154718328
2/16/2021 15:30,6.677439404
2/16/2021 15:40,6.527547133
2/16/2021 15:50,6.688224125
2/16/2021 16:00,6.98641212
2/16/2021 16:10,7.110205507
2/16/2021 16:20,7.454150009
2/16/2021 16:30,7.652052553
2/16/2021 16:40,7.392522502
2/16/2021 16:50,7.029996872
2/16/2021 17:00,6.797742844
2/16/2021 17:10,7.139441395
2/16/2021 17:20,7.974735332
2/16/2021 17:30,10.27375677
2/16/2021 17:40,9.826140475
2/16/2021 17:50,8.128154278
2/16/2021 18:00,7.4473562
2/16/2021 18:10,7.322690415
2/16/2021 18:20,6.954206252
2/16/2021 18:30,7.167934895
2/16/2021 18:40,8.0247612
2/16/2021 18:50,7.670273113
2/16/2021 19:00,8.706636143
2/16/2021 19:10,8.954983926
2/16/2021 19:20,8.142707396
2/16/2021 19:30,8.457044744
2/16/2021 19:40,9.63050255
2/16/2021 19:50,9.330057621
2/16/2021 20:00,9.061662602
2/16/2021 20:10,9.62265842
2/16/2021 20:20,10.23613057
2/16/2021 20:30,9.501686597
2/16/2021 20:40,9.33453126
2/16/2021 20:50,9.342828703
2/16/2021 21:00,9.259186029
2/16/2021 21:10,9.230878305
2/16/2021 21:20,9.637768292
2/16/2021 21:30,9.881790972
2/16/2021 21:40,9.85155251
2/16/2021 21:50,10.10480082
2/16/2021 22:00,9.497398615
2/16/2021 22:10,9.202440453
2/16/2021 22:20,7.682431626
2/16/2021 22:30,7.465770221
2/16/2021 22:40,6.706192636
2/16/2021 22:50,6.961371303
2/16/2021 23:00,8.553254199
2/16/2021 23:10,9.54495573
2/16/2021 23:20,9.606174946
2/16/2021 23:30,8.915835619
2/16/2021 23:40,8.883146977
2/16/2021 23:50,8.806019735
2/17/2021 0:00,8.552678847
2/17/2021 0:10,8.459680605
2/17/2021 0:20,8.268301392
2/17/2021 0:30,8.680518723
2/17/2021 0:40,8.375072765
2/17/2021 0:50,9.020769286
2/17/2021 1:00,7.725088167
2/17/2021 1:10,7.940246224
2/17/2021 1:20,6.570760584
2/17/2021 1:30,7.055557489
2/17/2021 1:40,6.322914171
2/17/2021 1:50,6.611783791
2/17/2021 2:00,7.293602991
2/17/2021 2:10,7.415683596
2/17/2021 2:20,7.366497898
2/17/2021 2:30,7.84682126
2/17/2021 2:40,7.761953378
2/17/2021 2:50,7.765647435
2/17/2021 3:00,7.617096474
2/17/2021 3:10,8.423502231
2/17/2021 3:20,7.827460432
2/17/2021 3:30,7.525708413
2/17/2021 3:40,8.402341127
2/17/2021 3:50,8.629174852
2/17/2021 4:00,9.908372402
2/17/2021 4:10,8.916633534
2/17/2021 4:20,8.184464128
2/17/2021 4:30,7.789555883
2/17/2021 4:40,8.355916333
2/17/2021 4:50,7.379828729
2/17/2021 5:00,7.700362992
2/17/2021 5:10,7.937276149
2/17/2021 5:20,8.677400231
2/17/2021 5:30,8.711313939
2/17/2021 5:40,9.097488236
2/17/2021 5:50,10.06158736
2/17/2021 6:00,8.260096622
2/17/2021 6:10,8.299746227
2/17/2021 6:20,9.119262099
2/17/2021 6:30,9.10675087
2/17/2021 6:40,9.629470873
2/17/2021 6:50,8.996582294
2/17/2021 7:00,9.085106993
2/17/2021 7:10,8.382590532
2/17/2021 7:20,8.422221494
2/17/2021 7:30,8.067974854
2/17/2021 7:40,8.010725379
2/17/2021 7:50,7.825530052
2/17/2021 8:00,7.549524093
2/17/2021 8:10,7.762380338
2/17/2021 8:20,7.355546093
2/17/2021 8:30,7.689255765
2/17/2021 8:40,8.962576056
2/17/2021 8:50,8.821797776
2/17/2021 9:00,8.58018837
2/17/2021 9:10,9.196296334
2/17/2021 9:20,8.162012529
2/17/2021 9:30,8.059510303
2/17/2021 9:40,7.412644291
2/17/2021 9:50,7.617462826
2/17/2021 10:00,8.873939896
2/17/2021 10:10,9.606806064
2/17/2021 10:20,9.483532405
2/17/2021 10:30,9.612857437
2/17/2021 10:40,8.196559153
2/17/2021 10:50,9.671422172
2/17/2021 11:00,8.167042851
2/17/2021 11:10,9.498456693
2/17/2021 11:20,8.313965011
2/17/2021 11:30,6.968151544
2/17/2021 11:40,9.059657693
2/17/2021 11:50,9.718830633
2/17/2021 12:00,9.111076021
2/17/2021 12:10,8.591511488
2/17/2021 12:20,9.000239301
2/17/2021 12:30,10.88140011
2/17/2021 12:40,9.936494589
2/17/2021 12:50,9.565820074
2/17/2021 13:00,10.16937962
2/17/2021 13:10,10.54424944
2/17/2021 13:20,9.917969227
2/17/2021 13:30,10.32185216
2/17/2021 13:40,10.09570508
2/17/2021 13:50,9.754934883
2/17/2021 14:00,9.577495861
2/17/2021 14:10,9.659300733
2/17/2021 14:20,9.011061049
2/17/2021 14:30,8.647217607
2/17/2021 14:40,7.02253468
2/17/2021 14:50,8.607623863
2/17/2021 15:00,8.059194756
2/17/2021 15:10,6.227150226
2/17/2021 15:20,5.968184829
2/17/2021 15:30,6.166376615
2/17/2021 15:40,7.400782824
2/17/2021 15:50,6.572134256
2/17/2021 16:00,7.232755184
2/17/2021 16:10,7.886322165
2/17/2021 16:20,7.50515481
2/17/2021 16:30,8.141166782
2/17/2021 16:40,6.640054417
2/17/2021 16:50,6.92311399
2/17/2021 17:00,5.303319327
2/17/2021 17:10,6.211053203
2/17/2021 17:20,6.781222224
2/17/2021 17:30,7.226796579
2/17/2021 17:40,6.426919866
2/17/2021 17:50,6.946836829
2/17/2021 18:00,6.841587496
2/17/2021 18:10,7.454001522
2/17/2021 18:20,7.378043675
2/17/2021 18:30,8.161214161
2/17/2021 18:40,8.284896064
2/17/2021 18:50,8.482271051
2/17/2021 19:00,9.303012037
2/17/2021 19:10,9.342104745
2/17/2021 19:20,9.075347072
2/17/2021 19:30,9.115568042
2/17/2021 19:40,10.71749318
2/17/2021 19:50,10.82510002
2/17/2021 20:00,11.23131295
2/17/2021 20:10,11.03634124
2/17/2021 20:20,12.14094
2/17/2021 20:30,12.13559389
2/17/2021 20:40,12.00741987
2/17/2021 20:50,11.67490983
2/17/2021 21:00,10.82610235
2/17/2021 21:10,12.15423069
2/17/2021 21:20,12.8343051
2/17/2021 21:30,12.49613338
2/17/2021 21:40,11.62137556
2/17/2021 21:50,11.47764611
2/17/2021 22:00,9.807967901
2/17/2021 22:10,10.77113884
2/17/2021 22:20,10.8271049
2/17/2021 22:30,10.69432724
2/17/2021 22:40,11.0773671
2/17/2021 22:50,9.595315814
2/17/2021 23:00,10.13493345
2/17/2021 23:10,10.30910928
2/17/2021 23:20,7.866302967
2/17/2021 23:30,8.401023102
2/17/2021 23:40,8.640102016
2/17/2021 23:50,9.295549917
2/18/2021 0:00,9.035192466
2/18/2021 0:10,9.230711269
2/18/2021 0:20,9.872268248
2/18/2021 0:30,10.34722698
2/18/2021 0:40,10.5235523
2/18/2021 0:50,11.27873044
2/18/2021 1:00,10.30754037
2/18/2021 1:10,9.729597044
2/18/2021 1:20,9.352462769
2/18/2021 1:30,9.066581464
2/18/2021 1:40,8.63422389
2/18/2021 1:50,9.241235995
2/18/2021 2:00,8.796088839
2/18/2021 2:10,9.274073148
2/18/2021 2:20,9.692583418
2/18/2021 2:30,10.02785921
2/18/2021 2:40,10.83909621
2/18/2021 2:50,10.07476671
2/18/2021 3:00,9.434694386
2/18/2021 3:10,9.800524306
2/18/2021 3:20,10.10203497
2/18/2021 3:30,10.78661988
2/18/2021 3:40,10.5633365
2/18/2021 3:50,11.07249606
2/18/2021 4:00,11.00727253
2/18/2021 4:10,10.22278409
2/18/2021 4:20,10.66416292
2/18/2021 4:30,10.78023443
2/18/2021 4:40,10.08122659
2/18/2021 4:50,10.76655374
2/18/2021 5:00,10.46075521
2/18/2021 5:10,10.66820974
2/18/2021 5:20,11.34362497
2/18/2021 5:30,11.47181754
2/18/2021 5:40,11.5957036
2/18/2021 5:50,10.94328752
2/18/2021 6:00,10.38594828
2/18/2021 6:10,11.76044193
2/18/2021 6:20,11.52143514
2/18/2021 6:30,12.48759879
2/18/2021 6:40,11.34733739
2/18/2021 6:50,11.40356336
2/18/2021 7:00,11.1493685
2/18/2021 7:10,10.44883811
2/18/2021 7:20,11.16943445
2/18/2021 7:30,10.42524538
2/18/2021 7:40,11.06448202
2/18/2021 7:50,10.34319897
2/18/2021 8:00,11.16006026
2/18/2021 8:10,10.22445478
2/18/2021 8:20,9.989286423
2/18/2021 8:30,9.115790796
2/18/2021 8:40,9.351924348
2/18/2021 8:50,9.217086363
2/18/2021 9:00,8.829130125
2/18/2021 9:10,10.24392676
2/18/2021 9:20,11.26519828
2/18/2021 9:30,8.617283169
2/18/2021 9:40,8.969926739
2/18/2021 9:50,8.39179759
2/18/2021 10:00,7.341067266
2/18/2021 10:10,6.206211627
2/18/2021 10:20,6.861839187
2/18/2021 10:30,7.026061654
2/18/2021 10:40,5.947042036
2/18/2021 10:50,6.246306765
2/18/2021 11:00,8.384149766
2/18/2021 11:10,10.52962213
2/18/2021 11:20,9.579406788
2/18/2021 11:30,9.21151762
2/18/2021 11:40,8.324972558
2/18/2021 11:50,9.370635247
2/18/2021 12:00,7.4457968
2/18/2021 12:10,9.236075711
2/18/2021 12:20,8.84633739
2/18/2021 12:30,7.923075914
2/18/2021 12:40,7.593016124
2/18/2021 12:50,9.78296411
2/18/2021 13:00,9.378246069
2/18/2021 13:10,10.13546588
2/18/2021 13:20,9.034858346
2/18/2021 13:30,9.66468389
2/18/2021 13:40,8.955652046
2/18/2021 13:50,9.808803177
2/18/2021 14:00,9.224381495
2/18/2021 14:10,9.886969876
2/18/2021 14:20,10.18476803
2/18/2021 14:30,9.912289143
2/18/2021 14:40,10.67130973
2/18/2021 14:50,12.40794306
2/18/2021 15:00,12.01318505
2/18/2021 15:10,9.940228394
2/18/2021 15:20,8.701624346
2/18/2021 15:30,8.481952667
2/18/2021 15:40,8.959907833
2/18/2021 15:50,10.73759639
2/18/2021 16:00,8.981491256
2/18/2021 16:10,8.06056838
2/18/2021 16:20,9.064316964
2/18/2021 16:30,9.950286484
2/18/2021 16:40,9.346058702
2/18/2021 16:50,8.548966336
2/18/2021 17:00,9.633591723
2/18/2021 17:10,8.749534059
2/18/2021 17:20,8.595781088
2/18/2021 17:30,9.316525531
2/18/2021 17:40,8.613340974
2/18/2021 17:50,8.899222088
2/18/2021 18:00,9.428346109
2/18/2021 18:10,10.14825559
2/18/2021 18:20,10.93077645
2/18/2021 18:30,11.40623617
2/18/2021 18:40,11.09232583
2/18/2021 18:50,10.61430426
2/18/2021 19:00,10.92071552
2/18/2021 19:10,10.41511016
2/18/2021 19:20,10.56312752
2/18/2021 19:30,10.63780451
2/18/2021 19:40,11.33926277
2/18/2021 19:50,11.14322429
2/18/2021 20:00,10.94948735
2/18/2021 20:10,10.77702322
2/18/2021 20:20,9.391926622
2/18/2021 20:30,9.778323507
2/18/2021 20:40,9.32699595
2/18/2021 20:50,9.932817233
2/18/2021 21:00,9.797498512
2/18/2021 21:10,9.261710501
2/18/2021 21:20,9.166856122
2/18/2021 21:30,8.049076777
2/18/2021 21:40,8.188003344
2/18/2021 21:50,8.45322082
2/18/2021 22:00,6.729618514
2/18/2021 22:10,6.894769096
2/18/2021 22:20,7.241590786
2/18/2021 22:30,7.946780252
2/18/2021 22:40,8.674021912
2/18/2021 22:50,8.198784637
2/18/2021 23:00,8.202385783
2/18/2021 23:10,8.310493827
2/18/2021 23:20,8.148740339
2/18/2021 23:30,8.602890253
2/18/2021 23:40,9.332025266
2/18/2021 23:50,8.50115135
2/19/2021 0:00,8.757757346
2/19/2021 0:10,8.447915002
2/19/2021 0:20,8.441303778
2/19/2021 0:30,7.767095232
2/19/2021 0:40,7.819589877
2/19/2021 0:50,7.874497795
2/19/2021 1:00,9.216250968
2/19/2021 1:10,7.258742595
2/19/2021 1:20,6.861894941
2/19/2021 1:30,8.003470039
2/19/2021 1:40,7.919159222
2/19/2021 1:50,8.471245074
2/19/2021 2:00,7.468461657
2/19/2021 2:10,5.959905827
2/19/2021 2:20,5.563095212
2/19/2021 2:30,6.388458276
2/19/2021 2:40,7.456730294
2/19/2021 2:50,7.661994457
2/19/2021 3:00,7.493802397
2/19/2021 3:10,7.529643703
2/19/2021 3:20,7.928459001
2/19/2021 3:30,8.330281544
2/19/2021 3:40,8.499088836
2/19/2021 3:50,7.840157223
2/19/2021 4:00,7.298540568
2/19/2021 4:10,7.025857472
2/19/2021 4:20,7.065042877
2/19/2021 4:30,7.216327238
2/19/2021 4:40,7.24673264
2/19/2021 4:50,6.497160387
2/19/2021 5:00,7.113138318
2/19/2021 5:10,8.299115038
2/19/2021 5:20,8.098769832
2/19/2021 5:30,7.99309361
2/19/2021 5:40,8.236689281
2/19/2021 5:50,8.487413025
2/19/2021 6:00,7.897923779
2/19/2021 6:10,8.01999073
2/19/2021 6:20,7.538609433
2/19/2021 6:30,7.21558485
2/19/2021 6:40,7.906183958
2/19/2021 6:50,8.063092852
2/19/2021 7:00,9.700586557
2/19/2021 7:10,9.900295426
2/19/2021 7:20,10.05939393
2/19/2021 7:30,9.337111449
2/19/2021 7:40,9.470557284
2/19/2021 7:50,8.447986269
2/19/2021 8:00,9.769265008
2/19/2021 8:10,9.643541193
2/19/2021 8:20,9.52709868
2/19/2021 8:30,10.12590637
2/19/2021 8:40,9.868258929
2/19/2021 8:50,9.023906469
2/19/2021 9:00,9.384557199
2/19/2021 9:10,10.73512774
2/19/2021 9:20,10.7921144
2/19/2021 9:30,11.68972268
2/19/2021 9:40,11.18998318
2/19/2021 9:50,10.81819477
2/19/2021 10:00,9.467661452
2/19/2021 10:10,10.37107971
2/19/2021 10:20,10.54491761
2/19/2021 10:30,12.08488121
2/19/2021 10:40,11.08473365
2/19/2021 10:50,9.704556251
2/19/2021 11:00,10.80818956
2/19/2021 11:10,11.10218246
2/19/2021 11:20,11.22343273
2/19/2021 11:30,10.5606216
2/19/2021 11:40,11.15391607
2/19/2021 11:50,11.36959379
2/19/2021 12:00,11.79892585
2/19/2021 12:10,10.89866323
2/19/2021 12:20,10.98442192
2/19/2021 12:30,11.63641119
2/19/2021 12:40,11.7467653
2/19/2021 12:50,10.71793871
2/19/2021 13:00,11.88581696
2/19/2021 13:10,11.36686521
2/19/2021 13:20,11.81650472
2/19/2021 13:30,10.2238235
2/19/2021 13:40,10.78071718
2/19/2021 13:50,11.00125823
2/19/2021 14:00,11.0715914
2/19/2021 14:10,11.73174825
2/19/2021 14:20,11.70347753
2/19/2021 14:30,10.68366061
2/19/2021 14:40,10.53392859
2/19/2021 14:50,10.56564226
2/19/2021 15:00,11.18439868
2/19/2021 15:10,11.70447986
2/19/2021 15:20,10.74578245
2/19/2021 15:30,11.34431167
2/19/2021 15:40,11.4815258
2/19/2021 15:50,10.90326662
2/19/2021 16:00,10.19197028
2/19/2021 16:10,11.01896691
2/19/2021 16:20,10.87467841
2/19/2021 16:30,11.6343878
2/19/2021 16:40,11.59970337
2/19/2021 16:50,11.07576802
2/19/2021 17:00,10.97669988
2/19/2021 17:10,12.60737853
2/19/2021 17:20,13.3655512
2/19/2021 17:30,13.32047721
2/19/2021 17:40,12.21281404
2/19/2021 17:50,12.09005088
2/19/2021 18:00,12.08105731
2/19/2021 18:10,11.4147007
2/19/2021 18:20,11.27574186
2/19/2021 18:30,11.50723479
2/19/2021 18:40,11.9105979
2/19/2021 18:50,12.27401457
2/19/2021 19:00,12.51903944
2/19/2021 19:10,11.59388452
2/19/2021 19:20,11.37894933
2/19/2021 19:30,11.05076437
2/19/2021 19:40,10.60312972
2/19/2021 19:50,10.63091776
2/19/2021 20:00,9.218627071
2/19/2021 20:10,10.32346702
2/19/2021 20:20,10.87976663
2/19/2021 20:30,10.57461753
2/19/2021 20:40,10.44031801
2/19/2021 20:50,9.186049795
2/19/2021 21:00,11.18797829
2/19/2021 21:10,10.56021321
2/19/2021 21:20,9.781794691
2/19/2021 21:30,10.581987
2/19/2021 21:40,9.653773985
2/19/2021 21:50,10.74252605
2/19/2021 22:00,10.35312991
2/19/2021 22:10,10.61273244
2/19/2021 22:20,9.861353612
2/19/2021 22:30,9.307727075
2/19/2021 22:40,11.07688186
2/19/2021 22:50,10.41640949
2/19/2021 23:00,11.55106082
2/19/2021 23:10,10.946703
2/19/2021 23:20,11.90643997
2/19/2021 23:30,10.8370172
2/19/2021 23:40,11.8754406
2/19/2021 23:50,11.62018743
2/20/2021 0:00,11.20242
2/20/2021 0:10,11.0718328
2/20/2021 0:20,9.462111425
2/20/2021 0:30,10.13691382
2/20/2021 0:40,10.32498908
2/20/2021 0:50,10.73794904
2/20/2021 1:00,10.27186327
2/20/2021 1:10,10.85973773
2/20/2021 1:20,11.13698726
2/20/2021 1:30,10.50935202
2/20/2021 1:40,10.70798922
2/20/2021 1:50,9.89445045
2/20/2021 2:00,10.4085948
2/20/2021 2:10,10.8636543
2/20/2021 2:20,11.21706586
2/20/2021 2:30,9.486075544
2/20/2021 2:40,10.40833483
2/20/2021 2:50,10.44917235
2/20/2021 3:00,10.25981042
2/20/2021 3:10,10.73340116
2/20/2021 3:20,11.19299011
2/20/2021 3:30,11.1468811
2/20/2021 3:40,10.51646135
2/20/2021 3:50,9.639643002
2/20/2021 4:00,9.885707643
2/20/2021 4:10,9.926118064
2/20/2021 4:20,9.15614574
2/20/2021 4:30,8.913143873
2/20/2021 4:40,9.332155275
2/20/2021 4:50,9.714988184
2/20/2021 5:00,8.851015329
2/20/2021 5:10,8.812590861
2/20/2021 5:20,8.671924329
2/20/2021 5:30,8.797128463
2/20/2021 5:40,8.431948376
2/20/2021 5:50,8.787100616
2/20/2021 6:00,8.330497545
2/20/2021 6:10,7.856677842
2/20/2021 6:20,8.350570202
2/20/2021 6:30,7.118744254
2/20/2021 6:40,7.877003741
2/20/2021 6:50,8.069459701
2/20/2021 7:00,8.055964732
2/20/2021 7:10,8.260208058
2/20/2021 7:20,8.530106711
2/20/2021 7:30,7.998959422
2/20/2021 7:40,8.391760516
2/20/2021 7:50,7.861559749
2/20/2021 8:00,7.947318506
2/20/2021 8:10,7.336612201
2/20/2021 8:20,7.688668656
2/20/2021 8:30,7.685624337
2/20/2021 8:40,7.737023926
2/20/2021 8:50,8.750512376
2/20/2021 9:00,8.389706737
2/20/2021 9:10,9.445627785
2/20/2021 9:20,9.10084796
2/20/2021 9:30,9.267186546
2/20/2021 9:40,8.978632426
2/20/2021 9:50,8.538441396
2/20/2021 10:00,9.2992625
2/20/2021 10:10,8.952570701
2/20/2021 10:20,7.661307502
2/20/2021 10:30,7.828425694
2/20/2021 10:40,9.102332902
2/20/2021 10:50,8.708956313
2/20/2021 11:00,8.326197743
2/20/2021 11:10,8.990363836
2/20/2021 11:20,9.718236732
2/20/2021 11:30,9.099065948
2/20/2021 11:40,9.85793798
2/20/2021 11:50,11.00678976
2/20/2021 12:00,8.753525019
2/20/2021 12:10,9.234089613
2/20/2021 12:20,10.18521357
2/20/2021 12:30,9.093812799
2/20/2021 12:40,9.130362248
2/20/2021 12:50,8.556372714
2/20/2021 13:00,9.180146885
2/20/2021 13:10,10.76132387
2/20/2021 13:20,10.80861654
2/20/2021 13:30,12.06561337
2/20/2021 13:40,9.184193563
2/20/2021 13:50,10.7622103
2/20/2021 14:00,11.34214001
2/20/2021 14:10,10.17528253
2/20/2021 14:20,9.316377211
2/20/2021 14:30,9.027451801
2/20/2021 14:40,10.14500718
2/20/2021 14:50,11.05529368
2/20/2021 15:00,10.50265088
2/20/2021 15:10,10.63041644
2/20/2021 15:20,10.89942434
2/20/2021 15:30,11.20203028
2/20/2021 15:40,11.11970553
2/20/2021 15:50,10.13864014
2/20/2021 16:00,9.845538378
2/20/2021 16:10,9.551842499
2/20/2021 16:20,10.01911638
2/20/2021 16:30,10.56306307
2/20/2021 16:40,9.702254295
2/20/2021 16:50,9.893151236
2/20/2021 17:00,9.389921713
2/20/2021 17:10,9.921124911
2/20/2021 17:20,10.02552032
2/20/2021 17:30,10.39008787
2/20/2021 17:40,10.11166892
2/20/2021 17:50,10.34486949
2/20/2021 18:00,9.084420252
2/20/2021 18:10,9.971169233
2/20/2021 18:20,10.23069165
2/20/2021 18:30,10.4767561
2/20/2021 18:40,10.7703963
2/20/2021 18:50,11.06867515
2/20/2021 19:00,10.09435008
2/20/2021 19:10,10.06672902
2/20/2021 19:20,10.07840493
2/20/2021 19:30,10.82359645
2/20/2021 19:40,10.82404184
2/20/2021 19:50,10.99344335
2/20/2021 20:00,11.13628192
2/20/2021 20:10,11.6176074
2/20/2021 20:20,12.65812845
2/20/2021 20:30,12.44928169
2/20/2021 20:40,12.20834045
2/20/2021 20:50,11.80287976
2/20/2021 21:00,11.34694757
2/20/2021 21:10,11.76671987
2/20/2021 21:20,12.42366548
2/20/2021 21:30,11.2703959
2/20/2021 21:40,11.6521894
2/20/2021 21:50,10.73332992
2/20/2021 22:00,11.88629961
2/20/2021 22:10,11.44798065
2/20/2021 22:20,11.44273
2/20/2021 22:30,10.94119
2/20/2021 22:40,10.42802963
2/20/2021 22:50,10.05651972
2/20/2021 23:00,10.59792137
2/20/2021 23:10,10.66178518
2/20/2021 23:20,10.01976588
2/20/2021 23:30,9.099864149
2/20/2021 23:40,10.36267107
2/20/2021 23:50,10.20219815
2/21/2021 0:00,9.774499631
2/21/2021 0:10,10.10415111
2/21/2021 0:20,9.298408723
2/21/2021 0:30,9.204983592
2/21/2021 0:40,9.385169792
2/21/2021 0:50,9.120227218
2/21/2021 1:00,9.021586061
2/21/2021 1:10,8.840026379
2/21/2021 1:20,8.264013386
2/21/2021 1:30,6.170701587
2/21/2021 1:40,6.632388139
2/21/2021 1:50,6.119179768
2/21/2021 2:00,6.900412035
2/21/2021 2:10,6.082641125
2/21/2021 2:20,6.871677279
2/21/2021 2:30,6.459831059
2/21/2021 2:40,6.322728491
2/21/2021 2:50,6.54430902
2/21/2021 3:00,5.240460503
2/21/2021 3:10,5.510396314
2/21/2021 3:20,5.694276547
2/21/2021 3:30,5.506202333
2/21/2021 3:40,5.212928136
2/21/2021 3:50,5.027604353
2/21/2021 4:00,4.852374327
2/21/2021 4:10,5.103729057
2/21/2021 4:20,4.571857846
2/21/2021 4:30,4.948746857
2/21/2021 4:40,4.24328301
2/21/2021 4:50,4.318535352
2/21/2021 5:00,4.408971715
2/21/2021 5:10,4.740516651
2/21/2021 5:20,4.213496007
2/21/2021 5:30,4.201313198
2/21/2021 5:40,4.271442246
2/21/2021 5:50,4.228822756
2/21/2021 6:00,4.782579243
2/21/2021 6:10,5.343649387
2/21/2021 6:20,5.425120306
2/21/2021 6:30,5.282950056
2/21/2021 6:40,4.826832318
2/21/2021 6:50,4.649189162
2/21/2021 7:00,5.569926333
2/21/2021 7:10,6.202554893
2/21/2021 7:20,5.879307556
2/21/2021 7:30,5.459702158
2/21/2021 7:40,5.647684669
2/21/2021 7:50,5.450736463
2/21/2021 8:00,5.72969377
2/21/2021 8:10,5.008166501
2/21/2021 8:20,5.048026963
2/21/2021 8:30,5.071912897
2/21/2021 8:40,4.927905047
2/21/2021 8:50,3.746272039
2/21/2021 9:00,4.399690628
2/21/2021 9:10,4.441641903
2/21/2021 9:20,4.054260981
2/21/2021 9:30,4.446653748
2/21/2021 9:40,4.089938223
2/21/2021 9:50,3.986674941
2/21/2021 10:00,4.262680805
2/21/2021 10:10,4.757872617
2/21/2021 10:20,5.496028972
2/21/2021 10:30,4.583812022
2/21/2021 10:40,3.93529402
2/21/2021 10:50,4.002215749
2/21/2021 11:00,4.520643795
2/21/2021 11:10,4.664138132
2/21/2021 11:20,5.072971117
2/21/2021 11:30,5.857793605
2/21/2021 11:40,4.879141521
2/21/2021 11:50,5.077129054
2/21/2021 12:00,4.623739934
2/21/2021 12:10,4.228488684
2/21/2021 12:20,3.2776061
2/21/2021 12:30,4.149384543
2/21/2021 12:40,4.060590863
2/21/2021 12:50,3.484076661
2/21/2021 13:00,3.064582801
2/21/2021 13:10,3.857814145
2/21/2021 13:20,3.650081217
2/21/2021 13:30,3.504049897
2/21/2021 13:40,3.517062306
2/21/2021 13:50,2.404407448
2/21/2021 14:00,3.015602562
2/21/2021 14:10,3.909529138
2/21/2021 14:20,4.022537708
2/21/2021 14:30,3.290841037
2/21/2021 14:40,3.080453724
2/21/2021 14:50,2.857889354
2/21/2021 15:00,2.216257966
2/21/2021 15:10,2.878976357
2/21/2021 15:20,3.030539167
2/21/2021 15:30,3.069278979
2/21/2021 15:40,2.499039042
2/21/2021 15:50,2.931248307
2/21/2021 16:00,2.836894029
2/21/2021 16:10,3.625522983
2/21/2021 16:20,3.636716115
2/21/2021 16:30,4.642859268
2/21/2021 16:40,4.641727078
2/21/2021 16:50,5.095004702
2/21/2021 17:00,5.06541605
2/21/2021 17:10,4.856977749
2/21/2021 17:20,4.68620286
2/21/2021 17:30,4.869228959
2/21/2021 17:40,5.032300663
2/21/2021 17:50,4.610467827
2/21/2021 18:00,4.696932006
2/21/2021 18:10,5.436703229
2/21/2021 18:20,6.247698879
2/21/2021 18:30,6.377506423
2/21/2021 18:40,6.112675214
2/21/2021 18:50,6.390834403
2/21/2021 19:00,5.544031644
2/21/2021 19:10,5.105603933
2/21/2021 19:20,5.081546998
2/21/2021 19:30,5.542528081
2/21/2021 19:40,6.251300025
2/21/2021 19:50,6.874647284
2/21/2021 20:00,7.148035789
2/21/2021 20:10,7.728021145
2/21/2021 20:20,7.382313204
2/21/2021 20:30,7.353151488
2/21/2021 20:40,7.370470238
2/21/2021 20:50,7.560308981
2/21/2021 21:00,6.90143511
2/21/2021 21:10,5.421269969
2/21/2021 21:20,4.825276927
2/21/2021 21:30,4.632538688
2/21/2021 21:40,4.319927526
2/21/2021 21:50,4.269400454
2/21/2021 22:00,3.817793381
2/21/2021 22:10,3.612659097
2/21/2021 22:20,3.637068772
2/21/2021 22:30,3.975834441
2/21/2021 22:40,3.760416639
2/21/2021 22:50,3.470136285
2/21/2021 23:00,2.989571726
2/21/2021 23:10,2.276377982
2/21/2021 23:20,2.610374904
2/21/2021 23:30,2.702268708
2/21/2021 23:40,3.276909578
2/21/2021 23:50,4.217147017
2/22/2021 0:00,4.41858716
2/22/2021 0:10,4.553796482
2/22/2021 0:20,4.081417966
2/22/2021 0:30,4.933845091
2/22/2021 0:40,5.454319
2/22/2021 0:50,5.434679961
2/22/2021 1:00,5.022987646
2/22/2021 1:10,4.812502074
2/22/2021 1:20,4.827296376
2/22/2021 1:30,4.80973618
2/22/2021 1:40,4.897796702
2/22/2021 1:50,4.322452068
2/22/2021 2:00,4.217462564
2/22/2021 2:10,4.101818204
2/22/2021 2:20,4.328521967
2/22/2021 2:30,5.094948995
2/22/2021 2:40,4.976130533
2/22/2021 2:50,4.018639505
2/22/2021 3:00,4.08795191
2/22/2021 3:10,4.56057179
2/22/2021 3:20,4.404312587
2/22/2021 3:30,3.525935054
2/22/2021 3:40,3.836133039
2/22/2021 3:50,5.519473553
2/22/2021 4:00,5.596062303
2/22/2021 4:10,5.205414557
2/22/2021 4:20,5.263236594
2/22/2021 4:30,5.048097324
2/22/2021 4:40,4.294422674
2/22/2021 4:50,3.800641596
2/22/2021 5:00,3.061464226
2/22/2021 5:10,3.06584512
2/22/2021 5:20,2.7323511
2/22/2021 5:30,4.935961223
2/22/2021 5:40,6.97506637
2/22/2021 5:50,6.91049149
2/22/2021 6:00,7.44839561
2/22/2021 6:10,7.3823874
2/22/2021 6:20,7.193309808
2/22/2021 6:30,6.469873452
2/22/2021 6:40,5.172967196
2/22/2021 6:50,4.006314087
2/22/2021 7:00,5.481605887
2/22/2021 7:10,6.494503789
2/22/2021 7:20,7.778808212
2/22/2021 7:30,7.573952413
2/22/2021 7:40,7.290038943
2/22/2021 7:50,6.721348386
2/22/2021 8:00,5.863603663
2/22/2021 8:10,5.540857434
2/22/2021 8:20,4.925751877
2/22/2021 8:30,4.790041399
2/22/2021 8:40,4.171074915
2/22/2021 8:50,3.833905661
2/22/2021 9:00,3.567180967
2/22/2021 9:10,2.957235795
2/22/2021 9:20,2.918068922
2/22/2021 9:30,3.993004799
2/22/2021 9:40,6.029218268
2/22/2021 9:50,6.23856616
2/22/2021 10:00,6.096284533
2/22/2021 10:10,6.332948208
2/22/2021 10:20,6.425492552
2/22/2021 10:30,5.966087222
2/22/2021 10:40,4.302200353
2/22/2021 10:50,4.964343333
2/22/2021 11:00,3.844597638
2/22/2021 11:10,3.129774249
2/22/2021 11:20,3.18483066
2/22/2021 11:30,3.592407465
2/22/2021 11:40,4.413575435
2/22/2021 11:50,4.569333363
2/22/2021 12:00,4.450259522
2/22/2021 12:10,3.858682071
2/22/2021 12:20,3.123797113
2/22/2021 12:30,3.202799141
2/22/2021 12:40,3.34827342
2/22/2021 12:50,2.979325187
2/22/2021 13:00,3.07503345
2/22/2021 13:10,2.313061091
2/22/2021 13:20,2.449144777
2/22/2021 13:30,2.089856237
2/22/2021 13:40,2.06424368
2/22/2021 13:50,1.254656192
2/22/2021 14:00,1.353450038
2/22/2021 14:10,1.781324998
2/22/2021 14:20,2.06808753
2/22/2021 14:30,1.088925058
2/22/2021 14:40,0.680287407
2/22/2021 14:50,0.674343655
2/22/2021 15:00,0.597337489
2/22/2021 15:10,0.823049998
2/22/2021 15:20,1.199625009
2/22/2021 15:30,0.568125051
2/22/2021 15:40,1.126743625
2/22/2021 15:50,0.929456368
2/22/2021 16:00,0.51729359
2/22/2021 16:10,0.885300077
2/22/2021 16:20,0.644062432
2/22/2021 16:30,1.183743867
2/22/2021 16:40,0.893399853
2/22/2021 16:50,1.27606883
2/22/2021 17:00,1.789799958
2/22/2021 17:10,2.036456072
2/22/2021 17:20,2.191350234
2/22/2021 17:30,2.099831569
2/22/2021 17:40,2.361431158
2/22/2021 17:50,2.513174844
2/22/2021 18:00,3.176860189
2/22/2021 18:10,3.340328741
2/22/2021 18:20,3.372386062
2/22/2021 18:30,3.379718447
2/22/2021 18:40,4.124780035
2/22/2021 18:50,3.911663938
2/22/2021 19:00,4.37130847
2/22/2021 19:10,4.866723013
2/22/2021 19:20,3.901899981
2/22/2021 19:30,2.548470962
2/22/2021 19:40,2.443481541
2/22/2021 19:50,2.283751225
2/22/2021 20:00,2.341684824
2/22/2021 20:10,2.571281433
2/22/2021 20:20,2.975012575
2/22/2021 20:30,3.606032324
2/22/2021 20:40,3.977615494
2/22/2021 20:50,4.192458856
2/22/2021 21:00,4.056432867
2/22/2021 21:10,4.197507811
2/22/2021 21:20,4.135769821
2/22/2021 21:30,4.299235269
2/22/2021 21:40,4.549285829
2/22/2021 21:50,5.104063249
2/22/2021 22:00,5.263645029
2/22/2021 22:10,5.538035965
2/22/2021 22:20,5.644213462
2/22/2021 22:30,5.530202579
2/22/2021 22:40,5.692751433
2/22/2021 22:50,6.313985562
2/22/2021 23:00,6.58111856
2/22/2021 23:10,7.485929108
2/22/2021 23:20,8.687665224
2/22/2021 23:30,7.956637001
2/22/2021 23:40,8.035211968
2/22/2021 23:50,7.586537766
2/23/2021 0:00,8.146215796
2/23/2021 0:10,8.648201489
2/23/2021 0:20,8.43872354
2/23/2021 0:30,8.727463341
2/23/2021 0:40,8.954724002
2/23/2021 0:50,7.840408882
2/23/2021 1:00,9.204069376
2/23/2021 1:10,9.270824838
2/23/2021 1:20,8.457360315
2/23/2021 1:30,8.274742436
2/23/2021 1:40,8.701123142
2/23/2021 1:50,8.871508288
2/23/2021 2:00,9.581468153
2/23/2021 2:10,8.824015141
2/23/2021 2:20,8.310772276
2/23/2021 2:30,8.270027518
2/23/2021 2:40,7.751539922
2/23/2021 2:50,6.869765377
2/23/2021 3:00,6.98748877
2/23/2021 3:10,7.028530455
2/23/2021 3:20,6.947709322
2/23/2021 3:30,7.215250731
2/23/2021 3:40,7.135264826
2/23/2021 3:50,7.998699617
2/23/2021 4:00,7.449433944
2/23/2021 4:10,6.508895723
2/23/2021 4:20,6.379548311
2/23/2021 4:30,6.82846378
2/23/2021 4:40,8.157668877
2/23/2021 4:50,9.326512218
2/23/2021 5:00,9.910377169
2/23/2021 5:10,9.440931511
2/23/2021 5:20,8.976850438
2/23/2021 5:30,8.656907201
2/23/2021 5:40,8.764179873
2/23/2021 5:50,8.607679439
2/23/2021 6:00,8.88949542
2/23/2021 6:10,9.605655098
2/23/2021 6:20,9.442472315
2/23/2021 6:30,9.456932354
2/23/2021 6:40,9.813666558
2/23/2021 6:50,8.925320959
2/23/2021 7:00,8.646772027
2/23/2021 7:10,7.297371149
2/23/2021 7:20,8.920049214
2/23/2021 7:30,8.575974727
2/23/2021 7:40,8.561291718
2/23/2021 7:50,9.988989353
2/23/2021 8:00,10.42676737
2/23/2021 8:10,10.24015851
2/23/2021 8:20,10.40459895
2/23/2021 8:30,9.491576772
2/23/2021 8:40,9.612411857
2/23/2021 8:50,11.24704416
2/23/2021 9:00,10.96108198
2/23/2021 9:10,10.56257064
2/23/2021 9:20,11.72801719
2/23/2021 9:30,12.60304265
2/23/2021 9:40,13.62599843
2/23/2021 9:50,11.6091156
2/23/2021 10:00,10.0598609
2/23/2021 10:10,11.17132785
2/23/2021 10:20,11.15882166
2/23/2021 10:30,9.511283422
2/23/2021 10:40,10.66744881
2/23/2021 10:50,10.98109939
2/23/2021 11:00,11.05024459
2/23/2021 11:10,11.0713315
2/23/2021 11:20,11.11578875
2/23/2021 11:30,11.46071739
2/23/2021 11:40,11.36738491
2/23/2021 11:50,10.4306283
2/23/2021 12:00,10.97150245
2/23/2021 12:10,11.70581634
2/23/2021 12:20,11.52143512
2/23/2021 12:30,11.50753179
2/23/2021 12:40,9.293099713
2/23/2021 12:50,11.36229897
2/23/2021 13:00,11.92546656
2/23/2021 13:10,12.02243695
2/23/2021 13:20,12.7273294
2/23/2021 13:30,12.3135951
2/23/2021 13:40,11.39655079
2/23/2021 13:50,12.1968503
2/23/2021 14:00,11.15217118
2/23/2021 14:10,12.92050915
2/23/2021 14:20,14.98981967
2/23/2021 14:30,14.93140354
2/23/2021 14:40,14.28726616
2/23/2021 14:50,13.96466846
2/23/2021 15:00,14.56306801
2/23/2021 15:10,13.2950634
2/23/2021 15:20,13.00303807
2/23/2021 15:30,12.99668975
2/23/2021 15:40,15.60531516
2/23/2021 15:50,15.9105381
2/23/2021 16:00,17.52666597
2/23/2021 16:10,11.8079473
2/23/2021 16:20,11.45754299
2/23/2021 16:30,12.95436721
2/23/2021 16:40,12.77542472
2/23/2021 16:50,13.86018004
2/23/2021 17:00,14.05248756
2/23/2021 17:10,14.39977365
2/23/2021 17:20,13.9144383
2/23/2021 17:30,13.52067491
2/23/2021 17:40,12.15931329
2/23/2021 17:50,13.53968015
2/23/2021 18:00,11.60765796
2/23/2021 18:10,13.71370344
2/23/2021 18:20,11.18753281
2/23/2021 18:30,12.52562914
2/23/2021 18:40,11.04270823
2/23/2021 18:50,10.43944552
2/23/2021 19:00,11.65475298
2/23/2021 19:10,12.12846608
2/23/2021 19:20,12.75380829
2/23/2021 19:30,12.60331631
2/23/2021 19:40,12.30118995
2/23/2021 19:50,11.68457295
2/23/2021 20:00,10.77719023
2/23/2021 20:10,11.15428844
2/23/2021 20:20,12.45486901
2/23/2021 20:30,12.29818292
2/23/2021 20:40,11.73285323
2/23/2021 20:50,12.77182474
2/23/2021 21:00,11.21311193
2/23/2021 21:10,11.88011823
2/23/2021 21:20,11.74273732
2/23/2021 21:30,11.5221961
2/23/2021 21:40,11.38126979
2/23/2021 21:50,12.10503993
2/23/2021 22:00,12.97209451
2/23/2021 22:10,12.76347065
2/23/2021 22:20,12.91807747
2/23/2021 22:30,12.59239845
2/23/2021 22:40,11.84869215
2/23/2021 22:50,11.58655233
2/23/2021 23:00,12.39264755
2/23/2021 23:10,12.69308152
2/23/2021 23:20,13.17193842
2/23/2021 23:30,12.19100304
2/23/2021 23:40,11.49489074
2/23/2021 23:50,11.2089354
2/24/2021 0:00,11.29775701
2/24/2021 0:10,12.07307534
2/24/2021 0:20,11.19033585
2/24/2021 0:30,11.8795428
2/24/2021 0:40,12.78576422
2/24/2021 0:50,11.95072989
2/24/2021 1:00,12.28554182
2/24/2021 1:10,10.52915812
2/24/2021 1:20,10.73334573
2/24/2021 1:30,12.80534763
2/24/2021 1:40,13.20039477
2/24/2021 1:50,12.91356697
2/24/2021 2:00,12.6875685
2/24/2021 2:10,13.72556486
2/24/2021 2:20,12.62907805
2/24/2021 2:30,13.64908743
2/24/2021 2:40,12.41063435
2/24/2021 2:50,13.02527614
2/24/2021 3:00,11.54009047
2/24/2021 3:10,10.77104112
2/24/2021 3:20,10.1458982
2/24/2021 3:30,10.52977071
2/24/2021 3:40,10.92368541
2/24/2021 3:50,10.2600018
2/24/2021 4:00,10.20372028
2/24/2021 4:10,10.71454186
2/24/2021 4:20,10.66173153
2/24/2021 4:30,10.8290724
2/24/2021 4:40,10.91639042
2/24/2021 4:50,11.25870159
2/24/2021 5:00,10.87351091
2/24/2021 5:10,11.13858347
2/24/2021 5:20,10.79022112
2/24/2021 5:30,10.61699598
2/24/2021 5:40,10.23807948
2/24/2021 5:50,11.1788084
2/24/2021 6:00,10.39127584
2/24/2021 6:10,10.79939089
2/24/2021 6:20,11.06637549
2/24/2021 6:30,11.48562813
2/24/2021 6:40,11.21153412
2/24/2021 6:50,12.66191511
2/24/2021 7:00,10.02121398
2/24/2021 7:10,10.17810407
2/24/2021 7:20,10.5115052
2/24/2021 7:30,10.77364483
2/24/2021 7:40,11.12198858
2/24/2021 7:50,10.54926131
2/24/2021 8:00,9.985313916
2/24/2021 8:10,10.04714565
2/24/2021 8:20,9.822706413
2/24/2021 8:30,10.27535291
2/24/2021 8:40,10.92331419
2/24/2021 8:50,10.37895031
2/24/2021 9:00,10.78495317
2/24/2021 9:10,11.65961442
2/24/2021 9:20,9.454259467
2/24/2021 9:30,10.17043779
2/24/2021 9:40,10.82341096
2/24/2021 9:50,10.56555922
2/24/2021 10:00,10.71476197
2/24/2021 10:10,11.36750312
2/24/2021 10:20,10.95837877
2/24/2021 10:30,11.70563076
2/24/2021 10:40,12.63570492
2/24/2021 10:50,11.9932941
2/24/2021 11:00,11.43348606
2/24/2021 11:10,11.15770292
2/24/2021 11:20,12.17490935
2/24/2021 11:30,11.9199163
2/24/2021 11:40,13.13995519
2/24/2021 11:50,11.13850932
2/24/2021 12:00,11.37532969
2/24/2021 12:10,10.93749602
2/24/2021 12:20,12.60446417
2/24/2021 12:30,12.08254237
2/24/2021 12:40,11.49112258
2/24/2021 12:50,10.86909308
2/24/2021 13:00,11.06180906
2/24/2021 13:10,11.9105793
2/24/2021 13:20,11.63887374
2/24/2021 13:30,11.54350392
2/24/2021 13:40,12.42880726
2/24/2021 13:50,11.69111505
2/24/2021 14:00,11.22469501
2/24/2021 14:10,10.96940494
2/24/2021 14:20,11.0992311
2/24/2021 14:30,9.482363105
2/24/2021 14:40,9.824711275
2/24/2021 14:50,10.37311971
2/24/2021 15:00,11.54408126
2/24/2021 15:10,10.76950526
2/24/2021 15:20,11.80102344
2/24/2021 15:30,12.57894087
2/24/2021 15:40,11.76550877
2/24/2021 15:50,10.91660712
2/24/2021 16:00,11.72090774
2/24/2021 16:10,12.77405114
2/24/2021 16:20,12.12263741
2/24/2021 16:30,13.87037106
2/24/2021 16:40,12.09645754
2/24/2021 16:50,10.48265905
2/24/2021 17:00,10.5009059
2/24/2021 17:10,11.14524755
2/24/2021 17:20,11.8782063
2/24/2021 17:30,12.0207849
2/24/2021 17:40,11.04420301
2/24/2021 17:50,11.33258014
2/24/2021 18:00,12.03507805
2/24/2021 18:10,11.81687584
2/24/2021 18:20,11.6993752
2/24/2021 18:30,11.57667718
2/24/2021 18:40,12.44274774
2/24/2021 18:50,11.86248388
2/24/2021 19:00,10.61861084
2/24/2021 19:10,10.61597488
2/24/2021 19:20,11.16447835
2/24/2021 19:30,10.57049687
2/24/2021 19:40,10.51456809
2/24/2021 19:50,10.48033867
2/24/2021 20:00,11.46515369
2/24/2021 20:10,11.52202921
2/24/2021 20:20,11.33104254
2/24/2021 20:30,11.62202535
2/24/2021 20:40,11.48412452
2/24/2021 20:50,11.70319905
2/24/2021 21:00,11.19339855
2/24/2021 21:10,12.30742702
2/24/2021 21:20,10.89177647
2/24/2021 21:30,11.80995197
2/24/2021 21:40,11.43406136
2/24/2021 21:50,11.71324153
2/24/2021 22:00,10.60260994
2/24/2021 22:10,9.782425904
2/24/2021 22:20,10.57688215
2/24/2021 22:30,10.08553286
2/24/2021 22:40,10.61939039
2/24/2021 22:50,11.23796711
2/24/2021 23:00,11.00350428
2/24/2021 23:10,9.698244905
2/24/2021 23:20,10.36738601
2/24/2021 23:30,10.67440953
2/24/2021 23:40,11.20555711
2/24/2021 23:50,10.45514944
2/25/2021 0:00,11.20177026
2/25/2021 0:10,9.23876729
2/25/2021 0:20,9.563592482
2/25/2021 0:30,9.908780694
2/25/2021 0:40,9.588503456
2/25/2021 0:50,8.150689268
2/25/2021 1:00,8.494281077
2/25/2021 1:10,8.353577352
2/25/2021 1:20,9.066915798
2/25/2021 1:30,7.624228452
2/25/2021 1:40,7.532822785
2/25/2021 1:50,7.056493812
2/25/2021 2:00,7.248459005
2/25/2021 2:10,6.238733172
2/25/2021 2:20,7.008575821
2/25/2021 2:30,6.818848395
2/25/2021 2:40,6.659545112
2/25/2021 2:50,5.728264463
2/25/2021 3:00,5.959219098
2/25/2021 3:10,5.485318458
2/25/2021 3:20,5.016132677
2/25/2021 3:30,5.469651747
2/25/2021 3:40,5.426735055
2/25/2021 3:50,5.728765583
2/25/2021 4:00,6.458810091
2/25/2021 4:10,7.039742231
2/25/2021 4:20,7.694942784
2/25/2021 4:30,7.182060838
2/25/2021 4:40,5.94544574
2/25/2021 4:50,6.10778496
2/25/2021 5:00,5.739763436
2/25/2021 5:10,6.198860979
2/25/2021 5:20,5.567717338
2/25/2021 5:30,6.574491739
2/25/2021 5:40,6.377840495
2/25/2021 5:50,6.363881612
2/25/2021 6:00,6.543076527
2/25/2021 6:10,6.357978725
2/25/2021 6:20,6.345467639
2/25/2021 6:30,6.550583196
2/25/2021 6:40,5.883576846
2/25/2021 6:50,5.957771111
2/25/2021 7:00,5.729192522
2/25/2021 7:10,5.654738331
2/25/2021 7:20,5.963673997
2/25/2021 7:30,5.477615047
2/25/2021 7:40,5.399541163
2/25/2021 7:50,5.067365181
2/25/2021 8:00,5.820204449
2/25/2021 8:10,5.511992741
2/25/2021 8:20,5.777269411
2/25/2021 8:30,5.384301353
2/25/2021 8:40,5.216774738
2/25/2021 8:50,4.919162154
2/25/2021 9:00,5.276917171
2/25/2021 9:10,5.657337165
2/25/2021 9:20,5.348605633
2/25/2021 9:30,5.573527408
2/25/2021 9:40,5.493541574
2/25/2021 9:50,5.673579359
2/25/2021 10:00,6.339527488
2/25/2021 10:10,5.522536266
2/25/2021 10:20,5.726519608
2/25/2021 10:30,5.484724438
2/25/2021 10:40,5.449864078
2/25/2021 10:50,6.189431214
2/25/2021 11:00,5.893841946
2/25/2021 11:10,5.873070502
2/25/2021 11:20,5.209164143
2/25/2021 11:30,5.816733289
2/25/2021 11:40,5.723159742
2/25/2021 11:50,5.650357723
2/25/2021 12:00,5.370435059
2/25/2021 12:10,5.580469775
2/25/2021 12:20,5.456249547
2/25/2021 12:30,5.730046439
2/25/2021 12:40,6.005142689
2/25/2021 12:50,5.003176045
2/25/2021 13:00,6.01331017
2/25/2021 13:10,5.927235901
2/25/2021 13:20,5.468092465
2/25/2021 13:30,6.158580351
2/25/2021 13:40,6.530442786
2/25/2021 13:50,5.448453271
2/25/2021 14:00,6.585090947
2/25/2021 14:10,6.671072435
2/25/2021 14:20,6.81602695
2/25/2021 14:30,6.969390273
2/25/2021 14:40,5.640463829
2/25/2021 14:50,5.446856916
2/25/2021 15:00,5.518879437
2/25/2021 15:10,5.400951838
2/25/2021 15:20,4.305931449
2/25/2021 15:30,5.69932549
2/25/2021 15:40,4.278249841
2/25/2021 15:50,5.192290819
2/25/2021 16:00,4.967981589
2/25/2021 16:10,4.659806907
2/25/2021 16:20,4.75224824
2/25/2021 16:30,5.250242937
2/25/2021 16:40,4.16888442
2/25/2021 16:50,3.229331832
2/25/2021 17:00,3.5686935
2/25/2021 17:10,4.049100614
2/25/2021 17:20,4.817272723
2/25/2021 17:30,4.708384931
2/25/2021 17:40,5.158674121
2/25/2021 17:50,5.181673074
2/25/2021 18:00,5.29995327
2/25/2021 18:10,5.791878152
2/25/2021 18:20,6.202313614
2/25/2021 18:30,6.029589486
2/25/2021 18:40,6.031223011
2/25/2021 18:50,6.881645322
2/25/2021 19:00,6.163091063
2/25/2021 19:10,6.315099287
2/25/2021 19:20,6.357087612
2/25/2021 19:30,6.727947903
2/25/2021 19:40,6.536902547
2/25/2021 19:50,5.923968863
2/25/2021 20:00,6.146681666
2/25/2021 20:10,6.007685709
2/25/2021 20:20,5.935069156
2/25/2021 20:30,6.048931599
2/25/2021 20:40,6.229581833
2/25/2021 20:50,5.917397773
2/25/2021 21:00,3.699049115
2/25/2021 21:10,3.044386768
2/25/2021 21:20,2.789913416
2/25/2021 21:30,2.984281492
2/25/2021 21:40,2.258914608
2/25/2021 21:50,2.459482369
2/25/2021 22:00,2.0406196
2/25/2021 22:10,2.006854415
2/25/2021 22:20,2.104678744
2/25/2021 22:30,2.393511266
2/25/2021 22:40,2.911015177
2/25/2021 22:50,3.190473652
2/25/2021 23:00,3.160198164
2/25/2021 23:10,2.858334827
2/25/2021 23:20,3.187151015
2/25/2021 23:30,3.323399758
2/25/2021 23:40,3.709778142
2/25/2021 23:50,5.93428967
2/26/2021 0:00,6.192624021
2/26/2021 0:10,6.772534966
2/26/2021 0:20,6.337745523
2/26/2021 0:30,6.429889798
2/26/2021 0:40,6.933920664
2/26/2021 0:50,7.119208264
2/26/2021 1:00,7.301677608
2/26/2021 1:10,8.237487435
2/26/2021 1:20,7.870154238
2/26/2021 1:30,8.164017105
2/26/2021 1:40,8.084291315
2/26/2021 1:50,8.091734791
2/26/2021 2:00,8.468237901
2/26/2021 2:10,7.684659195
2/26/2021 2:20,7.364548898
2/26/2021 2:30,7.747716022
2/26/2021 2:40,8.169790006
2/26/2021 2:50,7.977593899
2/26/2021 3:00,7.994226027
2/26/2021 3:10,8.6327389
2/26/2021 3:20,8.211499977
2/26/2021 3:30,8.137101507
2/26/2021 3:40,7.64259665
2/26/2021 3:50,7.627171159
2/26/2021 4:00,7.294308352
2/26/2021 4:10,6.819850826
2/26/2021 4:20,6.7921556
2/26/2021 4:30,6.688205528
2/26/2021 4:40,6.902528167
2/26/2021 4:50,6.709775233
2/26/2021 5:00,6.668417931
2/26/2021 5:10,7.253285241
2/26/2021 5:20,7.215547705
2/26/2021 5:30,7.027804428
2/26/2021 5:40,6.872364104
2/26/2021 5:50,6.956456661
2/26/2021 6:00,6.83362218
2/26/2021 6:10,6.733108187
2/26/2021 6:20,6.571224785
2/26/2021 6:30,6.625946856
2/26/2021 6:40,6.426983379
2/26/2021 6:50,6.401730466
2/26/2021 7:00,6.134245847
2/26/2021 7:10,5.714639497
2/26/2021 7:20,5.715363503
2/26/2021 7:30,5.707771444
2/26/2021 7:40,5.299322224
2/26/2021 7:50,4.895457864
2/26/2021 8:00,5.843574667
2/26/2021 8:10,6.096711373
2/26/2021 8:20,6.550453258
2/26/2021 8:30,6.313335872
2/26/2021 8:40,5.989067507
2/26/2021 8:50,5.987155676
2/26/2021 9:00,5.45992496
2/26/2021 9:10,5.266447949
2/26/2021 9:20,4.502582598
2/26/2021 9:30,4.228265905
2/26/2021 9:40,3.811370623
2/26/2021 9:50,3.750003207
2/26/2021 10:00,2.463324839
2/26/2021 10:10,2.310964161
2/26/2021 10:20,2.66148755
2/26/2021 10:30,2.825675929
2/26/2021 10:40,2.835447222
2/26/2021 10:50,2.772878122
2/26/2021 11:00,3.110857558
2/26/2021 11:10,3.418458259
2/26/2021 11:20,3.490833473
2/26/2021 11:30,3.363494754
2/26/2021 11:40,3.206783182
2/26/2021 11:50,3.428166389
2/26/2021 12:00,3.708019137
2/26/2021 12:10,3.692607898
2/26/2021 12:20,4.580248082
2/26/2021 12:30,4.272871614
2/26/2021 12:40,4.303815269
2/26/2021 12:50,3.637755656
2/26/2021 13:00,4.194327781
2/26/2021 13:10,3.724852813
2/26/2021 13:20,4.11393953
2/26/2021 13:30,3.47587204
2/26/2021 13:40,4.891986692
2/26/2021 13:50,4.487639797
2/26/2021 14:00,3.669200587
2/26/2021 14:10,4.339937979
2/26/2021 14:20,4.078819215
2/26/2021 14:30,3.908025646
2/26/2021 14:40,4.623684323
2/26/2021 14:50,4.191549289
2/26/2021 15:00,4.765780342
2/26/2021 15:10,3.688338438
2/26/2021 15:20,3.61513288
2/26/2021 15:30,2.458687463
2/26/2021 15:40,3.623278886
2/26/2021 15:50,3.316413991
2/26/2021 16:00,2.185369653
2/26/2021 16:10,1.948012476
2/26/2021 16:20,1.893074989
2/26/2021 16:30,2.591212475
2/26/2021 16:40,3.848755586
2/26/2021 16:50,4.255200148
2/26/2021 17:00,4.097326088
2/26/2021 17:10,3.391821128
2/26/2021 17:20,2.246735162
2/26/2021 17:30,1.981499946
2/26/2021 17:40,1.993349969
2/26/2021 17:50,2.260087496
2/26/2021 18:00,2.075962621
2/26/2021 18:10,2.126456392
2/26/2021 18:20,2.908668721
2/26/2021 18:30,2.358712512
2/26/2021 18:40,2.246587491
2/26/2021 18:50,2.392162484
2/26/2021 19:00,1.907250065
2/26/2021 19:10,1.720481324
2/26/2021 19:20,1.74361878
2/26/2021 19:30,1.78919996
2/26/2021 19:40,1.584712452
2/26/2021 19:50,1.807162517
2/26/2021 20:00,2.595150042
2/26/2021 20:10,2.242181182
2/26/2021 20:20,2.229318875
2/26/2021 20:30,2.149443948
2/26/2021 20:40,1.748793715
2/26/2021 20:50,1.310381269
2/26/2021 21:00,1.2287065
2/26/2021 21:10,0.831149887
2/26/2021 21:20,0.724762285
2/26/2021 21:30,0.906318751
2/26/2021 21:40,1.120050272
2/26/2021 21:50,1.116862476
2/26/2021 22:00,1.945855304
2/26/2021 22:10,1.83464992
2/26/2021 22:20,1.999256575
2/26/2021 22:30,2.157674962
2/26/2021 22:40,2.625505972
2/26/2021 22:50,2.868937576
2/26/2021 23:00,2.601289862
2/26/2021 23:10,2.874781245
2/26/2021 23:20,3.192608333
2/26/2021 23:30,3.199397338
2/26/2021 23:40,3.35501163
2/26/2021 23:50,3.365685022
2/27/2021 0:00,3.209184706
2/27/2021 0:10,3.071209514
2/27/2021 0:20,2.149745131
2/27/2021 0:30,2.968987453
2/27/2021 0:40,2.840371198
2/27/2021 0:50,4.03835299
2/27/2021 1:00,4.58093487
2/27/2021 1:10,4.185739195
2/27/2021 1:20,3.916063201
2/27/2021 1:30,4.366959108
2/27/2021 1:40,2.910217035
2/27/2021 1:50,2.076927865
2/27/2021 2:00,2.416157562
2/27/2021 2:10,2.688166556
2/27/2021 2:20,2.286554146
2/27/2021 2:30,2.102674034
2/27/2021 2:40,2.062634683
2/27/2021 2:50,2.217668706
2/27/2021 3:00,1.825981402
2/27/2021 3:10,1.984950584
2/27/2021 3:20,3.172653627
2/27/2021 3:30,2.411683983
2/27/2021 3:40,2.183457959
2/27/2021 3:50,2.703913409
2/27/2021 4:00,2.113607419
2/27/2021 4:10,1.901085341
2/27/2021 4:20,1.729697743
2/27/2021 4:30,1.671133035
2/27/2021 4:40,1.981820846
2/27/2021 4:50,2.420549923
2/27/2021 5:00,2.311968774
2/27/2021 5:10,2.352074921
2/27/2021 5:20,2.495924968
2/27/2021 5:30,4.014114493
2/27/2021 5:40,4.573788261
2/27/2021 5:50,4.874946415
2/27/2021 6:00,4.097177529
2/27/2021 6:10,4.218576288
2/27/2021 6:20,2.30207243
2/27/2021 6:30,2.418162262
2/27/2021 6:40,2.25960142
2/27/2021 6:50,2.516914767
2/27/2021 7:00,2.022743887
2/27/2021 7:10,2.173527133
2/27/2021 7:20,3.471695518
2/27/2021 7:30,3.499929178
2/27/2021 7:40,2.996681166
2/27/2021 7:50,2.786089575
2/27/2021 8:00,2.32613918
2/27/2021 8:10,1.941328764
2/27/2021 8:20,2.077200091
2/27/2021 8:30,2.039812595
2/27/2021 8:40,1.729518586
2/27/2021 8:50,2.113200021
2/27/2021 9:00,2.399456286
2/27/2021 9:10,2.109281331
2/27/2021 9:20,2.146349978
2/27/2021 9:30,2.66647501
2/27/2021 9:40,2.495137626
2/27/2021 9:50,1.595512484
2/27/2021 10:00,2.083218673
2/27/2021 10:10,2.091281232
2/27/2021 10:20,1.713543764
2/27/2021 10:30,1.588640444
2/27/2021 10:40,1.691328944
2/27/2021 10:50,1.506562506
2/27/2021 11:00,0.9398625
2/27/2021 11:10,1.145025005
2/27/2021 11:20,1.162987563
2/27/2021 11:30,0.912656276
2/27/2021 11:40,1.115512455
2/27/2021 11:50,0.665662551
2/27/2021 12:00,1.091100077
2/27/2021 12:10,1.751456428
2/27/2021 12:20,0.832387681
2/27/2021 12:30,1.055512464
2/27/2021 12:40,1.694782847
2/27/2021 12:50,1.246425031
2/27/2021 13:00,1.33316251
2/27/2021 13:10,1.847925112
2/27/2021 13:20,1.535437529
2/27/2021 13:30,1.7295001
2/27/2021 13:40,1.295212463
2/27/2021 13:50,1.300237553
2/27/2021 14:00,1.282424994
2/27/2021 14:10,1.145493849
2/27/2021 14:20,1.370868778
2/27/2021 14:30,2.008762455
2/27/2021 14:40,1.063706316
2/27/2021 14:50,2.007562469
2/27/2021 15:00,2.367262593
2/27/2021 15:10,2.800668603
2/27/2021 15:20,2.541675019
2/27/2021 15:30,2.602931172
2/27/2021 15:40,2.430037487
2/27/2021 15:50,1.652193713
2/27/2021 16:00,1.075181246
2/27/2021 16:10,1.212731302
2/27/2021 16:20,1.151802664
2/27/2021 16:30,0.809849758
2/27/2021 16:40,0.701549868
2/27/2021 16:50,1.394474922
2/27/2021 17:00,2.628618729
2/27/2021 17:10,2.400374955
2/27/2021 17:20,2.251406288
2/27/2021 17:30,2.248387486
2/27/2021 17:40,2.491893518
2/27/2021 17:50,2.695049858
2/27/2021 18:00,2.724356234
2/27/2021 18:10,2.628693748
2/27/2021 18:20,2.378737354
2/27/2021 18:30,2.463506156
2/27/2021 18:40,2.195587581
2/27/2021 18:50,2.468718618
2/27/2021 19:00,2.502862364
2/27/2021 19:10,2.481731111
2/27/2021 19:20,2.528531104
2/27/2021 19:30,2.664937514
2/27/2021 19:40,2.735475135
2/27/2021 19:50,2.786906385
2/27/2021 20:00,3.362979889
2/27/2021 20:10,4.097975719
2/27/2021 20:20,3.583163345
2/27/2021 20:30,3.633616138
2/27/2021 20:40,3.523874593
2/27/2021 20:50,3.240648103
2/27/2021 21:00,3.56933434
2/27/2021 21:10,2.885343271
2/27/2021 21:20,2.541547304
2/27/2021 21:30,2.159085232
2/27/2021 21:40,2.034000081
2/27/2021 21:50,2.190093786
2/27/2021 22:00,2.891235125
2/27/2021 22:10,1.833197418
2/27/2021 22:20,2.871631459
2/27/2021 22:30,2.001232431
2/27/2021 22:40,1.765519638
2/27/2021 22:50,1.965168738
2/27/2021 23:00,2.340131348
2/27/2021 23:10,2.722931421
2/27/2021 23:20,2.087212539
2/27/2021 23:30,2.892340958
2/27/2021 23:40,2.819093657
2/27/2021 23:50,2.808865678
2/28/2021 0:00,2.536182594
2/28/2021 0:10,2.455064499
2/28/2021 0:20,2.77376399
2/28/2021 0:30,2.722253132
2/28/2021 0:40,2.22223506
2/28/2021 0:50,2.675624132
2/28/2021 1:00,2.874836814
2/28/2021 1:10,2.456252486
2/28/2021 1:20,2.416274881
2/28/2021 1:30,2.2455562
2/28/2021 1:40,2.495249903
2/28/2021 1:50,2.459512424
2/28/2021 2:00,2.668631214
2/28/2021 2:10,2.901918793
2/28/2021 2:20,2.938960838
2/28/2021 2:30,2.843132138
2/28/2021 2:40,3.120029092
2/28/2021 2:50,3.381407642
2/28/2021 3:00,3.099610186
2/28/2021 3:10,3.06376611
2/28/2021 3:20,3.086635017
2/28/2021 3:30,3.314359856
2/28/2021 3:40,3.170184851
2/28/2021 3:50,2.588918591
2/28/2021 4:00,2.596380091
2/28/2021 4:10,2.490037352
2/28/2021 4:20,2.249111734
2/28/2021 4:30,2.588174903
2/28/2021 4:40,2.209012485
2/28/2021 4:50,2.490562481
2/28/2021 5:00,2.68348133
2/28/2021 5:10,2.924118769
2/28/2021 5:20,2.96932497
2/28/2021 5:30,2.729981273
2/28/2021 5:40,2.49868108
2/28/2021 5:50,2.707237482
2/28/2021 6:00,2.407181156
2/28/2021 6:10,2.431106246
2/28/2021 6:20,2.55326221
2/28/2021 6:30,2.600137544
2/28/2021 6:40,2.612400115
2/28/2021 6:50,2.743725109
2/28/2021 7:00,2.782031214
2/28/2021 7:10,2.632795352
2/28/2021 7:20,3.206530297
2/28/2021 7:30,2.82390126
2/28/2021 7:40,2.240741855
2/28/2021 7:50,2.702855372
2/28/2021 8:00,2.63051722
2/28/2021 8:10,2.710131788
2/28/2021 8:20,2.294703102
2/28/2021 8:30,2.598682606
2/28/2021 8:40,3.40572437
2/28/2021 8:50,3.180598378
2/28/2021 9:00,2.723960769
2/28/2021 9:10,2.224164468
2/28/2021 9:20,1.922812527
2/28/2021 9:30,2.475768769
2/28/2021 9:40,1.969931239
2/28/2021 9:50,2.505412459
2/28/2021 10:00,2.684247363
2/28/2021 10:10,2.342773795
2/28/2021 10:20,2.285180515
2/28/2021 10:30,2.826500165
2/28/2021 10:40,2.563079721
2/28/2021 10:50,2.992096168
2/28/2021 11:00,2.489553708
2/28/2021 11:10,2.379051036
2/28/2021 11:20,2.739924634
2/28/2021 11:30,2.669220155
2/28/2021 11:40,2.414987963
2/28/2021 11:50,2.639928466
2/28/2021 12:00,2.27487846
2/28/2021 12:10,2.501681288
2/28/2021 12:20,2.184150049
2/28/2021 12:30,2.195231226
2/28/2021 12:40,3.086643767
2/28/2021 12:50,3.219588971
2/28/2021 13:00,3.093670213
2/28/2021 13:10,3.070838356
2/28/2021 13:20,3.416100752
2/28/2021 13:30,3.318759015
2/28/2021 13:40,3.172876364
2/28/2021 13:50,3.424453974
2/28/2021 14:00,3.831436765
2/28/2021 14:10,3.461096358
2/28/2021 14:20,4.210371709
2/28/2021 14:30,3.57687062
2/28/2021 14:40,2.776065814
2/28/2021 14:50,3.529926002
2/28/2021 15:00,3.504087055
2/28/2021 15:10,3.285996205
2/28/2021 15:20,3.562930143
2/28/2021 15:30,3.441803957
2/28/2021 15:40,3.02923981
2/28/2021 15:50,3.623555392
2/28/2021 16:00,4.075682151
2/28/2021 16:10,3.621234918
2/28/2021 16:20,4.782226598
2/28/2021 16:30,4.311370242
2/28/2021 16:40,4.174471748
2/28/2021 16:50,3.799323535
2/28/2021 17:00,3.616975471
2/28/2021 17:10,3.738605762
2/28/2021 17:20,2.80834595
2/28/2021 17:30,3.107893963
2/28/2021 17:40,3.140540564
2/28/2021 17:50,2.405187106
2/28/2021 18:00,3.017930597
2/28/2021 18:10,2.661943579
2/28/2021 18:20,3.576239598
2/28/2021 18:30,3.760231054
2/28/2021 18:40,4.261010158
2/28/2021 18:50,3.613364476
2/28/2021 19:00,4.717573428
2/28/2021 19:10,4.497923279
2/28/2021 19:20,4.701813865
2/28/2021 19:30,3.794181883
2/28/2021 19:40,3.44604212
2/28/2021 19:50,4.335383252
2/28/2021 20:00,4.990200853
2/28/2021 20:10,5.378955317
2/28/2021 20:20,5.590679073
2/28/2021 20:30,5.576608825
2/28/2021 20:40,5.586372709
2/28/2021 20:50,6.132221532
2/28/2021 21:00,5.835574305
2/28/2021 21:10,6.08065505
2/28/2021 21:20,5.664427996
2/28/2021 21:30,3.677665055
2/28/2021 21:40,4.934049284
2/28/2021 21:50,6.165652633
2/28/2021 22:00,6.192623949
2/28/2021 22:10,6.392523456
2/28/2021 22:20,6.443162036
2/28/2021 22:30,5.907076979
2/28/2021 22:40,5.355752182
2/28/2021 22:50,5.565582633
2/28/2021 23:00,5.555521822
2/28/2021 23:10,5.196393204
2/28/2021 23:20,5.924637055
2/28/2021 23:30,5.523735034
2/28/2021 23:40,4.873461318
2/28/2021 23:50,4.415745326
3/1/2021 0:00,5.418530524
3/1/2021 0:10,6.301808619
3/1/2021 0:20,6.319851198
3/1/2021 0:30,5.820093131
3/1/2021 0:40,5.629920244
3/1/2021 0:50,6.114072732
3/1/2021 1:00,4.95832132
3/1/2021 1:10,4.014054656
3/1/2021 1:20,5.104026055
3/1/2021 1:30,5.420906556
3/1/2021 1:40,4.465605938
3/1/2021 1:50,3.395793474
3/1/2021 2:00,3.350686592
3/1/2021 2:10,3.444482911
3/1/2021 2:20,4.495046222
3/1/2021 2:30,6.273315144
3/1/2021 2:40,6.178683519
3/1/2021 2:50,5.254233801
3/1/2021 3:00,4.501617289
3/1/2021 3:10,4.353822637
3/1/2021 3:20,3.980920637
3/1/2021 3:30,2.973533738
3/1/2021 3:40,3.350074053
3/1/2021 3:50,2.954432833
3/1/2021 4:00,3.66975745
3/1/2021 4:10,4.40949167
3/1/2021 4:20,3.620938075
3/1/2021 4:30,3.128307861
3/1/2021 4:40,2.930078894
3/1/2021 4:50,2.906708694
3/1/2021 5:00,3.409418344
3/1/2021 5:10,3.260788345
3/1/2021 5:20,3.152049303
3/1/2021 5:30,2.908008146
3/1/2021 5:40,2.639575803
3/1/2021 5:50,2.669405693
3/1/2021 6:00,2.357815534
3/1/2021 6:10,2.747145462
3/1/2021 6:20,3.594449353
3/1/2021 6:30,2.768099007
3/1/2021 6:40,3.53371259
3/1/2021 6:50,3.667789805
3/1/2021 7:00,3.285365158
3/1/2021 7:10,3.403459787
3/1/2021 7:20,4.158619487
3/1/2021 7:30,4.198788619
3/1/2021 7:40,3.866501307
3/1/2021 7:50,3.88233515
3/1/2021 8:00,4.275025022
3/1/2021 8:10,4.24307878
3/1/2021 8:20,3.85819021
3/1/2021 8:30,3.797968614
3/1/2021 8:40,2.984819734
3/1/2021 8:50,3.969226229
3/1/2021 9:00,3.21219185
3/1/2021 9:10,3.798209906
3/1/2021 9:20,3.673636913
3/1/2021 9:30,3.941939294
3/1/2021 9:40,4.231867039
3/1/2021 9:50,4.729156494
3/1/2021 10:00,4.15002501
3/1/2021 10:10,4.121902835
3/1/2021 10:20,3.911348295
3/1/2021 10:30,3.837135518
3/1/2021 10:40,3.712246954
3/1/2021 10:50,3.548525602
3/1/2021 11:00,4.093817711
3/1/2021 11:10,3.905742443
3/1/2021 11:20,3.882483673
3/1/2021 11:30,3.960724568
3/1/2021 11:40,4.060553753
3/1/2021 11:50,4.265372324
3/1/2021 12:00,4.909231246
3/1/2021 12:10,4.173339403
3/1/2021 12:20,3.978221191
3/1/2021 12:30,4.130448705
3/1/2021 12:40,4.357541022
3/1/2021 12:50,4.295480692
3/1/2021 13:00,4.903439689
3/1/2021 13:10,3.932732332
3/1/2021 13:20,4.112064588
3/1/2021 13:30,3.955415738
3/1/2021 13:40,4.175845397
3/1/2021 13:50,4.415357351
3/1/2021 14:00,3.697229886
3/1/2021 14:10,3.642507648
3/1/2021 14:20,3.807641657
3/1/2021 14:30,4.188504934
3/1/2021 14:40,3.702186155
3/1/2021 14:50,4.114774716
3/1/2021 15:00,3.976669765
3/1/2021 15:10,4.134896469
3/1/2021 15:20,3.929867572
3/1/2021 15:30,3.542010248
3/1/2021 15:40,4.022946072
3/1/2021 15:50,4.586967635
3/1/2021 16:00,4.271646547
3/1/2021 16:10,4.365702677
3/1/2021 16:20,3.966998756
3/1/2021 16:30,4.633076966
3/1/2021 16:40,4.580322242
3/1/2021 16:50,4.38239032
3/1/2021 17:00,4.584198964
3/1/2021 17:10,4.208387547
3/1/2021 17:20,4.113475335
3/1/2021 17:30,4.433604252
3/1/2021 17:40,4.336448264
3/1/2021 17:50,4.331696105
3/1/2021 18:00,4.619136405
3/1/2021 18:10,4.981123877
3/1/2021 18:20,4.545778555
3/1/2021 18:30,3.83967855
3/1/2021 18:40,4.408322215
3/1/2021 18:50,4.50434587
3/1/2021 19:00,4.460000157
3/1/2021 19:10,4.998034239
3/1/2021 19:20,4.355753219
3/1/2021 19:30,3.726762879
3/1/2021 19:40,4.671724093
3/1/2021 19:50,3.732777083
3/1/2021 20:00,5.596600616
3/1/2021 20:10,5.461521268
3/1/2021 20:20,5.831249166
3/1/2021 20:30,5.780090845
3/1/2021 20:40,5.417435443
3/1/2021 20:50,5.271292806
3/1/2021 21:00,5.12308985
3/1/2021 21:10,4.503584921
3/1/2021 21:20,4.364960134
3/1/2021 21:30,4.052831733
3/1/2021 21:40,4.732627583
3/1/2021 21:50,5.283117175
3/1/2021 22:00,4.156596148
3/1/2021 22:10,3.04628014
3/1/2021 22:20,4.746308136
3/1/2021 22:30,4.637940276
3/1/2021 22:40,4.28976351
3/1/2021 22:50,4.628640532
3/1/2021 23:00,4.702890444
3/1/2021 23:10,3.898094785
3/1/2021 23:20,4.15078603
3/1/2021 23:30,4.106625831
3/1/2021 23:40,5.278495086
3/1/2021 23:50,5.009598708
3/2/2021 0:00,5.617297864
3/2/2021 0:10,4.762995934
3/2/2021 0:20,4.691474557
3/2/2021 0:30,5.199845767
3/2/2021 0:40,4.872254741
3/2/2021 0:50,3.040265822
3/2/2021 1:00,4.118617153
3/2/2021 1:10,3.842629981
3/2/2021 1:20,2.629626298
3/2/2021 1:30,3.014983743
3/2/2021 1:40,2.990592694
3/2/2021 1:50,3.415024257
3/2/2021 2:00,3.466238101
3/2/2021 2:10,3.495344132
3/2/2021 2:20,3.498388481
3/2/2021 2:30,3.649858379
3/2/2021 2:40,2.906003338
3/2/2021 2:50,3.244045049
3/2/2021 3:00,2.705416918
3/2/2021 3:10,3.471732628
3/2/2021 3:20,2.474462289
3/2/2021 3:30,3.261576282
3/2/2021 3:40,3.357979718
3/2/2021 3:50,3.279313767
3/2/2021 4:00,3.310350281
3/2/2021 4:10,3.773985851
3/2/2021 4:20,3.32159912
3/2/2021 4:30,3.634451568
3/2/2021 4:40,4.427868479
3/2/2021 4:50,4.319370651
3/2/2021 5:00,3.867257729
3/2/2021 5:10,3.668853982
3/2/2021 5:20,4.052571774
3/2/2021 5:30,3.197694486
3/2/2021 5:40,3.724683833
3/2/2021 5:50,3.771238589
3/2/2021 6:00,4.073380446
3/2/2021 6:10,4.046928799
3/2/2021 6:20,3.828392589
3/2/2021 6:30,3.611025691
3/2/2021 6:40,3.444031559
3/2/2021 6:50,4.051435571
3/2/2021 7:00,3.837933749
3/2/2021 7:10,3.319037527
3/2/2021 7:20,3.726707232
3/2/2021 7:30,2.807009512
3/2/2021 7:40,3.546149743
3/2/2021 7:50,3.683233821
3/2/2021 8:00,4.355326176
3/2/2021 8:10,4.290301871
3/2/2021 8:20,4.272184694
3/2/2021 8:30,3.779034817
3/2/2021 8:40,3.505219382
3/2/2021 8:50,3.550214946
3/2/2021 9:00,3.292066199
3/2/2021 9:10,3.329859495
3/2/2021 9:20,3.685479903
3/2/2021 9:30,3.835204959
3/2/2021 9:40,3.638126791
3/2/2021 9:50,2.804206645
3/2/2021 10:00,2.739701879
3/2/2021 10:10,2.69724943
3/2/2021 10:20,3.190640819
3/2/2021 10:30,2.916732389
3/2/2021 10:40,3.218428779
3/2/2021 10:50,3.184663582
3/2/2021 11:00,3.631778568
3/2/2021 11:10,2.939694196
3/2/2021 11:20,3.280835855
3/2/2021 11:30,3.18338275
3/2/2021 11:40,2.675215632
3/2/2021 11:50,2.776362842
3/2/2021 12:00,3.020761406
3/2/2021 12:10,3.883430386
3/2/2021 12:20,2.941046414
3/2/2021 12:30,2.422078991
3/2/2021 12:40,2.953337669
3/2/2021 12:50,2.758004558
3/2/2021 13:00,2.793543991
3/2/2021 13:10,2.934266247
3/2/2021 13:20,2.078218623
3/2/2021 13:30,1.875824943
3/2/2021 13:40,2.505506252
3/2/2021 13:50,2.902434665
3/2/2021 14:00,2.761068319
3/2/2021 14:10,2.649415356
3/2/2021 14:20,2.638856226
3/2/2021 14:30,2.643986368
3/2/2021 14:40,2.611894333
3/2/2021 14:50,2.701856285
3/2/2021 15:00,2.580975007
3/2/2021 15:10,2.767969078
3/2/2021 15:20,2.104593742
3/2/2021 15:30,2.588512516
3/2/2021 15:40,2.978875081
3/2/2021 15:50,3.094065854
3/2/2021 16:00,1.990719958
3/2/2021 16:10,2.376337487
3/2/2021 16:20,2.614256296
3/2/2021 16:30,3.013573653
3/2/2021 16:40,2.210191613
3/2/2021 16:50,2.301524964
3/2/2021 17:00,3.252768576
3/2/2021 17:10,2.449522585
3/2/2021 17:20,2.779856271
3/2/2021 17:30,2.867117594
3/2/2021 17:40,2.845091993
3/2/2021 17:50,2.849888837
3/2/2021 18:00,2.513698547
3/2/2021 18:10,2.692701674
3/2/2021 18:20,2.338318735
3/2/2021 18:30,3.321191883
3/2/2021 18:40,3.960074902
3/2/2021 18:50,4.532913637
3/2/2021 19:00,3.920963758
3/2/2021 19:10,2.615965897
3/2/2021 19:20,2.376248223
3/2/2021 19:30,1.860869735
3/2/2021 19:40,2.173406219
3/2/2021 19:50,2.393485343
3/2/2021 20:00,2.977710199
3/2/2021 20:10,2.682389843
3/2/2021 20:20,2.75419082
3/2/2021 20:30,2.205027655
3/2/2021 20:40,2.48621828
3/2/2021 20:50,2.393664442
3/2/2021 21:00,2.747268689
3/2/2021 21:10,2.796356273
3/2/2021 21:20,2.700187534
3/2/2021 21:30,2.603962415
3/2/2021 21:40,2.348062408
3/2/2021 21:50,2.526918745
3/2/2021 22:00,2.377518725
3/2/2021 22:10,2.152312404
3/2/2021 22:20,1.917487383
3/2/2021 22:30,1.496624988
3/2/2021 22:40,1.450106227
3/2/2021 22:50,1.399856138
3/2/2021 23:00,0.934031354
3/2/2021 23:10,0.887549932
3/2/2021 23:20,1.098671107
3/2/2021 23:30,0.860270679
3/2/2021 23:40,0.602962521
3/2/2021 23:50,0.879506288
3/3/2021 0:00,0.758737527
3/3/2021 0:10,0.676593761
3/3/2021 0:20,0.596849905
3/3/2021 0:30,0.955894586
3/3/2021 0:40,1.57368747
3/3/2021 0:50,0.839568727
3/3/2021 1:00,1.844943729
3/3/2021 1:10,1.880643624
3/3/2021 1:20,2.136356288
3/3/2021 1:30,2.122143781
3/3/2021 1:40,1.93310644
3/3/2021 1:50,1.122749969
3/3/2021 2:00,1.522462541
3/3/2021 2:10,1.205043775
3/3/2021 2:20,1.270031363
3/3/2021 2:30,1.422918713
3/3/2021 2:40,0.423112468
3/3/2021 2:50,0.986418761
3/3/2021 3:00,0.926325033
3/3/2021 3:10,0.839756358
3/3/2021 3:20,0.526462441
3/3/2021 3:30,1.100400092
3/3/2021 3:40,1.313662615
3/3/2021 3:50,1.58249988
3/3/2021 4:00,0.962850004
3/3/2021 4:10,1.123350053
3/3/2021 4:20,1.626806265
3/3/2021 4:30,1.304166632
3/3/2021 4:40,0.910406043
3/3/2021 4:50,1.014281312
3/3/2021 5:00,1.675087565
3/3/2021 5:10,1.498049879
3/3/2021 5:20,2.26395388
3/3/2021 5:30,2.844024344
3/3/2021 5:40,2.290369701
3/3/2021 5:50,2.491237211
3/3/2021 6:00,2.494968796
3/3/2021 6:10,1.834912524
3/3/2021 6:20,1.864312455
3/3/2021 6:30,2.162662572
3/3/2021 6:40,2.296556258
3/3/2021 6:50,2.907637548
3/3/2021 7:00,2.979543793
3/3/2021 7:10,2.228806144
3/3/2021 7:20,2.307199618
3/3/2021 7:30,2.630151328
3/3/2021 7:40,2.984887564
3/3/2021 7:50,2.322101337
3/3/2021 8:00,2.57864778
3/3/2021 8:10,2.235187864
3/3/2021 8:20,2.37864815
3/3/2021 8:30,2.965744823
3/3/2021 8:40,2.659270513
3/3/2021 8:50,2.717167032
3/3/2021 9:00,2.656657386
3/3/2021 9:10,2.776268137
3/3/2021 9:20,2.967000043
3/3/2021 9:30,3.072381675
3/3/2021 9:40,3.408151996
3/3/2021 9:50,3.270867854
3/3/2021 10:00,4.092147052
3/3/2021 10:10,3.385454142
3/3/2021 10:20,2.678631288
3/3/2021 10:30,2.593349963
3/3/2021 10:40,2.252831352
3/3/2021 10:50,2.537606221
3/3/2021 11:00,2.792072353
3/3/2021 11:10,2.967468727
3/3/2021 11:20,2.260837543
3/3/2021 11:30,2.2736251
3/3/2021 11:40,2.077968681
3/3/2021 11:50,2.039343721
3/3/2021 12:00,2.381306344
3/3/2021 12:10,1.931916742
3/3/2021 12:20,2.399268675
3/3/2021 12:30,2.480587411
3/3/2021 12:40,2.434124942
3/3/2021 12:50,2.562150073
3/3/2021 13:00,2.720583326
3/3/2021 13:10,2.542020745
3/3/2021 13:20,1.84697731
3/3/2021 13:30,2.42476871
3/3/2021 13:40,2.514562422
3/3/2021 13:50,2.477062404
3/3/2021 14:00,2.201943767
3/3/2021 14:10,2.458893716
3/3/2021 14:20,1.854020827
3/3/2021 14:30,1.781368391
3/3/2021 14:40,1.756200075
3/3/2021 14:50,2.235393931
3/3/2021 15:00,2.403082758
3/3/2021 15:10,2.235088181
3/3/2021 15:20,2.257856268
3/3/2021 15:30,2.346468657
3/3/2021 15:40,2.908593822
3/3/2021 15:50,2.946210641
3/3/2021 16:00,2.883245718
3/3/2021 16:10,2.321937217
3/3/2021 16:20,2.527818817
3/3/2021 16:30,3.219882298
3/3/2021 16:40,3.496123779
3/3/2021 16:50,2.983353329
3/3/2021 17:00,3.075868726
3/3/2021 17:10,3.334073192
3/3/2021 17:20,2.81096341
3/3/2021 17:30,2.743785584
3/3/2021 17:40,3.199216664
3/3/2021 17:50,3.118079978
3/3/2021 18:00,3.159028834
3/3/2021 18:10,3.543116212
3/3/2021 18:20,2.981032956
3/3/2021 18:30,3.36022859
3/3/2021 18:40,2.742584059
3/3/2021 18:50,3.548611482
3/3/2021 19:00,3.092760634
3/3/2021 19:10,2.824767044
3/3/2021 19:20,4.041471505
3/3/2021 19:30,3.846676564
3/3/2021 19:40,4.03833437
3/3/2021 19:50,3.31781238
3/3/2021 20:00,2.86657657
3/3/2021 20:10,3.875318527
3/3/2021 20:20,3.814823365
3/3/2021 20:30,3.752601862
3/3/2021 20:40,3.070856822
3/3/2021 20:50,3.592667389
3/3/2021 21:00,4.193665457
3/3/2021 21:10,4.264388454
3/3/2021 21:20,3.888497889
3/3/2021 21:30,3.820540643
3/3/2021 21:40,3.345878923
3/3/2021 21:50,2.742820346
3/3/2021 22:00,2.476797926
3/3/2021 22:10,2.782556283
3/3/2021 22:20,2.995082819
3/3/2021 22:30,3.723031807
3/3/2021 22:40,3.202719099
3/3/2021 22:50,3.303129435
3/3/2021 23:00,4.225982785
3/3/2021 23:10,4.049935937
3/3/2021 23:20,3.800233197
3/3/2021 23:30,3.682960247
3/3/2021 23:40,4.026213098
3/3/2021 23:50,4.010490578
3/4/2021 0:00,4.53517828
3/4/2021 0:10,5.040857983
3/4/2021 0:20,4.666341031
3/4/2021 0:30,4.226019824
3/4/2021 0:40,4.641281497
3/4/2021 0:50,4.144641781
3/4/2021 1:00,3.991000032
3/4/2021 1:10,3.619453037
3/4/2021 1:20,4.688894296
3/4/2021 1:30,4.393565047
3/4/2021 1:40,3.161813116
3/4/2021 1:50,3.324402046
3/4/2021 2:00,3.444817042
3/4/2021 2:10,3.397074282
3/4/2021 2:20,2.882911581
3/4/2021 2:30,2.160589033
3/4/2021 2:40,2.410139316
3/4/2021 2:50,3.592871511
3/4/2021 3:00,4.330953717
3/4/2021 3:10,3.558530927
3/4/2021 3:20,3.899097121
3/4/2021 3:30,4.079283321
3/4/2021 3:40,3.417455947
3/4/2021 3:50,3.636252093
3/4/2021 4:00,4.404424047
3/4/2021 4:10,4.251543283
3/4/2021 4:20,3.59383682
3/4/2021 4:30,3.609689164
3/4/2021 4:40,3.219356829
3/4/2021 4:50,2.68173117
3/4/2021 5:00,3.517006594
3/4/2021 5:10,4.386511254
3/4/2021 5:20,4.145885468
3/4/2021 5:30,4.593204665
3/4/2021 5:40,4.803387833
3/4/2021 5:50,5.122848392
3/4/2021 6:00,5.474911451
3/4/2021 6:10,4.466237152
3/4/2021 6:20,4.397908533
3/4/2021 6:30,4.710853815
3/4/2021 6:40,3.830694342
3/4/2021 6:50,3.777679741
3/4/2021 7:00,4.446074423
3/4/2021 7:10,4.813207388
3/4/2021 7:20,4.543915065
3/4/2021 7:30,4.62636516
3/4/2021 7:40,4.759598875
3/4/2021 7:50,4.191809189
3/4/2021 8:00,4.194185174
3/4/2021 8:10,4.395848143
3/4/2021 8:20,4.27907145
3/4/2021 8:30,5.023576188
3/4/2021 8:40,4.46658982
3/4/2021 8:50,3.983129609
3/4/2021 9:00,3.628660083
3/4/2021 9:10,3.716293526
3/4/2021 9:20,3.898670149
3/4/2021 9:30,4.00488472
3/4/2021 9:40,4.377452719
3/4/2021 9:50,3.628808546
3/4/2021 10:00,3.795332801
3/4/2021 10:10,3.236025983
3/4/2021 10:20,3.405984259
3/4/2021 10:30,4.317737186
3/4/2021 10:40,4.367577457
3/4/2021 10:50,4.326498687
3/4/2021 11:00,4.035048783
3/4/2021 11:10,4.075218141
3/4/2021 11:20,3.705564505
3/4/2021 11:30,3.929669619
3/4/2021 11:40,4.86911763
3/4/2021 11:50,3.879625034
3/4/2021 12:00,5.437371445
3/4/2021 12:10,5.53415637
3/4/2021 12:20,4.71363827
3/4/2021 12:30,4.978803432
3/4/2021 12:40,5.178740263
3/4/2021 12:50,5.505570126
3/4/2021 13:00,4.72679802
3/4/2021 13:10,5.077043119
3/4/2021 13:20,4.568355666
3/4/2021 13:30,4.50929153
3/4/2021 13:40,4.401864599
3/4/2021 13:50,5.182489789
3/4/2021 14:00,5.678906786
3/4/2021 14:10,4.716274059
3/4/2021 14:20,4.348420984
3/4/2021 14:30,4.287591624
3/4/2021 14:40,6.139368141
3/4/2021 14:50,4.990794909
3/4/2021 15:00,5.142636037
3/4/2021 15:10,6.614363933
3/4/2021 15:20,6.881404042
3/4/2021 15:30,5.264498901
3/4/2021 15:40,5.931301069
3/4/2021 15:50,5.487731504
3/4/2021 16:00,4.514889491
3/4/2021 16:10,3.47982589
3/4/2021 16:20,4.203336501
3/4/2021 16:30,4.390743417
3/4/2021 16:40,4.561926854
3/4/2021 16:50,4.931710362
3/4/2021 17:00,4.729434806
3/4/2021 17:10,4.511047089
3/4/2021 17:20,5.159138167
3/4/2021 17:30,7.615383911
3/4/2021 17:40,7.106919909
3/4/2021 17:50,6.640982604
3/4/2021 18:00,6.331508517
3/4/2021 18:10,6.338135362
3/4/2021 18:20,6.700772429
3/4/2021 18:30,6.200847077
3/4/2021 18:40,6.599328327
3/4/2021 18:50,6.4314677
3/4/2021 19:00,7.25224576
3/4/2021 19:10,6.307358766
3/4/2021 19:20,4.76245755
3/4/2021 19:30,5.912627208
3/4/2021 19:40,7.700919843
3/4/2021 19:50,5.633799851
3/4/2021 20:00,5.008262217
3/4/2021 20:10,6.207084095
3/4/2021 20:20,5.509490728
3/4/2021 20:30,4.612268353
3/4/2021 20:40,3.923989379
3/4/2021 20:50,4.274226618
3/4/2021 21:00,4.602114618
3/4/2021 21:10,5.822264922
3/4/2021 21:20,5.176364315
3/4/2021 21:30,4.715772867
3/4/2021 21:40,4.070874476
3/4/2021 21:50,4.866017735
3/4/2021 22:00,4.948825014
3/4/2021 22:10,4.453818762
3/4/2021 22:20,5.804779077
3/4/2021 22:30,6.034322977
3/4/2021 22:40,6.339341903
3/4/2021 22:50,5.896496391
3/4/2021 23:00,5.969744062
3/4/2021 23:10,6.1882061
3/4/2021 23:20,6.346692681
3/4/2021 23:30,6.391242719
3/4/2021 23:40,6.517876029
3/4/2021 23:50,6.863584018
3/5/2021 0:00,5.572599339
3/5/2021 0:10,4.425028419
3/5/2021 0:20,5.210593379
3/5/2021 0:30,5.722788489
3/5/2021 0:40,6.461390352
3/5/2021 0:50,5.961984813
3/5/2021 1:00,5.21725738
3/5/2021 1:10,6.626169729
3/5/2021 1:20,6.05654223
3/5/2021 1:30,4.917894037
3/5/2021 1:40,5.128528643
3/5/2021 1:50,4.881034756
3/5/2021 2:00,5.258002007
3/5/2021 2:10,6.175676346
3/5/2021 2:20,4.466608381
3/5/2021 2:30,3.404276508
3/5/2021 2:40,4.353302884
3/5/2021 2:50,4.463192976
3/5/2021 3:00,4.270217168
3/5/2021 3:10,3.527958483
3/5/2021 3:20,4.247923553
3/5/2021 3:30,4.801995695
3/5/2021 3:40,3.563542747
3/5/2021 3:50,4.622552001
3/5/2021 4:00,5.724236405
3/5/2021 4:10,5.093315482
3/5/2021 4:20,3.644549471
3/5/2021 4:30,3.537202597
3/5/2021 4:40,3.901454508
3/5/2021 4:50,3.887235737
3/5/2021 5:00,4.10452829
3/5/2021 5:10,3.88773694
3/5/2021 5:20,4.313753053
3/5/2021 5:30,4.348251651
3/5/2021 5:40,3.590773988
3/5/2021 5:50,4.006462598
3/5/2021 6:00,3.988085711
3/5/2021 6:10,5.399689579
3/5/2021 6:20,4.936666584
3/5/2021 6:30,5.744599378
3/5/2021 6:40,5.91841867
3/5/2021 6:50,5.181543171
3/5/2021 7:00,5.483443713
3/5/2021 7:10,5.033525729
3/5/2021 7:20,5.165969098
3/5/2021 7:30,6.333420515
3/5/2021 7:40,6.572519723
3/5/2021 7:50,5.230900872
3/5/2021 8:00,5.654924035
3/5/2021 8:10,5.677440345
3/5/2021 8:20,5.965344715
3/5/2021 8:30,5.118467736
3/5/2021 8:40,6.271885777
3/5/2021 8:50,6.136101198
3/5/2021 9:00,6.308286834
3/5/2021 9:10,5.284843469
3/5/2021 9:20,4.717981851
3/5/2021 9:30,5.233592343
3/5/2021 9:40,5.676957655
3/5/2021 9:50,5.993596816
3/5/2021 10:00,6.899112725
3/5/2021 10:10,5.18787291
3/5/2021 10:20,5.655641345
3/5/2021 10:30,5.728821349
3/5/2021 10:40,5.391039562
3/5/2021 10:50,6.025190187
3/5/2021 11:00,5.645290112
3/5/2021 11:10,6.516149712
3/5/2021 11:20,6.884893775
3/5/2021 11:30,6.509875631
3/5/2021 11:40,5.405945277
3/5/2021 11:50,5.514071655
3/5/2021 12:00,5.078377247
3/5/2021 12:10,6.134268761
3/5/2021 12:20,5.784206235
3/5/2021 12:30,5.470856202
3/5/2021 12:40,4.38288759
3/5/2021 12:50,5.076206303
3/5/2021 13:00,5.174662602
3/5/2021 13:10,5.357999969
3/5/2021 13:20,4.938187528
3/5/2021 13:30,5.812781262
3/5/2021 13:40,6.170418608
3/5/2021 13:50,5.91120007
3/5/2021 14:00,4.046775055
3/5/2021 14:10,4.764937592
3/5/2021 14:20,5.356006585
3/5/2021 15:10,5.770843585
3/5/2021 15:20,5.387250002
3/5/2021 15:30,5.875657897
3/5/2021 15:40,6.119043684
3/5/2021 15:50,4.873087502
3/5/2021 16:00,7.744162536
3/5/2021 16:10,7.45423131
3/5/2021 16:20,7.131806183
3/5/2021 16:30,6.853762484
3/5/2021 16:40,5.961787391
3/5/2021 16:50,6.084881258
3/5/2021 17:00,6.961349964
3/5/2021 17:10,6.456843781
3/5/2021 17:20,5.959931207
3/5/2021 17:30,4.444050038
3/5/2021 17:40,4.912874973
3/5/2021 17:50,5.242518723
3/5/2021 18:00,5.217037487
3/5/2021 18:10,5.175299978
3/5/2021 18:20,4.513871503
3/5/2021 18:30,4.206491983
3/5/2021 18:40,3.813523901
3/5/2021 18:50,3.44167999
3/5/2021 19:00,3.778923404
3/5/2021 19:10,2.517063308
3/5/2021 19:20,3.730995023
3/5/2021 19:30,3.52988888
3/5/2021 19:40,2.794554067
3/5/2021 19:50,3.308011419
3/5/2021 20:00,3.89144938
3/5/2021 20:10,3.054336333
3/5/2021 20:20,3.594616389
3/5/2021 20:30,3.133858073
3/5/2021 20:40,4.000930953
3/5/2021 20:50,5.114235461
3/5/2021 21:00,5.213377893
3/5/2021 21:10,5.221126108
3/5/2021 21:20,4.321097028
3/5/2021 21:30,4.335037327
3/5/2021 21:40,3.57317667
3/5/2021 21:50,3.823083669
3/5/2021 22:00,2.741205442
3/5/2021 22:10,2.267583239
3/5/2021 22:20,2.921800017
3/5/2021 22:30,2.398114711
3/5/2021 22:40,2.608130836
3/5/2021 22:50,1.919861168
3/5/2021 23:00,3.043652374
3/5/2021 23:10,5.205544472
3/5/2021 23:20,5.274912453
3/5/2021 23:30,5.051494312
3/5/2021 23:40,4.396720564
3/5/2021 23:50,3.313802993
3/6/2021 0:00,3.528329706
3/6/2021 0:10,3.483686876
3/6/2021 0:20,3.199944471
3/6/2021 0:30,4.215903318
3/6/2021 0:40,2.905743432
3/6/2021 0:50,3.306600726
3/6/2021 1:00,3.639927411
3/6/2021 1:10,3.654499018
3/6/2021 1:20,3.261085325
3/6/2021 1:30,2.451760411
3/6/2021 1:40,2.949662346
3/6/2021 1:50,2.393979847
3/6/2021 2:00,2.361618692
3/6/2021 2:10,2.073168761
3/6/2021 2:20,2.499611742
3/6/2021 2:30,1.923993784
3/6/2021 2:40,1.933424997
3/6/2021 2:50,2.169806176
3/6/2021 3:00,2.056162453
3/6/2021 3:10,2.331431258
3/6/2021 3:20,2.315249985
3/6/2021 3:30,2.399868661
3/6/2021 3:40,2.110125041
3/6/2021 3:50,2.516512549
3/6/2021 4:00,1.757868624
3/6/2021 4:10,2.361018753
3/6/2021 4:20,2.135587573
3/6/2021 4:30,2.25945009
3/6/2021 4:40,1.931550032
3/6/2021 4:50,2.363006371
3/6/2021 5:00,1.818187445
3/6/2021 5:10,2.112618911
3/6/2021 5:20,1.876668608
3/6/2021 5:30,2.009962553
3/6/2021 5:40,1.857112485
3/6/2021 5:50,2.46785624
3/6/2021 6:00,2.50244993
3/6/2021 6:10,2.182274985
3/6/2021 6:20,2.209181362
3/6/2021 6:30,1.807650101
3/6/2021 6:40,2.273718804
3/6/2021 6:50,2.395593798
3/6/2021 7:00,2.276306307
3/6/2021 7:10,1.935637504
3/6/2021 7:20,2.032331276
3/6/2021 7:30,2.098556244
3/6/2021 7:40,2.277037597
3/6/2021 7:50,2.243231267
3/6/2021 8:00,2.082281363
3/6/2021 8:10,2.47972492
3/6/2021 8:20,2.579906237
3/6/2021 8:30,2.404106176
3/6/2021 8:40,2.792062533
3/6/2021 8:50,2.672154677
3/6/2021 9:00,2.406897116
3/6/2021 9:10,2.317199957
3/6/2021 9:20,2.760412574
3/6/2021 9:30,2.782927268
3/6/2021 9:40,2.29146712
3/6/2021 9:50,2.223937583
3/6/2021 10:00,2.468475091
3/6/2021 10:10,2.49836235
3/6/2021 10:20,2.39049381
3/6/2021 10:30,2.389106214
3/6/2021 10:40,2.419931191
3/6/2021 10:50,2.448843771
3/6/2021 11:00,2.01112501
3/6/2021 11:10,2.338612545
3/6/2021 11:20,2.046712571
3/6/2021 11:30,1.996668735
3/6/2021 11:40,2.470125043
3/6/2021 11:50,3.159206229
3/6/2021 12:00,2.200275025
3/6/2021 12:10,2.908387583
3/6/2021 12:20,2.362931281
3/6/2021 12:30,2.510091957
3/6/2021 12:40,2.799487543
3/6/2021 12:50,2.5006874
3/6/2021 13:00,2.666774917
3/6/2021 13:10,2.784074962
3/6/2021 13:20,2.844768763
3/6/2021 13:30,2.469356233
3/6/2021 13:40,2.719612485
3/6/2021 13:50,1.996012443
3/6/2021 14:00,2.352824903
3/6/2021 14:10,2.338368756
3/6/2021 14:20,1.598512462
3/6/2021 14:30,1.27683745
3/6/2021 14:40,1.767599973
3/6/2021 14:50,1.958006215
3/6/2021 15:00,1.430006379
3/6/2021 15:10,1.331962503
3/6/2021 15:20,2.006493747
3/6/2021 15:30,1.705087459
3/6/2021 15:40,1.45974381
3/6/2021 15:50,1.063106209
3/6/2021 16:00,1.589100075
3/6/2021 16:10,1.974393788
3/6/2021 16:20,3.223781276
3/6/2021 16:30,2.400937533
3/6/2021 16:40,2.676562601
3/6/2021 16:50,2.337562492
3/6/2021 17:00,0.927956322
3/6/2021 17:10,1.466193706
3/6/2021 17:20,1.544418639
3/6/2021 17:30,1.894443852
3/6/2021 17:40,2.458368695
3/6/2021 17:50,2.376750064
3/6/2021 18:00,1.94205004
3/6/2021 18:10,1.594631287
3/6/2021 18:20,0.85567492
3/6/2021 18:30,1.78556253
3/6/2021 18:40,1.497487426
3/6/2021 18:50,1.821937549
3/6/2021 19:00,1.22491875
3/6/2021 19:10,1.379756275
3/6/2021 19:20,1.797806203
3/6/2021 19:30,2.64577511
3/6/2021 19:40,1.326592161
3/6/2021 19:50,2.309782863
3/6/2021 20:00,1.298699826
3/6/2021 20:10,1.400062495
3/6/2021 20:20,0.891453815
3/6/2021 20:30,1.048443606
3/6/2021 20:40,0.83743107
3/6/2021 20:50,1.127868813
3/6/2021 21:00,0.816281141
3/6/2021 21:10,1.887843895
3/6/2021 21:20,1.614374918
3/6/2021 21:30,2.093156311
3/6/2021 21:40,2.031225026
3/6/2021 21:50,1.968637478
3/6/2021 22:00,1.7711061
3/6/2021 22:10,1.663800001
3/6/2021 22:20,1.289100108
3/6/2021 22:30,1.978218883
3/6/2021 22:40,1.759612504
3/6/2021 22:50,1.698431268
3/6/2021 23:00,1.465837556
3/6/2021 23:10,1.143374839
3/6/2021 23:20,0.975675012
3/6/2021 23:30,2.347312528
3/6/2021 23:40,2.326781309
3/6/2021 23:50,1.305187585
3/7/2021 0:00,1.270912525
3/7/2021 0:10,1.025249979
3/7/2021 0:20,1.225973603
3/7/2021 0:30,1.127812612
3/7/2021 0:40,1.024762475
3/7/2021 0:50,0.598500005
3/7/2021 1:00,0.575062555
3/7/2021 1:10,0.785081206
3/7/2021 1:20,0.957243873
3/7/2021 1:30,0.692156287
3/7/2021 1:40,0.586218695
3/7/2021 1:50,0.824306175
3/7/2021 2:00,0.654750001
3/7/2021 2:10,1.04351263
3/7/2021 2:20,0.835087517
3/7/2021 2:30,1.556474999
3/7/2021 2:40,1.236356169
3/7/2021 2:50,1.514475077
3/7/2021 3:00,2.194687551
3/7/2021 3:10,2.194462606
3/7/2021 3:20,2.478000081
3/7/2021 3:30,1.871774989
3/7/2021 3:40,1.659206265
3/7/2021 3:50,1.474893904
3/7/2021 4:00,1.443206203
3/7/2021 4:10,1.542843622
3/7/2021 4:20,1.34338133
3/7/2021 4:30,1.562774795
3/7/2021 4:40,2.915925044
3/7/2021 4:50,1.930781198
3/7/2021 5:00,2.118656325
3/7/2021 5:10,2.668875015
3/7/2021 5:20,2.727487439
3/7/2021 5:30,2.630924958
3/7/2021 5:40,2.792681116
3/7/2021 5:50,2.627924836
3/7/2021 6:00,2.804298699
3/7/2021 6:10,2.527094322
3/7/2021 6:20,2.187187561
3/7/2021 6:30,2.920050037
3/7/2021 6:40,2.219681507
3/7/2021 6:50,1.894762415
3/7/2021 7:00,1.774087459
3/7/2021 7:10,3.173468333
3/7/2021 7:20,2.038720483
3/7/2021 7:30,1.832940735
3/7/2021 7:40,1.973568863
3/7/2021 7:50,2.321362507
3/7/2021 8:00,1.960143766
3/7/2021 8:10,1.854056227
3/7/2021 8:20,2.183062392
3/7/2021 8:30,1.777406248
3/7/2021 8:40,1.440918745
3/7/2021 8:50,1.6945876
3/7/2021 9:00,2.149331206
3/7/2021 9:10,2.013656214
3/7/2021 9:20,1.593118448
3/7/2021 9:30,2.082862502
3/7/2021 9:40,2.086181289
3/7/2021 9:50,1.917956278
3/7/2021 10:00,2.069024917
3/7/2021 10:10,2.631149995
3/7/2021 10:20,1.908112445
3/7/2021 10:30,2.441100049
3/7/2021 10:40,2.285943839
3/7/2021 10:50,2.380575025
3/7/2021 11:00,2.591802621
3/7/2021 11:10,1.886137408
3/7/2021 11:20,1.72681877
3/7/2021 11:30,2.149949977
3/7/2021 11:40,2.764062511
3/7/2021 11:50,2.855493832
3/7/2021 12:00,2.845368731
3/7/2021 12:10,2.728143883
3/7/2021 12:20,2.797106278
3/7/2021 12:30,3.143681335
3/7/2021 12:40,2.643412513
3/7/2021 12:50,2.959480229
3/7/2021 13:00,2.007351622
3/7/2021 13:10,2.285382292
3/7/2021 13:20,2.950687528
3/7/2021 13:30,2.610768795
3/7/2021 13:40,2.503124988
3/7/2021 13:50,2.178187448
3/7/2021 14:00,2.534360999
3/7/2021 14:10,2.729604083
3/7/2021 14:20,2.436703104
3/7/2021 14:30,3.064931235
3/7/2021 14:40,3.181755173
3/7/2021 14:50,3.076216795
3/7/2021 15:00,2.762268166
3/7/2021 15:10,3.091545159
3/7/2021 15:20,3.467908823
3/7/2021 15:30,2.738315076
3/7/2021 15:40,3.059917474
3/7/2021 15:50,2.34257815
3/7/2021 16:00,2.869762641
3/7/2021 16:10,2.997405088
3/7/2021 16:20,2.611036962
3/7/2021 16:30,2.732512516
3/7/2021 16:40,2.852986568
3/7/2021 16:50,2.304830056
3/7/2021 17:00,3.167144454
3/7/2021 17:10,2.750319588
3/7/2021 17:20,3.113105166
3/7/2021 17:30,3.498945296
3/7/2021 17:40,3.997793996
3/7/2021 17:50,3.914596891
3/7/2021 18:00,4.581083369
3/7/2021 18:10,5.040022635
3/7/2021 18:20,4.627508235
3/7/2021 18:30,4.874389493
3/7/2021 18:40,4.672503662
3/7/2021 18:50,4.741222072
3/7/2021 19:00,4.933473897
3/7/2021 19:10,5.558398962
3/7/2021 19:20,5.726222565
3/7/2021 19:30,5.79670704
3/7/2021 19:40,5.491629648
3/7/2021 19:50,5.620323467
3/7/2021 20:00,5.435570908
3/7/2021 20:10,5.462115264
3/7/2021 20:20,5.66621685
3/7/2021 20:30,5.784225941
3/7/2021 20:40,5.938243461
3/7/2021 20:50,5.732064925
3/7/2021 21:00,5.589284375
3/7/2021 21:10,5.094003339
3/7/2021 21:20,3.761344767
3/7/2021 21:30,3.065024388
3/7/2021 21:40,5.001783812
3/7/2021 21:50,6.110169363
3/7/2021 22:00,5.424990344
3/7/2021 22:10,4.195855832
3/7/2021 22:20,3.456882608
3/7/2021 22:30,4.795146215
3/7/2021 22:40,4.892784858
3/7/2021 22:50,5.100647783
3/7/2021 23:00,5.118114996
3/7/2021 23:10,5.937370944
3/7/2021 23:20,5.827091193
3/7/2021 23:30,6.297562432
3/7/2021 23:40,6.558018851
3/7/2021 23:50,6.827962637
3/8/2021 0:00,6.560231256
3/8/2021 0:10,6.937687492
3/8/2021 0:20,6.555907877
3/8/2021 0:30,6.101374899
3/8/2021 0:40,6.240731335
3/8/2021 0:50,5.5790724
3/8/2021 1:00,5.978943682
3/8/2021 1:10,6.262368655
3/8/2021 1:20,5.9830688
3/8/2021 1:30,4.99486872
3/8/2021 1:40,5.146912456
3/8/2021 1:50,5.326837516
3/8/2021 2:00,6.141374993
3/8/2021 2:10,5.749668789
3/8/2021 2:20,5.846231198
3/8/2021 2:30,6.001668692
3/8/2021 2:40,6.006375027
3/8/2021 2:50,5.113717042
3/8/2021 3:00,5.808708323
3/8/2021 3:10,5.666756248
3/8/2021 3:20,5.761143827
3/8/2021 3:30,5.389312482
3/8/2021 3:40,4.355118823
3/8/2021 3:50,4.359824944
3/8/2021 4:00,3.436218715
3/8/2021 4:10,2.985394675
3/8/2021 4:20,2.79810015
3/8/2021 4:30,3.98081243
3/8/2021 4:40,4.551131141
3/8/2021 4:50,4.506018734
3/8/2021 5:00,4.440056229
3/8/2021 5:10,4.251431334
3/8/2021 5:20,3.603768647
3/8/2021 5:30,3.18228749
3/8/2021 5:40,4.000968683
3/8/2021 5:50,4.119656205
3/8/2021 6:00,4.58671875
3/8/2021 6:10,4.72531873
3/8/2021 6:20,4.872242619
3/8/2021 6:30,4.428318691
3/8/2021 6:40,4.228559218
3/8/2021 6:50,4.303406298
3/8/2021 7:00,5.008968723
3/8/2021 7:10,4.654368782
3/8/2021 7:20,4.706662512
3/8/2021 7:30,4.633537483
3/8/2021 7:40,4.798500025
3/8/2021 7:50,5.016112399
3/8/2021 8:00,4.42520628
3/8/2021 8:10,4.016531265
3/8/2021 8:20,4.471743739
3/8/2021 8:30,4.080000019
3/8/2021 8:40,4.043381226
3/8/2021 8:50,4.153612411
3/8/2021 9:00,3.948112488
3/8/2021 9:10,4.08800627
3/8/2021 9:20,4.266468728
3/8/2021 9:30,4.031306291
3/8/2021 9:40,4.422037363
3/8/2021 9:50,4.061849976
3/8/2021 10:00,3.812924993
3/8/2021 10:10,3.835725069
3/8/2021 10:20,4.222125006
3/8/2021 10:30,3.924824893
3/8/2021 10:40,2.863593632
3/8/2021 10:50,2.52871868
3/8/2021 11:00,3.404681242
3/8/2021 11:10,2.768212485
3/8/2021 11:20,3.940593734
3/8/2021 11:30,4.28196705
3/8/2021 11:40,4.343362558
3/8/2021 11:50,4.17939378
3/8/2021 12:00,4.096012509
3/8/2021 12:10,4.258724928
3/8/2021 12:20,4.454512453
3/8/2021 12:30,4.521131349
3/8/2021 12:40,4.165973688
3/8/2021 12:50,4.571512496
3/8/2021 13:00,4.000593722
3/8/2021 13:10,4.451493669
3/8/2021 13:20,4.945349908
3/8/2021 13:30,4.090293872
3/8/2021 13:40,3.752606177
3/8/2021 13:50,3.55126884
3/8/2021 14:00,3.465487373
3/8/2021 14:10,3.947962356
3/8/2021 14:20,4.423293728
3/8/2021 14:30,4.896018726
3/8/2021 14:40,5.157168722
3/8/2021 14:50,5.635218644
3/8/2021 15:00,4.428806221
3/8/2021 15:10,4.667024958
3/8/2021 15:20,5.385937572
3/8/2021 15:30,5.188518786
3/8/2021 15:40,3.667724991
3/8/2021 15:50,5.585118878
3/8/2021 16:00,4.913137507
3/8/2021 16:10,5.974912548
3/8/2021 16:20,5.340731215
3/8/2021 16:30,5.311143684
3/8/2021 16:40,5.149743724
3/8/2021 16:50,5.99103756
3/8/2021 17:00,5.708156323
3/8/2021 17:10,5.589063954
3/8/2021 17:20,5.47152648
3/8/2021 17:30,4.716626763
3/8/2021 17:40,5.215586734
3/8/2021 17:50,4.947859859
3/8/2021 18:00,4.513237429
3/8/2021 18:10,5.025358224
3/8/2021 18:20,5.057341456
3/8/2021 18:30,5.040765238
3/8/2021 18:40,4.868412328
3/8/2021 18:50,4.916173565
3/8/2021 19:00,5.044644737
3/8/2021 19:10,5.497439766
3/8/2021 19:20,5.72739203
3/8/2021 19:30,5.695594406
3/8/2021 19:40,5.705284095
3/8/2021 19:50,5.975628281
3/8/2021 20:00,6.191937041
3/8/2021 20:10,6.196930456
3/8/2021 20:20,6.436163974
3/8/2021 20:30,6.953111005
3/8/2021 20:40,7.252208614
3/8/2021 20:50,7.378767705
3/8/2021 21:00,7.412161613
3/8/2021 21:10,7.136619902
3/8/2021 21:20,6.398593402
3/8/2021 21:30,6.956285191
3/8/2021 21:40,7.791408112
3/8/2021 21:50,7.904611497
3/8/2021 22:00,7.868912644
3/8/2021 22:10,7.559121013
3/8/2021 22:20,7.604005027
3/8/2021 22:30,7.037700319
3/8/2021 22:40,6.745136762
3/8/2021 22:50,7.185791945
3/8/2021 23:00,7.648443723
3/8/2021 23:10,7.196465468
3/8/2021 23:20,7.192028856
3/8/2021 23:30,7.107049823
3/8/2021 23:40,7.098046875
3/8/2021 23:50,6.705320191
3/9/2021 0:00,6.30201273
3/9/2021 0:10,6.638012457
3/9/2021 0:20,6.202443457
3/9/2021 0:30,5.723011255
3/9/2021 0:40,5.555503249
3/9/2021 0:50,5.755161476
3/9/2021 1:00,6.477948117
3/9/2021 1:10,6.340010071
3/9/2021 1:20,6.081880093
3/9/2021 1:30,6.261858112
3/9/2021 1:40,6.883315992
3/9/2021 1:50,6.461613083
3/9/2021 2:00,7.423187733
3/9/2021 2:10,7.794029379
3/9/2021 2:20,7.346691704
3/9/2021 2:30,6.335697776
3/9/2021 2:40,6.503397322
3/9/2021 2:50,7.585888195
3/9/2021 3:00,7.986169791
3/9/2021 3:10,6.97352972
3/9/2021 3:20,6.246548057
3/9/2021 3:30,5.950476003
3/9/2021 3:40,6.068942022
3/9/2021 3:50,6.284328586
3/9/2021 4:00,4.99706893
3/9/2021 4:10,4.965624082
3/9/2021 4:20,5.549902022
3/9/2021 4:30,6.134003544
3/9/2021 4:40,6.936070514
3/9/2021 4:50,7.243317175
3/9/2021 5:00,7.201031733
3/9/2021 5:10,7.64435997
3/9/2021 5:20,8.272960448
3/9/2021 5:30,8.50952096
3/9/2021 5:40,8.019805264
3/9/2021 5:50,7.969129515
3/9/2021 6:00,8.063788364
3/9/2021 6:10,8.006970428
3/9/2021 6:20,8.416573625
3/9/2021 6:30,8.268867314
3/9/2021 6:40,8.45854443
3/9/2021 6:50,7.953058218
3/9/2021 7:00,8.35695591
3/9/2021 7:10,8.270732975
3/9/2021 7:20,7.537607098
3/9/2021 7:30,7.179833317
3/9/2021 7:40,6.652361345
3/9/2021 7:50,6.895230281
3/9/2021 8:00,6.811701846
3/9/2021 8:10,6.479748678
3/9/2021 8:20,5.970820642
3/9/2021 8:30,6.474940896
3/9/2021 8:40,5.661940646
3/9/2021 8:50,4.874519372
3/9/2021 9:00,4.885545468
3/9/2021 9:10,4.68197062
3/9/2021 9:20,4.755905032
3/9/2021 9:30,4.538575268
3/9/2021 9:40,4.453410542
3/9/2021 9:50,3.691995317
3/9/2021 10:00,4.846805632
3/9/2021 10:10,4.23695308
3/9/2021 10:20,5.353339064
3/9/2021 10:30,3.982294226
3/9/2021 10:40,3.284474158
3/9/2021 10:50,3.444241571
3/9/2021 11:00,3.469932032
3/9/2021 11:10,3.986155224
3/9/2021 11:20,4.014834261
3/9/2021 11:30,3.264717842
3/9/2021 11:40,3.31488305
3/9/2021 11:50,3.104473555
3/9/2021 12:00,2.243749079
3/9/2021 12:10,3.444315827
3/9/2021 12:20,3.742578065
3/9/2021 12:30,4.266486168
3/9/2021 12:40,4.907010605
3/9/2021 12:50,4.140149748
3/9/2021 13:00,4.361080587
3/9/2021 13:10,4.411626315
3/9/2021 13:20,5.382612157
3/9/2021 13:30,5.202537322
3/9/2021 13:40,4.931432056
3/9/2021 13:50,4.980492771
3/9/2021 14:00,5.115274978
3/9/2021 14:10,5.550342858
3/9/2021 14:20,4.458366597
3/9/2021 14:30,4.299490201
3/9/2021 14:40,3.837228239
3/9/2021 14:50,3.806395948
3/9/2021 15:00,3.685646927
3/9/2021 15:10,4.217685258
3/9/2021 15:20,3.653441024
3/9/2021 15:30,4.283526444
3/9/2021 15:40,4.531391501
3/9/2021 15:50,3.29167642
3/9/2021 16:00,3.630850351
3/9/2021 16:10,3.373722577
3/9/2021 16:20,3.35811162
3/9/2021 16:30,3.345971751
3/9/2021 16:40,3.791954291
3/9/2021 16:50,4.966162479
3/9/2021 17:00,5.990515304
3/9/2021 17:10,6.22807827
3/9/2021 17:20,5.839082599
3/9/2021 17:30,6.954187727
3/9/2021 17:40,6.776284647
3/9/2021 17:50,6.392449188
3/9/2021 18:00,6.832194901
3/9/2021 18:10,6.581749535
3/9/2021 18:20,6.626875114
3/9/2021 18:30,6.997029924
3/9/2021 18:40,6.457362247
3/9/2021 18:50,6.471562672
3/9/2021 19:00,6.703556776
3/9/2021 19:10,6.703927898
3/9/2021 19:20,7.691193151
3/9/2021 19:30,7.019360566
3/9/2021 19:40,7.211556649
3/9/2021 19:50,7.579057121
3/9/2021 20:00,7.552549791
3/9/2021 20:10,7.675563526
3/9/2021 20:20,8.131811333
3/9/2021 20:30,7.858812499
3/9/2021 20:40,7.908968496
3/9/2021 20:50,8.074174571
3/9/2021 21:00,7.869097032
3/9/2021 21:10,7.460182834
3/9/2021 21:20,8.072262669
3/9/2021 21:30,7.824465752
3/9/2021 21:40,8.222619057
3/9/2021 21:50,8.617537248
3/9/2021 22:00,8.368204737
3/9/2021 22:10,8.164680981
3/9/2021 22:20,8.421516156
3/9/2021 22:30,8.266742039
3/9/2021 22:40,9.372064662
3/9/2021 22:50,8.820776916
3/9/2021 23:00,9.427250981
3/9/2021 23:10,8.807263494
3/9/2021 23:20,8.683795402
3/9/2021 23:30,9.021641803
3/9/2021 23:40,8.841288495
3/9/2021 23:50,9.247763433
3/10/2021 0:00,8.954184165
3/10/2021 0:10,9.443490229
3/10/2021 0:20,8.20440917
3/10/2021 0:30,8.839673471
3/10/2021 0:40,8.992684269
3/10/2021 0:50,9.41457262
3/10/2021 1:00,9.185066152
3/10/2021 1:10,9.436457944
3/10/2021 1:20,9.859051847
3/10/2021 1:30,9.608290958
3/10/2021 1:40,9.197428608
3/10/2021 1:50,8.408318329
3/10/2021 2:00,9.063704395
3/10/2021 2:10,9.440003395
3/10/2021 2:20,9.084772754
3/10/2021 2:30,9.773051882
3/10/2021 2:40,9.389309287
3/10/2021 2:50,10.36362352
3/10/2021 3:00,9.686105084
3/10/2021 3:10,10.40499363
3/10/2021 3:20,10.69206257
3/10/2021 3:30,10.67064157
3/10/2021 3:40,11.56631923
3/10/2021 3:50,10.6832083
3/10/2021 4:00,11.27947782
3/10/2021 4:10,11.36484184
3/10/2021 4:20,10.80735431
3/10/2021 4:30,11.72372923
3/10/2021 4:40,11.10030101
3/10/2021 4:50,11.92296852
3/10/2021 5:00,11.71888151
3/10/2021 5:10,12.40018387
3/10/2021 5:20,12.84000373
3/10/2021 5:30,11.45275381
3/10/2021 5:40,12.15415649
3/10/2021 5:50,12.42082534
3/10/2021 6:00,11.1168469
3/10/2021 6:10,11.10201545
3/10/2021 6:20,10.97655153
3/10/2021 6:30,10.77147288
3/10/2021 6:40,11.42589388
3/10/2021 6:50,10.88514977
3/10/2021 7:00,10.10021579
3/10/2021 7:10,9.003580499
3/10/2021 7:20,9.431780195
3/10/2021 7:30,9.733587909
3/10/2021 7:40,8.945238614
3/10/2021 7:50,9.915983105
3/10/2021 8:00,9.606546211
3/10/2021 8:10,10.31825101
3/10/2021 8:20,9.715619349
3/10/2021 8:30,9.946592498
3/10/2021 8:40,10.51937561
3/10/2021 8:50,9.8856704
3/10/2021 9:00,10.6749851
3/10/2021 9:10,10.09773046
3/10/2021 9:20,10.72402728
3/10/2021 9:30,9.615103507
3/10/2021 9:40,10.5472008
3/10/2021 9:50,10.48802357
3/10/2021 10:00,10.76039116
3/10/2021 10:10,10.96123743
3/10/2021 10:20,10.94989576
3/10/2021 10:30,11.46487513
3/10/2021 10:40,11.00961113
3/10/2021 10:50,11.12980351
3/10/2021 11:00,11.09611249
3/10/2021 11:10,10.95678244
3/10/2021 11:20,11.07942481
3/10/2021 11:30,11.53190432
3/10/2021 11:40,11.19544044
3/10/2021 11:50,12.81529989
3/10/2021 12:00,11.91856127
3/10/2021 12:10,11.94826657
3/10/2021 12:20,11.55893126
3/10/2021 12:30,12.32554412
3/10/2021 12:40,11.94684857
3/10/2021 12:50,11.43122134
3/10/2021 13:00,13.48133812
3/10/2021 13:10,11.81498246
3/10/2021 13:20,12.12950554
3/10/2021 13:30,12.40387778
3/10/2021 13:40,12.45656747
3/10/2021 13:50,12.27846961
3/10/2021 14:00,12.39520912
3/10/2021 14:10,12.74650445
3/10/2021 14:20,12.111834
3/10/2021 14:30,12.08710866
3/10/2021 14:40,11.80256417
3/10/2021 14:50,12.02349498
3/10/2021 15:00,11.98117261
3/10/2021 15:10,11.63113952
3/10/2021 15:20,11.83059354
3/10/2021 15:30,12.0229197
3/10/2021 15:40,12.55618305
3/10/2021 15:50,12.51007376
3/10/2021 16:00,10.51813195
3/10/2021 16:10,11.71051278
3/10/2021 16:20,11.00769923
3/10/2021 16:30,13.38201001
3/10/2021 16:40,13.29688253
3/10/2021 16:50,13.56429381
3/10/2021 17:00,11.85177341
3/10/2021 17:10,12.67726631
3/10/2021 17:20,13.01642179
3/10/2021 17:30,12.51027808
3/10/2021 17:40,11.96624827
3/10/2021 17:50,12.98438292
3/10/2021 18:00,12.7898664
3/10/2021 18:10,12.26449194
3/10/2021 18:20,11.63435082
3/10/2021 18:30,10.89714103
3/10/2021 18:40,12.13835979
3/10/2021 18:50,10.77631788
3/10/2021 19:00,10.59008031
3/10/2021 19:10,11.00734665
3/10/2021 19:20,10.55161865
3/10/2021 19:30,10.82844117
3/10/2021 19:40,12.18292837
3/10/2021 19:50,13.0849174
3/10/2021 20:00,13.6520946
3/10/2021 20:10,12.11677151
3/10/2021 20:20,11.73521948
3/10/2021 20:30,12.84269528
3/10/2021 20:40,13.11424603
3/10/2021 20:50,11.59887786
3/10/2021 21:00,12.66295462
3/10/2021 21:10,12.75383654
3/10/2021 21:20,12.34824793
3/10/2021 21:30,11.80584965
3/10/2021 21:40,11.59308629
3/10/2021 21:50,11.48531251
3/10/2021 22:00,11.78307366
3/10/2021 22:10,14.13390293
3/10/2021 22:20,15.57691426
3/10/2021 22:30,15.43641467
3/10/2021 22:40,14.41363988
3/10/2021 22:50,14.20126615
3/10/2021 23:00,15.90415277
3/10/2021 23:10,14.78746986
3/10/2021 23:20,13.21266451
3/10/2021 23:30,13.81266022
3/10/2021 23:40,12.46101315
3/10/2021 23:50,13.18136811
3/11/2021 0:00,14.03412914
3/11/2021 0:10,14.51439705
3/11/2021 0:20,17.92054157
3/11/2021 0:30,17.20781565
3/11/2021 0:40,17.10562925
3/11/2021 0:50,15.9855866
3/11/2021 1:00,17.368437
3/11/2021 1:10,16.8237577
3/11/2021 1:20,16.58376307
3/11/2021 1:30,16.85581512
3/11/2021 1:40,15.3614224
3/11/2021 1:50,14.06986208
3/11/2021 2:00,17.73231764
3/11/2021 2:10,18.18128877
3/11/2021 2:20,22.17311754
3/11/2021 2:30,20.36893535
3/11/2021 2:40,20.05073695
3/11/2021 2:50,17.66874104
3/11/2021 3:00,15.37010984
3/11/2021 3:10,14.80722036
3/11/2021 3:20,13.56472077
3/11/2021 3:30,17.40877328
3/11/2021 3:40,18.42388239
3/11/2021 3:50,18.21688983
3/11/2021 4:00,16.71819258
3/11/2021 4:10,16.35583401
3/11/2021 4:20,17.42145143
3/11/2021 4:30,17.55822001
3/11/2021 4:40,18.12036657
3/11/2021 4:50,19.13497472
3/11/2021 5:00,20.01316652
3/11/2021 5:10,19.68798828
3/11/2021 5:20,18.89713306
3/11/2021 5:30,18.29112325
3/11/2021 5:40,19.35627661
3/11/2021 5:50,19.66393795
3/11/2021 6:00,18.64865127
3/11/2021 6:10,20.40772481
3/11/2021 6:20,18.97547688
3/11/2021 6:30,18.37136881
3/11/2021 6:40,17.69251971
3/11/2021 6:50,18.03570313
3/11/2021 7:00,16.00715618
3/11/2021 7:10,18.33274026
3/11/2021 7:20,16.68110476
3/11/2021 7:30,16.91159328
3/11/2021 7:40,17.23589104
3/11/2021 7:50,15.8824533
3/11/2021 8:00,17.21516652
3/11/2021 8:10,17.85239863
3/11/2021 8:20,16.12894454
3/11/2021 8:30,16.57791595
3/11/2021 8:40,18.74904137
3/11/2021 8:50,15.4639246
3/11/2021 9:00,13.8381465
3/11/2021 9:10,13.80053883
3/11/2021 9:20,11.82725234
3/11/2021 9:30,12.52247353
3/11/2021 9:40,14.38518327
3/11/2021 9:50,13.3484657
3/11/2021 10:00,14.59475393
3/11/2021 10:10,15.29092202
3/11/2021 10:20,13.40764508
3/11/2021 10:30,13.37129116
3/11/2021 10:40,12.27152722
3/11/2021 10:50,14.38659406
3/11/2021 11:00,12.39519062
3/11/2021 11:10,14.32091994
3/11/2021 11:20,14.48798232
3/11/2021 11:30,12.39318581
3/11/2021 11:40,10.99381452
3/11/2021 11:50,12.13360777
3/11/2021 12:00,11.79330144
3/11/2021 12:10,12.51291385
3/11/2021 12:20,12.70492449
3/11/2021 12:30,12.13561254
3/11/2021 12:40,12.34193473
3/11/2021 12:50,9.166948915
3/11/2021 13:00,9.680629134
3/11/2021 13:10,9.256587315
3/11/2021 13:20,11.02115719
3/11/2021 13:30,11.81975312
3/11/2021 13:40,11.74880719
3/11/2021 13:50,11.64055064
3/11/2021 14:00,10.62174788
3/11/2021 14:10,13.10401816
3/11/2021 14:20,12.70329099
3/11/2021 14:30,13.72057166
3/11/2021 14:40,12.20557451
3/11/2021 14:50,13.33320951
3/11/2021 15:00,11.75812547
3/11/2021 15:10,10.96955347
3/11/2021 15:20,10.48238056
3/11/2021 15:30,10.78218353
3/11/2021 15:40,8.978669477
3/11/2021 15:50,10.38613403
3/11/2021 16:00,9.918581748
3/11/2021 16:10,8.700844646
3/11/2021 16:20,9.73715179
3/11/2021 16:30,9.728000569
3/11/2021 16:40,9.835291815
3/11/2021 16:50,10.21710386
3/11/2021 17:00,11.60682256
3/11/2021 17:10,10.44133885
3/11/2021 17:20,12.89210868
3/11/2021 17:30,16.36238661
3/11/2021 17:40,14.79888597
3/11/2021 17:50,12.24691329
3/11/2021 18:00,11.8337307
3/11/2021 18:10,10.99760137
3/11/2021 18:20,10.50246525
3/11/2021 18:30,10.98562856
3/11/2021 18:40,10.75849776
3/11/2021 18:50,10.10966415
3/11/2021 19:00,10.56483517
3/11/2021 19:10,9.988766575
3/11/2021 19:20,10.55893221
3/11/2021 19:30,10.06296082
3/11/2021 19:40,10.04166973
3/11/2021 19:50,10.52915812
3/11/2021 20:00,11.12237849
3/11/2021 20:10,11.09989929
3/11/2021 20:20,11.27191796
3/11/2021 20:30,10.77321782
3/11/2021 20:40,10.39760268
3/11/2021 20:50,10.38292279
3/11/2021 21:00,9.881623793
3/11/2021 21:10,10.59514787
3/11/2021 21:20,10.22480731
3/11/2021 21:30,10.60864272
3/11/2021 21:40,10.27206745
3/11/2021 21:50,10.50582514
3/11/2021 22:00,11.01013112
3/11/2021 22:10,10.49517007
3/11/2021 22:20,11.0860332
3/11/2021 22:30,11.76438112
3/11/2021 22:40,11.69434476
3/11/2021 22:50,11.78496702
3/11/2021 23:00,12.50435667
3/11/2021 23:10,11.88451755
3/11/2021 23:20,12.8693881
3/11/2021 23:30,12.38253078
3/11/2021 23:40,12.95379176
3/11/2021 23:50,13.06071196
3/12/2021 0:00,11.55059671
3/12/2021 0:10,10.36462016
3/12/2021 0:20,11.55562727
3/12/2021 0:30,10.89853325
3/12/2021 0:40,10.8208493
3/12/2021 0:50,10.17778869
3/12/2021 1:00,9.547071934
3/12/2021 1:10,10.43016434
3/12/2021 1:20,11.00688248
3/12/2021 1:30,10.67667418
3/12/2021 1:40,10.02448075
3/12/2021 1:50,9.688629556
3/12/2021 2:00,10.07070146
3/12/2021 2:10,9.656609273
3/12/2021 2:20,9.141481233
3/12/2021 2:30,9.197595787
3/12/2021 2:40,9.217606091
3/12/2021 2:50,7.765461636
3/12/2021 3:00,8.13364892
3/12/2021 3:10,8.066805291
3/12/2021 3:20,7.735817409
3/12/2021 3:30,7.876651168
3/12/2021 3:40,7.851257586
3/12/2021 3:50,7.589433622
3/12/2021 4:00,8.441136694
3/12/2021 4:10,8.704056096
3/12/2021 4:20,8.669325519
3/12/2021 4:30,10.96233263
3/12/2021 4:40,10.35244308
3/12/2021 4:50,10.34681861
3/12/2021 5:00,10.00116627
3/12/2021 5:10,9.723564196
3/12/2021 5:20,9.357121897
3/12/2021 5:30,9.098100781
3/12/2021 5:40,8.673854828
3/12/2021 5:50,8.966121316
3/12/2021 6:00,8.671385884
3/12/2021 6:10,8.860927796
3/12/2021 6:20,8.911176229
3/12/2021 6:30,9.586284637
3/12/2021 6:40,8.86085341
3/12/2021 6:50,8.733551836
3/12/2021 7:00,9.531776404
3/12/2021 7:10,9.634334135
3/12/2021 7:20,10.24496624
3/12/2021 7:30,10.64016185
3/12/2021 7:40,10.08621964
3/12/2021 7:50,10.07417283
3/12/2021 8:00,10.07461817
3/12/2021 8:10,10.68367233
3/12/2021 8:20,10.79391513
3/12/2021 8:30,10.02628131
3/12/2021 8:40,10.72835226
3/12/2021 8:50,11.06832446
3/12/2021 9:00,10.41976929
3/12/2021 9:10,9.671186871
3/12/2021 9:20,9.277759211
3/12/2021 9:30,10.19937682
3/12/2021 9:40,10.91876631
3/12/2021 9:50,12.25974002
3/12/2021 10:00,11.97508402
3/12/2021 10:10,11.60867882
3/12/2021 10:20,11.73226795
3/12/2021 10:30,12.30315771
3/12/2021 10:40,12.51287689
3/12/2021 10:50,12.75461631
3/12/2021 11:00,14.73649745
3/12/2021 11:10,12.31379399
3/12/2021 11:20,13.44057493
3/12/2021 11:30,13.63425598
3/12/2021 11:40,13.70737376
3/12/2021 11:50,12.69566169
3/12/2021 12:00,15.25019593
3/12/2021 12:10,12.24859659
3/12/2021 12:20,11.33363565
3/12/2021 12:30,11.92110429
3/12/2021 12:40,9.947966123
3/12/2021 12:50,11.01564417
3/12/2021 13:00,11.00545325
3/12/2021 13:10,11.22709242
3/12/2021 13:20,12.67531719
3/12/2021 13:30,12.2243784
3/12/2021 13:40,10.98206449
3/12/2021 13:50,12.21739898
3/12/2021 14:00,12.37000127
3/12/2021 14:10,11.92104852
3/12/2021 14:20,14.06830297
3/12/2021 14:30,13.3028039
3/12/2021 14:40,10.94206238
3/12/2021 14:50,12.8453126
3/12/2021 15:00,12.92511282
3/12/2021 15:10,11.65686703
3/12/2021 15:20,11.13152976
3/12/2021 15:30,10.43047976
3/12/2021 15:40,11.2209826
3/12/2021 15:50,10.60912542
3/12/2021 16:00,10.80100594
3/12/2021 16:10,11.33029704
3/12/2021 16:20,11.05093136
3/12/2021 16:30,12.00656619
3/12/2021 16:40,12.06435551
3/12/2021 16:50,12.15974388
3/12/2021 17:00,11.75237107
3/12/2021 17:10,10.19529295
3/12/2021 17:20,11.07550812
3/12/2021 17:30,9.243983388
3/12/2021 17:40,9.812051606
3/12/2021 17:50,9.664925218
3/12/2021 18:00,9.809174395
3/12/2021 18:10,9.780773807
3/12/2021 18:20,10.94016886
3/12/2021 18:30,10.8709866
3/12/2021 18:40,10.89271355
3/12/2021 18:50,9.002751282
3/12/2021 19:00,9.170234656
3/12/2021 19:10,8.346004057
3/12/2021 19:20,8.433827024
3/12/2021 19:30,8.615253019
3/12/2021 19:40,8.480396438
3/12/2021 19:50,8.892521
3/12/2021 20:00,8.475699938
3/12/2021 20:10,8.302437687
3/12/2021 20:20,8.444793534
3/12/2021 20:30,8.197782278
3/12/2021 20:40,7.942789412
3/12/2021 20:50,7.693309259
3/12/2021 21:00,8.888251638
3/12/2021 21:10,9.339635921
3/12/2021 21:20,8.682523394
3/12/2021 21:30,9.242071486
3/12/2021 21:40,9.283001757
3/12/2021 21:50,9.592438626
3/12/2021 22:00,8.984609652
3/12/2021 22:10,9.512824082
3/12/2021 22:20,9.805350494
3/12/2021 22:30,9.68953917
3/12/2021 22:40,9.281869507
3/12/2021 22:50,9.596745229
3/12/2021 23:00,10.33144903
3/12/2021 23:10,10.57703075
3/12/2021 23:20,10.06008368
3/12/2021 23:30,10.1336098
3/12/2021 23:40,10.27292147
3/12/2021 23:50,10.87102365
3/13/2021 0:00,10.32677121
3/13/2021 0:10,9.827577641
3/13/2021 0:20,10.28929172
3/13/2021 0:30,11.2845581
3/13/2021 0:40,12.19470946
3/13/2021 0:50,11.56008419
3/13/2021 1:00,12.1239738
3/13/2021 1:10,9.691692305
3/13/2021 1:20,11.245188
3/13/2021 1:30,9.822446585
3/13/2021 1:40,10.78598888
3/13/2021 1:50,12.51428757
3/13/2021 2:00,15.18131056
3/13/2021 2:10,13.13310571
3/13/2021 2:20,14.53366475
3/13/2021 2:30,14.05287738
3/13/2021 2:40,12.43135037
3/13/2021 2:50,11.54198384
3/13/2021 3:00,12.64706511
3/13/2021 3:10,13.41646194
3/13/2021 3:20,11.41935992
3/13/2021 3:30,11.91341934
3/13/2021 3:40,11.05763245
3/13/2021 3:50,13.32093949
3/13/2021 4:00,10.70206792
3/13/2021 4:10,9.752113271
3/13/2021 4:20,9.81958797
3/13/2021 4:30,11.64004946
3/13/2021 4:40,11.50127616
3/13/2021 4:50,13.4371223
3/13/2021 5:00,13.31227083
3/13/2021 5:10,11.89550667
3/13/2021 5:20,11.57968416
3/13/2021 5:30,13.31468415
3/13/2021 5:40,13.45239935
3/13/2021 5:50,13.13516603
3/13/2021 6:00,13.34653726
3/13/2021 6:10,11.85758357
3/13/2021 6:20,11.1294879
3/13/2021 6:30,12.66934009
3/13/2021 6:40,14.78468556
3/13/2021 6:50,13.94799933
3/13/2021 7:00,13.89975533
3/13/2021 7:10,13.29821901
3/13/2021 7:20,13.85524235
3/13/2021 7:30,15.37584534
3/13/2021 7:40,15.02620206
3/13/2021 7:50,14.45690894
3/13/2021 8:00,14.58307829
3/13/2021 8:10,14.16774235
3/13/2021 8:20,13.85167851
3/13/2021 8:30,13.68897829
3/13/2021 8:40,12.59143343
3/13/2021 8:50,13.37881751
3/13/2021 9:00,14.11719661
3/13/2021 9:10,12.79428434
3/13/2021 9:20,14.61704769
3/13/2021 9:30,14.21405587
3/13/2021 9:40,15.30120965
3/13/2021 9:50,14.54192529
3/13/2021 10:00,13.45182371
3/13/2021 10:10,13.17259879
3/13/2021 10:20,14.96465519
3/13/2021 10:30,13.68306752
3/13/2021 10:40,13.5652726
3/13/2021 10:50,13.28817478
3/13/2021 11:00,12.65526977
3/13/2021 11:10,11.82205467
3/13/2021 11:20,9.495690846
3/13/2021 11:30,12.10912385
3/13/2021 11:40,11.81121421
3/13/2021 11:50,13.04762526
3/13/2021 12:00,13.65404363
3/13/2021 12:10,11.97742286
3/13/2021 12:20,11.83397191
3/13/2021 12:30,13.33731174
3/13/2021 12:40,12.67017548
3/13/2021 12:50,10.34412706
3/13/2021 13:00,11.55594273
3/13/2021 13:10,12.60674734
3/13/2021 13:20,10.20260673
3/13/2021 13:30,8.326197672
3/13/2021 13:40,7.441935945
3/13/2021 13:50,8.506026596
3/13/2021 14:00,9.577726314
3/13/2021 14:10,9.611205363
3/13/2021 14:20,11.77020965
3/13/2021 14:30,10.09806261
3/13/2021 14:40,8.934379458
3/13/2021 14:50,13.48271184
3/13/2021 15:00,10.37412405
3/13/2021 15:10,8.471505046
3/13/2021 15:20,6.855342364
3/13/2021 15:30,8.70071466
3/13/2021 15:40,10.10403981
3/13/2021 15:50,9.985313892
3/13/2021 16:00,10.93808997
3/13/2021 16:10,10.30832007
3/13/2021 16:20,10.56450105
3/13/2021 16:30,10.08276701
3/13/2021 16:40,9.618537498
3/13/2021 16:50,9.704351854
3/13/2021 17:00,7.723677492
3/13/2021 17:10,10.00339391
3/13/2021 17:20,8.424987316
3/13/2021 17:30,9.419194794
3/13/2021 17:40,8.223621178
3/13/2021 17:50,7.955318832
3/13/2021 18:00,7.488973331
3/13/2021 18:10,7.574936223
3/13/2021 18:20,8.170848131
3/13/2021 18:30,8.596504712
3/13/2021 18:40,7.852334189
3/13/2021 18:50,7.844222498
3/13/2021 19:00,8.428328586
3/13/2021 19:10,8.505381441
3/13/2021 19:20,8.949749255
3/13/2021 19:30,9.701233506
3/13/2021 19:40,10.15560632
3/13/2021 19:50,8.97956059
3/13/2021 20:00,8.296163702
3/13/2021 20:10,8.369949436
3/13/2021 20:20,7.98611424
3/13/2021 20:30,8.821036768
3/13/2021 20:40,8.298279858
3/13/2021 20:50,7.715435719
3/13/2021 21:00,8.459810615
3/13/2021 21:10,8.887527704
3/13/2021 21:20,8.413887024
3/13/2021 21:30,9.797331619
3/13/2021 21:40,10.55783718
3/13/2021 21:50,9.839765453
3/13/2021 22:00,10.5864048
3/13/2021 22:10,11.72588239
3/13/2021 22:20,11.19222932
3/13/2021 22:30,10.09769135
3/13/2021 22:40,10.21233327
3/13/2021 22:50,10.82654786
3/13/2021 23:00,10.35248013
3/13/2021 23:10,10.3921854
3/13/2021 23:20,9.878078341
3/13/2021 23:30,9.046775413
3/13/2021 23:40,9.87681613
3/13/2021 23:50,8.666838121
3/14/2021 0:00,8.343405223
3/14/2021 0:10,7.309548163
3/14/2021 0:20,6.886100364
3/14/2021 0:30,9.739546347
3/14/2021 0:40,9.583250165
3/14/2021 0:50,9.097098279
3/14/2021 1:00,7.341568422
3/14/2021 1:10,8.613415241
3/14/2021 1:20,8.855006218
3/14/2021 1:30,7.839024949
3/14/2021 1:40,7.997010326
3/14/2021 1:50,6.437147784
3/14/2021 2:00,7.273416645
3/14/2021 2:10,8.032371998
3/14/2021 2:20,8.315450048
3/14/2021 2:30,8.811198664
3/14/2021 2:40,9.664015627
3/14/2021 2:50,9.440021944
3/14/2021 3:00,8.796218681
3/14/2021 3:10,8.748420286
3/14/2021 3:20,7.787272549
3/14/2021 3:30,7.835201049
3/14/2021 3:40,8.609832811
3/14/2021 3:50,8.613452411
3/14/2021 4:00,8.347860193
3/14/2021 4:10,7.379380345
3/14/2021 4:20,7.399650526
3/14/2021 4:30,7.401599574
3/14/2021 4:40,7.437406635
3/14/2021 4:50,7.102817464
3/14/2021 5:00,7.83141427
3/14/2021 5:10,7.747581005
3/14/2021 5:20,7.990311331
3/14/2021 5:30,8.225458956
3/14/2021 5:40,9.170791435
3/14/2021 5:50,8.995078874
3/14/2021 6:00,9.424448037
3/14/2021 6:10,9.270509195
3/14/2021 6:20,8.237357563
3/14/2021 6:30,9.067299143
3/14/2021 6:40,8.124789374
3/14/2021 6:50,8.238619709
3/14/2021 7:00,8.284403165
3/14/2021 7:10,7.88947773
3/14/2021 7:20,7.652119112
3/14/2021 7:30,6.960962999
3/14/2021 7:40,6.510284019
3/14/2021 7:50,5.959144819
3/14/2021 8:00,6.488918543
3/14/2021 8:10,6.440115664
3/14/2021 8:20,7.078723383
3/14/2021 8:30,7.171635552
3/14/2021 8:40,7.584582831
3/14/2021 8:50,7.202590966
3/14/2021 9:00,6.902416825
3/14/2021 9:10,7.321688056
3/14/2021 9:20,7.646216059
3/14/2021 9:30,9.219740725
3/14/2021 9:40,9.18174324
3/14/2021 9:50,9.486558127
3/14/2021 10:00,9.83540323
3/14/2021 10:10,8.915742707
3/14/2021 10:20,10.58733296
3/14/2021 10:30,8.820591378
3/14/2021 10:40,8.646322222
3/14/2021 10:50,7.592711298
3/14/2021 11:00,6.540810585
3/14/2021 11:10,7.989863777
3/14/2021 11:20,7.986875129
3/14/2021 11:30,7.677215528
3/14/2021 11:40,7.2246804
3/14/2021 11:50,7.443346643
3/14/2021 12:00,7.884521604
3/14/2021 12:10,6.74554503
3/14/2021 12:20,8.583009839
3/14/2021 12:30,8.635170579
3/14/2021 12:40,9.832321811
3/14/2021 12:50,8.396363831
3/14/2021 13:00,8.14359839
3/14/2021 13:10,8.949749279
3/14/2021 13:20,7.976257467
3/14/2021 13:30,7.539964485
3/14/2021 13:40,7.272256136
3/14/2021 13:50,7.337039185
3/14/2021 14:00,8.314169264
3/14/2021 14:10,6.61655426
3/14/2021 14:20,8.055797839
3/14/2021 14:30,10.14465437
3/14/2021 14:40,10.43068407
3/14/2021 14:50,10.74080777
3/14/2021 15:00,9.998159194
3/14/2021 15:10,10.05845037
3/14/2021 15:20,12.06113997
3/14/2021 15:30,12.07903399
3/14/2021 15:40,11.00898015
3/14/2021 15:50,10.65213451
3/14/2021 16:00,9.624570346
3/14/2021 16:10,8.334847856
3/14/2021 16:20,9.115772176
3/14/2021 16:30,9.300079298
3/14/2021 16:40,8.632256222
3/14/2021 16:50,8.418601775
3/14/2021 17:00,9.234683537
3/14/2021 17:10,9.796848965
3/14/2021 17:20,9.608105469
3/14/2021 17:30,11.02726224
3/14/2021 17:40,10.5544852
3/14/2021 17:50,11.03006716
3/14/2021 18:00,10.69416013
3/14/2021 18:10,10.20919633
3/14/2021 18:20,10.58831685
3/14/2021 18:30,9.776096034
3/14/2021 18:40,9.818609037
3/14/2021 18:50,9.309044909
3/14/2021 19:00,8.692454433
3/14/2021 19:10,9.108124423
3/14/2021 19:20,9.433952212
3/14/2021 19:30,9.792152619
3/14/2021 19:40,9.665185118
3/14/2021 19:50,9.553364587
3/14/2021 20:00,9.53740077
3/14/2021 20:10,8.930240035
3/14/2021 20:20,7.862413645
3/14/2021 20:30,6.705208826
3/14/2021 20:40,7.575548673
3/14/2021 20:50,8.207137895
3/14/2021 21:00,7.835776567
3/14/2021 21:10,7.509243393
3/14/2021 21:20,7.948265195
3/14/2021 21:30,8.734906912
3/14/2021 21:40,9.169715023
3/14/2021 21:50,11.57465382
3/14/2021 22:00,10.35942259
3/14/2021 22:10,10.38219872
3/14/2021 22:20,9.810548019
3/14/2021 22:30,10.4460166
3/14/2021 22:40,8.829612708
3/14/2021 22:50,9.202719021
3/14/2021 23:00,8.615921235
3/14/2021 23:10,10.31884491
3/14/2021 23:20,9.551155591
3/14/2021 23:30,9.642483115
3/14/2021 23:40,11.21027174
3/14/2021 23:50,10.82747612
3/15/2021 0:00,10.69150581
3/15/2021 0:10,9.781813288
3/15/2021 0:20,9.06366725
3/15/2021 0:30,9.618277574
3/15/2021 0:40,9.353297925
3/15/2021 0:50,9.327923036
3/15/2021 1:00,9.748215151
3/15/2021 1:10,9.845167112
3/15/2021 1:20,9.027340364
3/15/2021 1:30,9.718719387
3/15/2021 1:40,10.09373755
3/15/2021 1:50,8.995320153
3/15/2021 2:00,8.955782008
3/15/2021 2:10,8.400837541
3/15/2021 2:20,10.24853029
3/15/2021 2:30,8.162579963
3/15/2021 2:40,7.418528581
3/15/2021 2:50,7.94422924
3/15/2021 3:00,7.86603334
3/15/2021 3:10,7.410973573
3/15/2021 3:20,8.655533671
3/15/2021 3:30,8.133463359
3/15/2021 3:40,7.638863463
3/15/2021 3:50,7.447281909
3/15/2021 4:00,8.296943116
3/15/2021 4:10,7.471264672
3/15/2021 4:20,7.144119215
3/15/2021 4:30,7.292303586
3/15/2021 4:40,7.394490099
3/15/2021 4:50,6.580078983
3/15/2021 5:00,7.354692078
3/15/2021 5:10,7.869170451
3/15/2021 5:20,7.458419371
3/15/2021 5:30,7.418955541
3/15/2021 5:40,6.714527273
3/15/2021 5:50,5.985577774
3/15/2021 6:00,5.886785603
3/15/2021 6:10,6.246455216
3/15/2021 6:20,6.271549677
3/15/2021 6:30,6.349551344
3/15/2021 6:40,6.70507884
3/15/2021 6:50,6.10976094
3/15/2021 7:00,5.494154131
3/15/2021 7:10,5.990069962
3/15/2021 7:20,5.937370968
3/15/2021 7:30,6.779867196
3/15/2021 7:40,7.010450554
3/15/2021 7:50,7.225849891
3/15/2021 8:00,6.539631176
3/15/2021 8:10,6.332195425
3/15/2021 8:20,6.752914381
3/15/2021 8:30,6.821298718
3/15/2021 8:40,6.228245378
3/15/2021 8:50,7.441898823
3/15/2021 9:00,7.224587679
3/15/2021 9:10,7.347749662
3/15/2021 9:20,6.823062158
3/15/2021 9:30,7.193254066
3/15/2021 9:40,7.128121225
3/15/2021 9:50,6.047966337
3/15/2021 10:00,4.611284542
3/15/2021 10:10,5.141336811
3/15/2021 10:20,5.054427123
3/15/2021 10:30,6.23890022
3/15/2021 10:40,5.773575604
3/15/2021 10:50,6.481988621
3/15/2021 11:00,5.400766289
3/15/2021 11:10,6.648556077
3/15/2021 11:20,7.820443821
3/15/2021 11:30,7.736873577
3/15/2021 11:40,7.096561921
3/15/2021 11:50,6.300434852
3/15/2021 12:00,5.733870339
3/15/2021 12:10,7.297556722
3/15/2021 12:20,6.883835697
3/15/2021 12:30,6.405758619
3/15/2021 12:40,5.376041007
3/15/2021 12:50,4.100611544
3/15/2021 13:00,3.413205111
3/15/2021 13:10,3.556229222
3/15/2021 13:20,3.356904989
3/15/2021 13:30,4.199679667
3/15/2021 13:40,5.026899016
3/15/2021 13:50,7.303886604
3/15/2021 14:00,5.655313754
3/15/2021 14:10,4.772926819
3/15/2021 14:20,5.958736396
3/15/2021 14:30,6.923708022
3/15/2021 14:40,6.710350645
3/15/2021 14:50,5.333941293
3/15/2021 15:00,4.862973517
3/15/2021 15:10,4.92280041
3/15/2021 15:20,5.205024683
3/15/2021 15:30,5.171073937
3/15/2021 15:40,4.748424315
3/15/2021 15:50,4.245733154
3/15/2021 16:00,4.177701676
3/15/2021 16:10,4.289318049
3/15/2021 16:20,3.357573354
3/15/2021 16:30,3.42688567
3/15/2021 16:40,3.227561516
3/15/2021 16:50,2.792642099
3/15/2021 17:00,2.808550107
3/15/2021 17:10,2.930097425
3/15/2021 17:20,2.811278939
3/15/2021 17:30,2.136327824
3/15/2021 17:40,1.977522361
3/15/2021 17:50,4.46009258
3/15/2021 18:00,5.58845166
3/15/2021 18:10,6.313113189
3/15/2021 18:20,5.822079277
3/15/2021 18:30,5.387883902
3/15/2021 18:40,5.747625136
3/15/2021 18:50,6.395604897
3/15/2021 19:00,7.123533416
3/15/2021 19:10,6.991071367
3/15/2021 19:20,7.586686325
3/15/2021 19:30,7.086166978
3/15/2021 19:40,7.711537695
3/15/2021 19:50,7.024409533
3/15/2021 20:00,6.611458377
3/15/2021 20:10,6.484537768
3/15/2021 20:20,6.601797104
3/15/2021 20:30,6.769546437
3/15/2021 20:40,6.446855879
3/15/2021 20:50,6.568421769
3/15/2021 21:00,6.358034325
3/15/2021 21:10,5.203855157
3/15/2021 21:20,5.321931243
3/15/2021 21:30,5.27832799
3/15/2021 21:40,5.549247718
3/15/2021 21:50,4.477319038
3/15/2021 22:00,5.096730995
3/15/2021 22:10,5.541711235
3/15/2021 22:20,5.49866488
3/15/2021 22:30,5.820000386
3/15/2021 22:40,5.654682708
3/15/2021 22:50,5.730794743
3/15/2021 23:00,5.926883245
3/15/2021 23:10,5.644194913
3/15/2021 23:20,5.713562918
3/15/2021 23:30,5.78020227
3/15/2021 23:40,5.818608165
3/15/2021 23:50,6.023144396
3/16/2021 0:00,5.923746085
3/16/2021 0:10,5.22919302
3/16/2021 0:20,4.396293569
3/16/2021 0:30,4.519530129
3/16/2021 0:40,5.021218801
3/16/2021 0:50,4.819815803
3/16/2021 1:00,4.505830991
3/16/2021 1:10,4.370658863
3/16/2021 1:20,4.225778508
3/16/2021 1:30,4.400080454
3/16/2021 1:40,4.111266482
3/16/2021 1:50,3.62942102
3/16/2021 2:00,4.341682792
3/16/2021 2:10,3.91572901
3/16/2021 2:20,4.318572533
3/16/2021 2:30,4.657245338
3/16/2021 2:40,5.006095259
3/16/2021 2:50,5.750836396
3/16/2021 3:00,5.480870022
3/16/2021 3:10,6.496269417
3/16/2021 3:20,7.292804766
3/16/2021 3:30,7.109295869
3/16/2021 3:40,7.232792187
3/16/2021 3:50,7.591883802
3/16/2021 4:00,8.032297564
3/16/2021 4:10,8.274631238
3/16/2021 4:20,7.808016827
3/16/2021 4:30,7.649898711
3/16/2021 4:40,6.806657741
3/16/2021 4:50,7.234717392
3/16/2021 5:00,7.500630593
3/16/2021 5:10,7.074407151
3/16/2021 5:20,8.076550627
3/16/2021 5:30,7.952144766
3/16/2021 5:40,7.822588815
3/16/2021 5:50,7.639432998
3/16/2021 6:00,6.791023326
3/16/2021 6:10,6.281278419
3/16/2021 6:20,6.666673088
3/16/2021 6:30,7.076941466
3/16/2021 6:40,6.683051009
3/16/2021 6:50,6.147220075
3/16/2021 7:00,5.554909241
3/16/2021 7:10,5.536903632
3/16/2021 7:20,5.719205856
3/16/2021 7:30,6.142672253
3/16/2021 7:40,4.953669846
3/16/2021 7:50,5.610875189
3/16/2021 8:00,5.588692987
3/16/2021 8:10,7.028660321
3/16/2021 8:20,7.827274704
3/16/2021 8:30,6.938335276
3/16/2021 8:40,7.232959294
3/16/2021 8:50,7.260422995
3/16/2021 9:00,6.477710674
3/16/2021 9:10,6.660918641
3/16/2021 9:20,6.104396415
3/16/2021 9:30,6.201014233
3/16/2021 9:40,6.207362545
3/16/2021 9:50,6.004418766
3/16/2021 10:00,6.670237136
3/16/2021 10:10,7.445202923
3/16/2021 10:20,8.073153758
3/16/2021 10:30,8.010171032
3/16/2021 10:40,8.475310278
3/16/2021 10:50,7.530070686
3/16/2021 11:00,7.000241184
3/16/2021 11:10,6.888383579
3/16/2021 11:20,7.661660171
3/16/2021 11:30,7.809900308
3/16/2021 11:40,9.003524852
3/16/2021 11:50,10.03166463
3/16/2021 12:00,10.39769845
3/16/2021 12:10,10.45132561
3/16/2021 12:20,9.501593685
3/16/2021 12:30,9.011822152
3/16/2021 12:40,7.396216488
3/16/2021 12:50,7.555111527
3/16/2021 13:00,9.828962111
3/16/2021 13:10,8.58354826
3/16/2021 13:20,8.730544627
3/16/2021 13:30,9.030366087
3/16/2021 13:40,9.326326561
3/16/2021 13:50,7.387027919
3/16/2021 14:00,8.160704136
3/16/2021 14:10,8.432319546
3/16/2021 14:20,7.098158383
3/16/2021 14:30,6.714174557
3/16/2021 14:40,9.363581467
3/16/2021 14:50,9.660247445
3/16/2021 15:00,8.326680279
3/16/2021 15:10,7.780942822
3/16/2021 15:20,6.752116275
3/16/2021 15:30,5.388979125
3/16/2021 15:40,5.87138139
3/16/2021 15:50,6.34875313
3/16/2021 16:00,5.944331908
3/16/2021 16:10,5.290560639
3/16/2021 16:20,6.642226267
3/16/2021 16:30,7.60263145
3/16/2021 16:40,6.700995159
3/16/2021 16:50,5.976537907
3/16/2021 17:00,5.072191501
3/16/2021 17:10,5.413759995
3/16/2021 17:20,6.300800349
3/16/2021 17:30,6.664000082
3/16/2021 17:40,4.603989482
3/16/2021 17:50,3.664485765
3/16/2021 18:00,3.905167001
3/16/2021 18:10,2.772353321
3/16/2021 18:20,1.548163289
3/16/2021 18:30,1.814681318
3/16/2021 18:40,2.316112447
3/16/2021 18:50,2.584106147
3/16/2021 19:00,2.699512517
3/16/2021 19:10,2.252362388
3/16/2021 19:20,1.738462466
3/16/2021 19:30,1.445981255
3/16/2021 19:40,1.749824977
3/16/2021 19:50,2.77477501
3/16/2021 20:00,1.765912569
3/16/2021 20:10,1.98714391
3/16/2021 20:20,1.738593823
3/16/2021 20:30,2.095164393
3/16/2021 20:40,1.925550097
3/16/2021 20:50,2.609306234
3/16/2021 21:00,2.860967135
3/16/2021 21:10,2.429893732
3/16/2021 21:20,2.906281745
3/16/2021 21:30,2.545872378
3/16/2021 21:40,2.784957314
3/16/2021 21:50,2.497516942
3/16/2021 22:00,3.072471786
3/16/2021 22:10,3.606960464
3/16/2021 22:20,4.294886637
3/16/2021 22:30,4.161942172
3/16/2021 22:40,4.242020762
3/16/2021 22:50,5.592498302
3/16/2021 23:00,6.250390387
3/16/2021 23:10,5.97909956
3/16/2021 23:20,6.047780728
3/16/2021 23:30,6.109204054
3/16/2021 23:40,6.421945119
3/16/2021 23:50,6.269992447
3/17/2021 0:00,6.722620511
3/17/2021 0:10,6.283561683
3/17/2021 0:20,6.493280721
3/17/2021 0:30,7.187722397
3/17/2021 0:40,7.435921645
3/17/2021 0:50,6.648630357
3/17/2021 1:00,7.480007625
3/17/2021 1:10,7.259540796
3/17/2021 1:20,7.203741932
3/17/2021 1:30,7.444720244
3/17/2021 1:40,7.38545022
3/17/2021 1:50,7.425136757
3/17/2021 2:00,6.956415176
3/17/2021 2:10,7.570295525
3/17/2021 2:20,6.318050742
3/17/2021 2:30,4.545963168
3/17/2021 2:40,3.249186841
3/17/2021 2:50,5.070446527
3/17/2021 3:00,4.927311027
3/17/2021 3:10,4.312873769
3/17/2021 3:20,3.533100259
3/17/2021 3:30,3.14378897
3/17/2021 3:40,4.785140884
3/17/2021 3:50,3.586467457
3/17/2021 4:00,3.619434488
3/17/2021 4:10,3.136902398
3/17/2021 4:20,4.538872266
3/17/2021 4:30,4.719615293
3/17/2021 4:40,5.825678323
3/17/2021 4:50,6.440284765
3/17/2021 5:00,5.745991516
3/17/2021 5:10,5.44559474
3/17/2021 5:20,4.974664116
3/17/2021 5:30,4.579505563
3/17/2021 5:40,5.75137471
3/17/2021 5:50,6.187147927
3/17/2021 6:00,6.507610965
3/17/2021 6:10,5.889739656
3/17/2021 6:20,6.556474385
3/17/2021 6:30,7.518264794
3/17/2021 6:40,6.610428691
3/17/2021 6:50,5.908710515
3/17/2021 7:00,5.14358288
3/17/2021 7:10,4.735931802
3/17/2021 7:20,4.641448534
3/17/2021 7:30,4.347177279
3/17/2021 7:40,3.625393009
3/17/2021 7:50,2.55344584
3/17/2021 8:00,2.452020252
3/17/2021 8:10,2.874150085
3/17/2021 8:20,1.398631549
3/17/2021 8:30,1.750856408
3/17/2021 8:40,3.873085874
3/17/2021 8:50,3.758857441
3/17/2021 9:00,3.358055907
3/17/2021 9:10,2.740388721
3/17/2021 9:20,3.49623518
3/17/2021 9:30,3.468614113
3/17/2021 9:40,3.860784078
3/17/2021 9:50,3.336857522
3/17/2021 10:00,2.773448563
3/17/2021 10:10,2.297580332
3/17/2021 10:20,2.673336004
3/17/2021 10:30,3.050679469
3/17/2021 10:40,2.652420828
3/17/2021 10:50,2.303929908
3/17/2021 11:00,2.162925029
3/17/2021 11:10,2.890317202
3/17/2021 11:20,2.482741159
3/17/2021 11:30,2.065540585
3/17/2021 11:40,2.333585416
3/17/2021 11:50,1.993053564
3/17/2021 12:00,2.954545994
3/17/2021 12:10,2.524032283
3/17/2021 12:20,2.409307963
3/17/2021 12:30,2.569706482
3/17/2021 12:40,2.619565392
3/17/2021 12:50,1.308653141
3/17/2021 13:00,1.339987496
3/17/2021 13:10,1.942462511
3/17/2021 13:20,1.959749991
3/17/2021 13:30,2.604506254
3/17/2021 13:40,2.221949914
3/17/2021 13:50,3.555352485
3/17/2021 14:00,3.713007963
3/17/2021 14:10,2.712173706
3/17/2021 14:20,3.58100082
3/17/2021 14:30,2.774150965
3/17/2021 14:40,2.192212504
3/17/2021 14:50,2.599518847
3/17/2021 15:00,3.621407425
3/17/2021 15:10,4.094539818
3/17/2021 15:20,2.977506107
3/17/2021 15:30,5.552941585
3/17/2021 15:40,6.060087681
3/17/2021 15:50,4.856550837
3/17/2021 16:00,4.525358737
3/17/2021 16:10,4.942699444
3/17/2021 16:20,4.075013959
3/17/2021 16:30,4.310171882
3/17/2021 16:40,5.290824388
3/17/2021 16:50,3.962228131
3/17/2021 17:00,4.35772078
3/17/2021 17:10,4.901899135
3/17/2021 17:20,5.080785775
3/17/2021 17:30,4.890223181
3/17/2021 17:40,5.102206981
3/17/2021 17:50,5.454003525
3/17/2021 18:00,5.294997215
3/17/2021 18:10,5.092331791
3/17/2021 18:20,4.62528069
3/17/2021 18:30,4.790598321
3/17/2021 18:40,4.656744123
3/17/2021 18:50,3.747292972
3/17/2021 19:00,3.992002332
3/17/2021 19:10,4.846452796
3/17/2021 19:20,4.715680015
3/17/2021 19:30,5.132389688
3/17/2021 19:40,5.035307789
3/17/2021 19:50,5.097232366
3/17/2021 20:00,4.133875585
3/17/2021 20:10,2.068221992
3/17/2021 20:20,1.80899666
3/17/2021 20:30,2.652439564
3/17/2021 20:40,3.26004588
3/17/2021 20:50,3.8436324
3/17/2021 21:00,3.821580124
3/17/2021 21:10,3.506017613
3/17/2021 21:20,4.167102468
3/17/2021 21:30,3.696060491
3/17/2021 21:40,3.830620015
3/17/2021 21:50,3.847567713
3/17/2021 22:00,3.968873656
3/17/2021 22:10,4.285419774
3/17/2021 22:20,3.910438824
3/17/2021 22:30,3.210372615
3/17/2021 22:40,3.45803349
3/17/2021 22:50,3.11230706
3/17/2021 23:00,3.231608182
3/17/2021 23:10,4.388627362
3/17/2021 23:20,4.523706698
3/17/2021 23:30,4.890575957
3/17/2021 23:40,5.153847837
3/17/2021 23:50,5.166563189
3/18/2021 0:00,4.724492387
3/18/2021 0:10,3.321487772
3/18/2021 0:20,2.811631554
3/18/2021 0:30,2.815845275
3/18/2021 0:40,2.892378461
3/18/2021 0:50,3.012867659
3/18/2021 1:00,3.552256775
3/18/2021 1:10,4.076721573
3/18/2021 1:20,2.921521562
3/18/2021 1:30,3.517266458
3/18/2021 1:40,3.032042742
3/18/2021 1:50,4.221731997
3/18/2021 2:00,4.65134465
3/18/2021 2:10,6.74701159
3/18/2021 2:20,6.943551373
3/18/2021 2:30,6.907892823
3/18/2021 2:40,6.383632016
3/18/2021 2:50,6.562314653
3/18/2021 3:00,4.08685683
3/18/2021 3:10,3.02962963
3/18/2021 3:20,3.01778667
3/18/2021 3:30,3.046836966
3/18/2021 3:40,3.585335183
3/18/2021 3:50,3.521647251
3/18/2021 4:00,3.930300605
3/18/2021 4:10,3.980419445
3/18/2021 4:20,3.461003518
3/18/2021 4:30,3.307770133
3/18/2021 4:40,3.14902361
3/18/2021 4:50,2.966424227
3/18/2021 5:00,3.370771188
3/18/2021 5:10,2.86089651
3/18/2021 5:20,2.739404935
3/18/2021 5:30,2.939564389
3/18/2021 5:40,4.179790472
3/18/2021 5:50,5.041637659
3/18/2021 6:00,5.898074269
3/18/2021 6:10,6.956081009
3/18/2021 6:20,5.857385159
3/18/2021 6:30,5.015817142
3/18/2021 6:40,3.277086258
3/18/2021 6:50,3.539801365
3/18/2021 7:00,4.466441464
3/18/2021 7:10,4.579412735
3/18/2021 7:20,3.999167526
3/18/2021 7:30,3.366353333
3/18/2021 7:40,3.517563456
3/18/2021 7:50,3.327780521
3/18/2021 8:00,2.769773066
3/18/2021 8:10,3.510286951
3/18/2021 8:20,3.520292121
3/18/2021 8:30,3.146647573
3/18/2021 8:40,3.428017968
3/18/2021 8:50,4.425269747
3/18/2021 9:00,3.852250212
3/18/2021 9:10,4.430244482
3/18/2021 9:20,3.860542786
3/18/2021 9:30,4.429780436
3/18/2021 9:40,4.273354173
3/18/2021 9:50,3.603860509
3/18/2021 10:00,3.689767826
3/18/2021 10:10,4.478061414
3/18/2021 10:20,4.13534199
3/18/2021 10:30,4.388089061
3/18/2021 10:40,5.467869675
3/18/2021 10:50,5.792230797
3/18/2021 11:00,5.614105058
3/18/2021 11:10,5.551809359
3/18/2021 11:20,6.109872341
3/18/2021 11:30,5.594558764
3/18/2021 11:40,4.816251671
3/18/2021 11:50,4.036014092
3/18/2021 12:00,2.93793087
3/18/2021 12:10,4.204969954
3/18/2021 12:20,4.105307925
3/18/2021 12:30,5.389999938
3/18/2021 12:40,4.830117857
3/18/2021 12:50,5.463043356
3/18/2021 13:00,4.143212521
3/18/2021 13:10,4.306284022
3/18/2021 13:20,3.493747771
3/18/2021 13:30,3.383653563
3/18/2021 13:40,4.099739134
3/18/2021 13:50,4.89237659
3/18/2021 14:00,3.422857618
3/18/2021 14:10,4.96426903
3/18/2021 14:20,3.015856189
3/18/2021 14:30,3.810869634
3/18/2021 14:40,3.358445764
3/18/2021 14:50,4.209870493
3/18/2021 15:00,3.011902434
3/18/2021 15:10,3.991315562
3/18/2021 15:20,4.014500189
3/18/2021 15:30,5.395364618
3/18/2021 15:40,4.313504887
3/18/2021 15:50,4.111433518
3/18/2021 16:00,3.306674856
3/18/2021 16:10,3.923135495
3/18/2021 16:20,2.901585609
3/18/2021 16:30,3.14696314
3/18/2021 16:40,3.547244984
3/18/2021 16:50,2.939694339
3/18/2021 17:00,2.712173706
3/18/2021 17:10,2.674027818
3/18/2021 17:20,2.473961246
3/18/2021 17:30,1.840829156
3/18/2021 17:40,1.884787554
3/18/2021 17:50,1.503318778
3/18/2021 18:00,1.769861905
3/18/2021 18:10,2.415947115
3/18/2021 18:20,2.835409752
3/18/2021 18:30,3.276789254
3/18/2021 18:40,5.71187371
3/18/2021 18:50,4.530556154
3/18/2021 19:00,4.944370031
3/18/2021 19:10,3.731050789
3/18/2021 19:20,3.144160151
3/18/2021 19:30,3.171358121
3/18/2021 19:40,2.845526785
3/18/2021 19:50,2.98903533
3/18/2021 20:00,3.384303236
3/18/2021 20:10,2.49514094
3/18/2021 20:20,3.471268559
3/18/2021 20:30,3.698417938
3/18/2021 20:40,3.788241875
3/18/2021 20:50,4.012012768
3/18/2021 21:00,5.100889003
3/18/2021 21:10,6.372327495
3/18/2021 21:20,6.75723958
3/18/2021 21:30,6.431343581
3/18/2021 21:40,7.110242462
3/18/2021 21:50,9.201531029
3/18/2021 22:00,9.884296942
3/18/2021 22:10,10.12637029
3/18/2021 22:20,10.60056801
3/18/2021 22:30,9.836424065
3/18/2021 22:40,9.580744338
3/18/2021 22:50,9.102759862
3/18/2021 23:00,9.474418283
3/18/2021 23:10,11.33053837
3/18/2021 23:20,10.52926943
3/18/2021 23:30,9.407388997
3/18/2021 23:40,9.404344964
3/18/2021 23:50,7.52030673
3/19/2021 0:00,8.259019971
3/19/2021 0:10,9.061254096
3/19/2021 0:20,10.0575964
3/19/2021 0:30,8.746471334
3/19/2021 0:40,10.04205952
3/19/2021 0:50,9.858383703
3/19/2021 1:00,10.35965714
3/19/2021 1:10,9.946276999
3/19/2021 1:20,9.765441108
3/19/2021 1:30,8.794154418
3/19/2021 1:40,8.363842392
3/19/2021 1:50,8.214822721
3/19/2021 2:00,8.0238518
3/19/2021 2:10,7.459774566
3/19/2021 2:20,7.183805704
3/19/2021 2:30,7.879454017
3/19/2021 2:40,7.553737783
3/19/2021 2:50,7.474921489
3/19/2021 3:00,7.096190763
3/19/2021 3:10,7.256867743
3/19/2021 3:20,7.749145269
3/19/2021 3:30,7.632999754
3/19/2021 3:40,7.554220605
3/19/2021 3:50,7.305872774
3/19/2021 4:00,7.223139668
3/19/2021 4:10,6.657558846
3/19/2021 4:20,6.81352098
3/19/2021 4:30,6.637084389
3/19/2021 4:40,6.797223091
3/19/2021 4:50,7.297761059
3/19/2021 5:00,6.731716061
3/19/2021 5:10,5.910176921
3/19/2021 5:20,6.982179809
3/19/2021 5:30,6.808103637
3/19/2021 5:40,6.652379942
3/19/2021 5:50,6.561627817
3/19/2021 6:00,6.130718064
3/19/2021 6:10,6.233684158
3/19/2021 6:20,6.011676741
3/19/2021 6:30,6.890740967
3/19/2021 6:40,6.943662584
3/19/2021 6:50,6.174395561
3/19/2021 7:00,5.59066062
3/19/2021 7:10,5.088551797
3/19/2021 7:20,5.1218069
3/19/2021 7:30,5.38333602
3/19/2021 7:40,4.316363549
3/19/2021 7:50,4.501728666
3/19/2021 8:00,5.208607197
3/19/2021 8:10,4.695205557
3/19/2021 8:20,4.714050637
3/19/2021 8:30,4.521312118
3/19/2021 8:40,4.709016073
3/19/2021 8:50,5.467368472
3/19/2021 9:00,5.291785812
3/19/2021 9:10,4.416916597
3/19/2021 9:20,5.319982255
3/19/2021 9:30,4.531540084
3/19/2021 9:40,4.401899624
3/19/2021 9:50,4.601799166
3/19/2021 10:00,4.679575956
3/19/2021 10:10,4.593594456
3/19/2021 10:20,4.127954173
3/19/2021 10:30,6.140834475
3/19/2021 10:40,6.233554173
3/19/2021 10:50,5.099552536
3/19/2021 11:00,4.916637659
3/19/2021 11:10,4.732237852
3/19/2021 11:20,5.928368211
3/19/2021 11:30,5.469633019
3/19/2021 11:40,4.419032657
3/19/2021 11:50,4.330081189
3/19/2021 12:00,4.746846509
3/19/2021 12:10,4.892654896
3/19/2021 12:20,4.965843916
3/19/2021 12:30,4.344615698
3/19/2021 12:40,4.355419064
3/19/2021 12:50,3.855011117
3/19/2021 13:00,4.513831472
3/19/2021 13:10,4.86689024
3/19/2021 13:20,4.562557995
3/19/2021 13:30,4.759617424
3/19/2021 13:40,3.532320642
3/19/2021 13:50,3.935273421
3/19/2021 14:00,5.565545535
3/19/2021 14:10,4.413705337
3/19/2021 14:20,4.148725653
3/19/2021 14:30,3.647538102
3/19/2021 14:40,3.583794391
3/19/2021 14:50,3.692218125
3/19/2021 15:00,5.192420733
3/19/2021 15:10,5.721099317
3/19/2021 15:20,5.158284247
3/19/2021 15:30,4.117002296
3/19/2021 15:40,4.363345206
3/19/2021 15:50,3.51591146
3/19/2021 16:00,3.396832955
3/19/2021 16:10,3.549138296
3/19/2021 16:20,3.434403396
3/19/2021 16:30,2.946952283
3/19/2021 16:40,2.977895904
3/19/2021 16:50,3.505126625
3/19/2021 17:00,3.953243959
3/19/2021 17:10,3.749831855
3/19/2021 17:20,3.140132141
3/19/2021 17:30,2.763350523
3/19/2021 17:40,2.742356253
3/19/2021 17:50,2.978712612
3/19/2021 18:00,3.405742967
3/19/2021 18:10,3.612139404
3/19/2021 18:20,3.821963988
3/19/2021 18:30,3.926810861
3/19/2021 18:40,3.98270272
3/19/2021 18:50,2.806972444
3/19/2021 19:00,2.813487834
3/19/2021 19:10,2.536999458
3/19/2021 19:20,2.299807775
3/19/2021 19:30,2.199028283
3/19/2021 19:40,2.816081256
3/19/2021 19:50,3.191265833
3/19/2021 20:00,3.213231277
3/19/2021 20:10,3.089679265
3/19/2021 20:20,2.391172391
3/19/2021 20:30,2.291176212
3/19/2021 20:40,2.292825407
3/19/2021 20:50,2.607412374
3/19/2021 21:00,2.573924863
3/19/2021 21:10,2.534447507
3/19/2021 21:20,1.673681295
3/19/2021 21:30,1.915968782
3/19/2021 21:40,2.14655624
3/19/2021 21:50,2.111850023
3/19/2021 22:00,1.709606123
3/19/2021 22:10,1.339631221
3/19/2021 22:20,1.338300005
3/19/2021 22:30,1.623468775
3/19/2021 22:40,2.118393749
3/19/2021 22:50,2.187675232
3/19/2021 23:00,2.547524983
3/19/2021 23:10,2.383724958
3/19/2021 23:20,2.548931259
3/19/2021 23:30,2.30225625
3/19/2021 23:40,2.42761879
3/19/2021 23:50,2.813062537
3/20/2021 0:00,3.492127858
3/20/2021 0:10,3.613494503
3/20/2021 0:20,3.313840067
3/20/2021 0:30,4.480214739
3/20/2021 0:40,3.39850353
3/20/2021 0:50,2.741354072
3/20/2021 1:00,4.49194622
3/20/2021 1:10,2.933191588
3/20/2021 1:20,2.823442027
3/20/2021 1:30,3.249372482
3/20/2021 1:40,2.665526175
3/20/2021 1:50,2.333480078
3/20/2021 2:00,2.87593205
3/20/2021 2:10,3.111416006
3/20/2021 2:20,3.021610558
3/20/2021 2:30,3.605048549
3/20/2021 2:40,4.035921264
3/20/2021 2:50,3.930950391
3/20/2021 3:00,3.356274021
3/20/2021 3:10,2.809329855
3/20/2021 3:20,3.227895665
3/20/2021 3:30,2.605532074
3/20/2021 3:40,3.099740207
3/20/2021 3:50,3.016153204
3/20/2021 4:00,2.884155321
3/20/2021 4:10,2.541450006
3/20/2021 4:20,2.156999999
3/20/2021 4:30,2.346506184
3/20/2021 4:40,2.259787506
3/20/2021 4:50,2.200425041
3/20/2021 5:00,2.199986878
3/20/2021 5:10,2.049412596
3/20/2021 5:20,2.300381261
3/20/2021 5:30,2.762212455
3/20/2021 5:40,2.8744847
3/20/2021 5:50,2.916658205
3/20/2021 6:00,2.709946251
3/20/2021 6:10,3.610598707
3/20/2021 6:20,2.470063072
3/20/2021 6:30,1.810618734
3/20/2021 6:40,1.834743822
3/20/2021 6:50,2.226093769
3/20/2021 7:00,3.145700097
3/20/2021 7:10,2.837711924
3/20/2021 7:20,2.606941599
3/20/2021 7:30,2.635467035
3/20/2021 7:40,2.455213046
3/20/2021 7:50,2.991743493
3/20/2021 8:00,3.342370677
3/20/2021 8:10,2.616038537
3/20/2021 8:20,2.367873314
3/20/2021 8:30,3.462086421
3/20/2021 8:40,2.280892521
3/20/2021 8:50,2.530706728
3/20/2021 9:00,2.806471241
3/20/2021 9:10,2.181740165
3/20/2021 9:20,2.143406266
3/20/2021 9:30,1.963950089
3/20/2021 9:40,2.173518795
3/20/2021 9:50,2.472375047
3/20/2021 10:00,2.439356185
3/20/2021 10:10,2.252953523
3/20/2021 10:20,2.715756249
3/20/2021 10:30,2.255377203
3/20/2021 10:40,2.437181407
3/20/2021 10:50,2.601497319
3/20/2021 11:00,2.185226589
3/20/2021 11:10,1.329416576
3/20/2021 11:20,2.305208362
3/20/2021 11:30,3.140230596
3/20/2021 11:40,3.467760307
3/20/2021 11:50,2.988736415
3/20/2021 12:00,2.90016723
3/20/2021 12:10,2.687167135
3/20/2021 12:20,2.457059142
3/20/2021 12:30,3.357042921
3/20/2021 12:40,3.13506459
3/20/2021 12:50,2.645719999
3/20/2021 13:00,3.686535998
3/20/2021 13:10,3.886845803
3/20/2021 13:20,3.659919333
3/20/2021 13:30,4.098476958
3/20/2021 13:40,4.947989762
3/20/2021 13:50,3.733519524
3/20/2021 14:00,4.452927935
3/20/2021 14:10,3.680467981
3/20/2021 14:20,4.711633408
3/20/2021 14:30,4.342499518
3/20/2021 14:40,4.65100832
3/20/2021 14:50,5.149300039
3/20/2021 15:00,4.970394683
3/20/2021 15:10,5.03512212
3/20/2021 15:20,4.324029851
3/20/2021 15:30,5.094280815
3/20/2021 15:40,5.349886405
3/20/2021 15:50,6.149169135
3/20/2021 16:00,6.410065031
3/20/2021 16:10,6.708758891
3/20/2021 16:20,6.44082315
3/20/2021 16:30,6.39218936
3/20/2021 16:40,6.059326625
3/20/2021 16:50,5.762512207
3/20/2021 17:00,4.666675007
3/20/2021 17:10,4.891504037
3/20/2021 17:20,5.892950988
3/20/2021 17:30,6.325958323
3/20/2021 17:40,5.66223762
3/20/2021 17:50,5.552985568
3/20/2021 18:00,6.025394225
3/20/2021 18:10,6.755531836
3/20/2021 18:20,6.806912804
3/20/2021 18:30,6.420478654
3/20/2021 18:40,6.082134071
3/20/2021 18:50,6.186219895
3/20/2021 19:00,8.55123086
3/20/2021 19:10,9.15273006
3/20/2021 19:20,10.49197743
3/20/2021 19:30,10.04668167
3/20/2021 19:40,11.7175478
3/20/2021 19:50,10.85420592
3/20/2021 20:00,11.45845945
3/20/2021 20:10,10.44604765
3/20/2021 20:20,7.536140633
3/20/2021 20:30,6.329522407
3/20/2021 20:40,6.918269253
3/20/2021 20:50,6.874694172
3/20/2021 21:00,5.866220868
3/20/2021 21:10,7.033468056
3/20/2021 21:20,6.05134474
3/20/2021 21:30,6.117816973
3/20/2021 21:40,5.482496965
3/20/2021 21:50,5.412831926
3/20/2021 22:00,5.665393209
3/20/2021 22:10,5.505811471
3/20/2021 22:20,5.086651659
3/20/2021 22:30,4.614830005
3/20/2021 22:40,4.584535897
3/20/2021 22:50,4.610820448
3/20/2021 23:00,3.888479304
3/20/2021 23:10,3.638182628
3/20/2021 23:20,3.759005868
3/20/2021 23:30,3.708330226
3/20/2021 23:40,4.009395492
3/20/2021 23:50,4.230753231
3/21/2021 0:00,4.135806036
3/21/2021 0:10,4.192978597
3/21/2021 0:20,4.498350263
3/21/2021 0:30,3.970191419
3/21/2021 0:40,4.508708203
3/21/2021 0:50,4.824864662
3/21/2021 1:00,4.509654915
3/21/2021 1:10,4.903606856
3/21/2021 1:20,3.238680446
3/21/2021 1:30,3.10710941
3/21/2021 1:40,3.013498795
3/21/2021 1:50,2.606051898
3/21/2021 2:00,2.742486161
3/21/2021 2:10,2.858650351
3/21/2021 2:20,2.99773922
3/21/2021 2:30,3.389834887
3/21/2021 2:40,4.838990748
3/21/2021 2:50,5.438188159
3/21/2021 3:00,6.421406722
3/21/2021 3:10,6.852706528
3/21/2021 3:20,6.250074768
3/21/2021 3:30,6.03669889
3/21/2021 3:40,4.128362477
3/21/2021 3:50,4.73491075
3/21/2021 4:00,4.342778027
3/21/2021 4:10,4.277864921
3/21/2021 4:20,4.521553349
3/21/2021 4:30,4.601149416
3/21/2021 4:40,4.268657899
3/21/2021 4:50,4.419459653
3/21/2021 5:00,4.437186837
3/21/2021 5:10,5.009672916
3/21/2021 5:20,5.539706576
3/21/2021 5:30,5.629066467
3/21/2021 5:40,5.272276592
3/21/2021 5:50,5.159342408
3/21/2021 6:00,5.603357339
3/21/2021 6:10,4.478544188
3/21/2021 6:20,4.640279055
3/21/2021 6:30,4.853413844
3/21/2021 6:40,4.702482104
3/21/2021 6:50,4.440620863
3/21/2021 7:00,3.954821682
3/21/2021 7:10,3.567793572
3/21/2021 7:20,4.332475829
3/21/2021 7:30,4.621401203
3/21/2021 7:40,4.632984126
3/21/2021 7:50,4.034956062
3/21/2021 8:00,5.038259184
3/21/2021 8:10,4.471898699
3/21/2021 8:20,4.372125328
3/21/2021 8:30,4.475834036
3/21/2021 8:40,4.23541255
3/21/2021 8:50,3.846639478
3/21/2021 9:00,4.779887748
3/21/2021 9:10,5.300472975
3/21/2021 9:20,5.084349895
3/21/2021 9:30,4.252545679
3/21/2021 9:40,4.612064254
3/21/2021 9:50,4.244229639
3/21/2021 10:00,4.27914573
3/21/2021 10:10,4.085260504
3/21/2021 10:20,4.031763327
3/21/2021 10:30,4.175452684
3/21/2021 10:40,3.646331513
3/21/2021 10:50,3.160049736
3/21/2021 11:00,2.793755865
3/21/2021 11:10,3.624242139
3/21/2021 11:20,3.296818304
3/21/2021 11:30,2.763925922
3/21/2021 11:40,2.767657065
3/21/2021 11:50,3.343833303
3/21/2021 12:00,4.115368795
3/21/2021 12:10,4.676531839
3/21/2021 12:20,4.871939194
3/21/2021 12:30,3.796762061
3/21/2021 12:40,4.562279594
3/21/2021 12:50,4.231347334
3/21/2021 13:00,4.785790515
3/21/2021 13:10,4.829468215
3/21/2021 13:20,4.26487124
3/21/2021 13:30,4.597733879
3/21/2021 13:40,4.338508558
3/21/2021 13:50,3.430096924
3/21/2021 14:00,3.085818344
3/21/2021 14:10,3.338082695
3/21/2021 14:20,2.741892195
3/21/2021 14:30,3.458887327
3/21/2021 14:40,2.798804885
3/21/2021 14:50,3.274747348
3/21/2021 15:00,2.74272759
3/21/2021 15:10,2.079716006
3/21/2021 15:20,2.80697881
3/21/2021 15:30,2.337028566
3/21/2021 15:40,2.279156315
3/21/2021 15:50,2.021981281
3/21/2021 16:00,2.276174963
3/21/2021 16:10,2.397900105
3/21/2021 16:20,1.837274957
3/21/2021 16:30,2.302481157
3/21/2021 16:40,1.625400007
3/21/2021 16:50,1.431637436
3/21/2021 17:00,0.950793797
3/21/2021 17:10,1.069575061
3/21/2021 17:20,1.291181314
3/21/2021 17:30,1.517193627
3/21/2021 17:40,1.761168897
3/21/2021 17:50,1.818093884
3/21/2021 18:00,0.954262461
3/21/2021 18:10,0.933525121
3/21/2021 18:20,1.742606273
3/21/2021 18:30,1.952362639
3/21/2021 18:40,1.728543669
3/21/2021 18:50,1.788300079
3/21/2021 19:00,1.881506228
3/21/2021 19:10,1.448662558
3/21/2021 19:20,2.405174965
3/21/2021 19:30,1.429856168
3/21/2021 19:40,1.234275126
3/21/2021 19:50,2.100131273
3/21/2021 20:00,2.067656416
3/21/2021 20:10,2.750681269
3/21/2021 20:20,3.026418793
3/21/2021 20:30,2.927721792
3/21/2021 20:40,2.74378562
3/21/2021 20:50,2.723812425
3/21/2021 21:00,2.75425477
3/21/2021 21:10,2.478434706
3/21/2021 21:20,2.124652022
3/21/2021 21:30,2.343485361
3/21/2021 21:40,2.383116263
3/21/2021 21:50,2.36134243
3/21/2021 22:00,3.015355021
3/21/2021 22:10,4.330823791
3/21/2021 22:20,2.622331166
3/21/2021 22:30,2.37966361
3/21/2021 22:40,2.283658415
3/21/2021 22:50,4.062428546
3/21/2021 23:00,5.101538849
3/21/2021 23:10,5.079876256
3/21/2021 23:20,4.98582015
3/21/2021 23:30,5.062297654
3/21/2021 23:40,5.869784999
3/21/2021 23:50,5.425695705
3/22/2021 0:00,4.483982956
3/22/2021 0:10,3.490926325
3/22/2021 0:20,2.852598917
3/22/2021 0:30,2.272502327
3/22/2021 0:40,1.806134212
3/22/2021 0:50,2.156549966
3/22/2021 1:00,2.39028765
3/22/2021 1:10,2.588277984
3/22/2021 1:20,2.286795437
3/22/2021 1:30,2.972884005
3/22/2021 1:40,3.791304648
3/22/2021 1:50,2.854585129
3/22/2021 2:00,2.506055784
3/22/2021 2:10,2.629217893
3/22/2021 2:20,4.680634034
3/22/2021 2:30,4.286830604
3/22/2021 2:40,5.372347105
3/22/2021 2:50,6.28556633
3/22/2021 3:00,6.405739927
3/22/2021 3:10,6.690637231
3/22/2021 3:20,6.404329252
3/22/2021 3:30,6.110540605
3/22/2021 3:40,5.97332654
3/22/2021 3:50,6.234333825
3/22/2021 4:00,5.796310676
3/22/2021 4:10,5.518044019
3/22/2021 4:20,5.687092805
3/22/2021 4:30,5.700532031
3/22/2021 4:40,5.880311913
3/22/2021 4:50,5.376622325
3/22/2021 5:00,5.686795783
3/22/2021 5:10,5.057749724
3/22/2021 5:20,5.385656381
3/22/2021 5:30,4.783730149
3/22/2021 5:40,5.205952811
3/22/2021 5:50,4.93501451
3/22/2021 6:00,5.181529593
3/22/2021 6:10,5.596247935
3/22/2021 6:20,5.035252047
3/22/2021 6:30,5.708755231
3/22/2021 6:40,6.081620145
3/22/2021 6:50,5.859631276
3/22/2021 7:00,5.123665261
3/22/2021 7:10,5.45947938
3/22/2021 7:20,5.585296011
3/22/2021 7:30,4.990108013
3/22/2021 7:40,5.211670184
3/22/2021 7:50,4.461002541
3/22/2021 8:00,4.159872338
3/22/2021 8:10,4.48452809
3/22/2021 8:20,4.002174658
3/22/2021 8:30,3.913557303
3/22/2021 8:40,3.329339647
3/22/2021 8:50,3.409975165
3/22/2021 9:00,3.388071436
3/22/2021 9:10,3.481941998
3/22/2021 9:20,3.062633681
3/22/2021 9:30,2.70755164
3/22/2021 9:40,2.166471094
3/22/2021 9:50,2.102531186
3/22/2021 10:00,2.831245202
3/22/2021 10:10,3.715978032
3/22/2021 10:20,2.860766548
3/22/2021 10:30,3.502416492
3/22/2021 10:40,3.741501462
3/22/2021 10:50,3.170537531
3/22/2021 11:00,3.943108797
3/22/2021 11:10,4.090680659
3/22/2021 11:20,4.494359314
3/22/2021 11:30,4.199939585
3/22/2021 11:40,4.278588927
3/22/2021 11:50,4.25922817
3/22/2021 12:00,4.323955649
3/22/2021 12:10,3.841367728
3/22/2021 12:20,4.087654996
3/22/2021 12:30,3.298655868
3/22/2021 12:40,4.781298494
3/22/2021 12:50,4.524412012
3/22/2021 13:00,3.732164466
3/22/2021 13:10,5.039985514
3/22/2021 13:20,4.032542884
3/22/2021 13:30,3.850834608
3/22/2021 13:40,3.536738455
3/22/2021 13:50,5.096155715
3/22/2021 14:00,4.283408265
3/22/2021 14:10,4.072409846
3/22/2021 14:20,4.51080569
3/22/2021 14:30,4.665598404
3/22/2021 14:40,3.349220109
3/22/2021 14:50,3.697341222
3/22/2021 15:00,4.497440708
3/22/2021 15:10,4.102179628
3/22/2021 15:20,4.165728915
3/22/2021 15:30,4.949790311
3/22/2021 15:40,4.093353677
3/22/2021 15:50,4.467332363
3/22/2021 16:00,3.457204401
3/22/2021 16:10,3.917548203
3/22/2021 16:20,4.486711609
3/22/2021 16:30,4.121160328
3/22/2021 16:40,3.641829654
3/22/2021 16:50,3.342277831
3/22/2021 17:00,3.75388267
3/22/2021 17:10,4.183456016
3/22/2021 17:20,4.282746792
3/22/2021 17:30,3.653737998
3/22/2021 17:40,4.116358903
3/22/2021 17:50,4.136942466
3/22/2021 18:00,4.834684289
3/22/2021 18:10,4.880867696
3/22/2021 18:20,5.212486815
3/22/2021 18:30,5.198657799
3/22/2021 18:40,5.455385873
3/22/2021 18:50,5.910256477
3/22/2021 19:00,5.913762394
3/22/2021 19:10,5.935440445
3/22/2021 19:20,5.834367776
3/22/2021 19:30,5.272814894
3/22/2021 19:40,5.347083426
3/22/2021 19:50,5.586818266
3/22/2021 20:00,5.483332276
3/22/2021 20:10,5.598159814
3/22/2021 20:20,5.995787168
3/22/2021 20:30,5.416470098
3/22/2021 20:40,5.446151638
3/22/2021 20:50,5.267042041
3/22/2021 21:00,5.173932481
3/22/2021 21:10,5.389034724
3/22/2021 21:20,5.237954569
3/22/2021 21:30,5.472640157
3/22/2021 21:40,5.553200496
3/22/2021 21:50,5.51188755
3/22/2021 22:00,5.282634473
3/22/2021 22:10,5.097492099
3/22/2021 22:20,5.367353678
3/22/2021 22:30,4.900757915
3/22/2021 22:40,4.92653141
3/22/2021 22:50,4.598624837
3/22/2021 23:00,4.649597585
3/22/2021 23:10,5.224645233
3/22/2021 23:20,5.094596481
3/22/2021 23:30,5.217368698
3/22/2021 23:40,4.965679741
3/22/2021 23:50,4.900952339
3/23/2021 0:00,5.055503726
3/23/2021 0:10,4.698602533
3/23/2021 0:20,4.483082194
3/23/2021 0:30,4.605872525
3/23/2021 0:40,4.726112175
3/23/2021 0:50,4.723587537
3/23/2021 1:00,4.910623407
3/23/2021 1:10,4.632037401
3/23/2021 1:20,4.664131975
3/23/2021 1:30,4.485820675
3/23/2021 1:40,4.260973096
3/23/2021 1:50,3.953206825
3/23/2021 2:00,3.841794682
3/23/2021 2:10,3.589159036
3/23/2021 2:20,3.606013823
3/23/2021 2:30,4.084480751
3/23/2021 2:40,4.492707253
3/23/2021 2:50,4.046186268
3/23/2021 3:00,3.80123558
3/23/2021 3:10,3.618877649
3/23/2021 3:20,3.642878854
3/23/2021 3:30,3.613141727
3/23/2021 3:40,3.700831056
3/23/2021 3:50,4.028403556
3/23/2021 4:00,4.195373201
3/23/2021 4:10,4.406335938
3/23/2021 4:20,3.878381419
3/23/2021 4:30,3.440584767
3/23/2021 4:40,3.439174032
3/23/2021 4:50,3.392712057
3/23/2021 5:00,2.300021654
3/23/2021 5:10,2.679075027
3/23/2021 5:20,3.379340696
3/23/2021 5:30,3.649505842
3/23/2021 5:40,2.358465296
3/23/2021 5:50,3.326146984
3/23/2021 6:00,4.28287673
3/23/2021 6:10,3.786070037
3/23/2021 6:20,3.825942254
3/23/2021 6:30,3.799453592
3/23/2021 6:40,3.955397069
3/23/2021 6:50,3.921446359
3/23/2021 7:00,4.798264611
3/23/2021 7:10,4.966737843
3/23/2021 7:20,4.945520949
3/23/2021 7:30,4.864217234
3/23/2021 7:40,5.289781046
3/23/2021 7:50,5.193497348
3/23/2021 8:00,5.020906122
3/23/2021 8:10,5.093556833
3/23/2021 8:20,5.655833554
3/23/2021 8:30,6.45125525
3/23/2021 8:40,5.329133558
3/23/2021 8:50,6.453371406
3/23/2021 9:00,6.154867792
3/23/2021 9:10,7.204855561
3/23/2021 9:20,6.862043476
3/23/2021 9:30,7.513828492
3/23/2021 9:40,6.619895649
3/23/2021 9:50,5.815303969
3/23/2021 10:00,5.871678245
3/23/2021 10:10,6.449454737
3/23/2021 10:20,6.551622748
3/23/2021 10:30,8.046590757
3/23/2021 10:40,8.201698971
3/23/2021 10:50,9.022681189
3/23/2021 11:00,8.912717032
3/23/2021 11:10,9.217420363
3/23/2021 11:20,7.804665709
3/23/2021 11:30,9.04115088
3/23/2021 11:40,9.355154204
3/23/2021 11:50,9.542338395
3/23/2021 12:00,9.638622141
3/23/2021 12:10,10.18508363
3/23/2021 12:20,9.073523927
3/23/2021 12:30,8.902897453
3/23/2021 12:40,8.718776035
3/23/2021 12:50,8.928859535
3/23/2021 13:00,10.27002559
3/23/2021 13:10,9.407500529
3/23/2021 13:20,9.125573111
3/23/2021 13:30,9.538815737
3/23/2021 13:40,9.281156214
3/23/2021 13:50,9.013956928
3/23/2021 14:00,8.558488774
3/23/2021 14:10,8.831673193
3/23/2021 14:20,9.413626075
3/23/2021 14:30,8.460330343
3/23/2021 14:40,7.926454306
3/23/2021 14:50,8.22785356
3/23/2021 15:00,8.706301928
3/23/2021 15:10,9.530829787
3/23/2021 15:20,8.585979891
3/23/2021 15:30,8.509261012
3/23/2021 15:40,8.332787466
3/23/2021 15:50,7.328426194
3/23/2021 16:00,8.693790913
3/23/2021 16:10,8.544789743
3/23/2021 16:20,8.171571994
3/23/2021 16:30,8.670829129
3/23/2021 16:40,7.740290999
3/23/2021 16:50,6.872159958
3/23/2021 17:00,5.910046983
3/23/2021 17:10,6.512508308
3/23/2021 17:20,6.091202577
3/23/2021 17:30,6.907520595
3/23/2021 17:40,8.251353693
3/23/2021 17:50,7.739938211
3/23/2021 18:00,8.036622787
3/23/2021 18:10,7.577776289
3/23/2021 18:20,6.883148885
3/23/2021 18:30,6.234816551
3/23/2021 18:40,6.566899633
3/23/2021 18:50,7.479766297
3/23/2021 19:00,8.012695646
3/23/2021 19:10,7.788961792
3/23/2021 19:20,7.849160028
3/23/2021 19:30,7.91962328
3/23/2021 19:40,7.287198973
3/23/2021 19:50,7.055111909
3/23/2021 20:00,6.909693265
3/23/2021 20:10,6.893376899
3/23/2021 20:20,6.784934664
3/23/2021 20:30,6.761287062
3/23/2021 20:40,6.873261429
3/23/2021 20:50,7.605211663
3/23/2021 21:00,7.421609974
3/23/2021 21:10,7.966809082
3/23/2021 21:20,7.743927153
3/23/2021 21:30,7.441861629
3/23/2021 21:40,7.361745882
3/23/2021 21:50,7.668788242
3/23/2021 22:00,7.421201587
3/23/2021 22:10,7.657316518
3/23/2021 22:20,7.262733507
3/23/2021 22:30,7.793899441
3/23/2021 22:40,6.96341331
3/23/2021 22:50,7.212948895
3/23/2021 23:00,7.316230607
3/23/2021 23:10,7.561218452
3/23/2021 23:20,8.033689857
3/23/2021 23:30,7.397608685
3/23/2021 23:40,7.869801569
3/23/2021 23:50,7.349290419
3/24/2021 0:00,7.334254813
3/24/2021 0:10,7.448711205
3/24/2021 0:20,7.311422968
3/24/2021 0:30,7.124944115
3/24/2021 0:40,7.595540595
3/24/2021 0:50,7.302011776
3/24/2021 1:00,7.837046994
3/24/2021 1:10,8.105068816
3/24/2021 1:20,7.912328315
3/24/2021 1:30,7.138383293
3/24/2021 1:40,6.723325872
3/24/2021 1:50,6.448786426
3/24/2021 2:00,5.855417562
3/24/2021 2:10,6.118058419
3/24/2021 2:20,6.31860764
3/24/2021 2:30,5.990478325
3/24/2021 2:40,5.94683795
3/24/2021 2:50,6.398018026
3/24/2021 3:00,6.01234498
3/24/2021 3:10,5.002693391
3/24/2021 3:20,5.320539093
3/24/2021 3:30,5.909211683
3/24/2021 3:40,5.307044172
3/24/2021 3:50,4.261102951
3/24/2021 4:00,4.931710458
3/24/2021 4:10,6.102967048
3/24/2021 4:20,6.627728963
3/24/2021 4:30,6.526359057
3/24/2021 4:40,6.194907093
3/24/2021 4:50,6.587021399
3/24/2021 5:00,6.036179197
3/24/2021 5:10,6.363621712
3/24/2021 5:20,6.285770535
3/24/2021 5:30,6.321967435
3/24/2021 5:40,6.674840593
3/24/2021 5:50,6.353338027
3/24/2021 6:00,6.21265285
3/24/2021 6:10,5.569072437
3/24/2021 6:20,5.720184853
3/24/2021 6:30,5.576584053
3/24/2021 6:40,5.802347398
3/24/2021 6:50,5.961483669
3/24/2021 7:00,6.611189699
3/24/2021 7:10,6.873162317
3/24/2021 7:20,7.202646661
3/24/2021 7:30,6.58984282
3/24/2021 7:40,6.677977514
3/24/2021 7:50,6.728671861
3/24/2021 8:00,6.476426053
3/24/2021 8:10,6.438836956
3/24/2021 8:20,6.627524662
3/24/2021 8:30,7.041078758
3/24/2021 8:40,6.91630156
3/24/2021 8:50,6.995656252
3/24/2021 9:00,6.442456627
3/24/2021 9:10,6.655275679
3/24/2021 9:20,6.177606845
3/24/2021 9:30,5.818255353
3/24/2021 9:40,6.010024619
3/24/2021 9:50,5.387271249
3/24/2021 10:00,6.039706016
3/24/2021 10:10,5.65015347
3/24/2021 10:20,6.765128541
3/24/2021 10:30,6.977966142
3/24/2021 10:40,7.202776694
3/24/2021 10:50,7.225422931
3/24/2021 11:00,6.507295394
3/24/2021 11:10,7.457082891
3/24/2021 11:20,7.295682001
3/24/2021 11:30,6.753415632
3/24/2021 11:40,7.161382246
3/24/2021 11:50,5.907299721
3/24/2021 12:00,5.625242519
3/24/2021 12:10,6.001356006
3/24/2021 12:20,6.424933648
3/24/2021 12:30,7.39796133
3/24/2021 12:40,6.925360036
3/24/2021 12:50,6.958995318
3/24/2021 13:00,8.040770882
3/24/2021 13:10,7.348584986
3/24/2021 13:20,7.448766971
3/24/2021 13:30,7.67097857
3/24/2021 13:40,5.958383656
3/24/2021 13:50,5.246753132
3/24/2021 14:00,3.95439477
3/24/2021 14:10,4.098532665
3/24/2021 14:20,4.703335929
3/24/2021 14:30,5.542732191
3/24/2021 14:40,5.477559292
3/24/2021 14:50,5.41273905
3/24/2021 15:00,5.887456441
3/24/2021 15:10,5.897498751
3/24/2021 15:20,4.35937283
3/24/2021 15:30,5.305076694
3/24/2021 15:40,6.120768476
3/24/2021 15:50,5.908246493
3/24/2021 16:00,5.986487293
3/24/2021 16:10,4.880032432
3/24/2021 16:20,5.070632172
3/24/2021 16:30,6.347360992
3/24/2021 16:40,5.483647752
3/24/2021 16:50,5.2429479
3/24/2021 17:00,5.665263343
3/24/2021 17:10,5.15403347
3/24/2021 17:20,4.651695156
3/24/2021 17:30,4.736637115
3/24/2021 17:40,4.37938323
3/24/2021 17:50,4.042585158
3/24/2021 18:00,4.325644803
3/24/2021 18:10,4.520421052
3/24/2021 18:20,4.705637741
3/24/2021 18:30,4.428058963
3/24/2021 18:40,4.725870836
3/24/2021 18:50,5.195873308
3/24/2021 19:00,5.404590106
3/24/2021 19:10,5.637363863
3/24/2021 19:20,5.623256373
3/24/2021 19:30,5.288648677
3/24/2021 19:40,5.129753757
3/24/2021 19:50,4.66203444
3/24/2021 20:00,5.16565367
3/24/2021 20:10,6.049339986
3/24/2021 20:20,6.193864925
3/24/2021 20:30,6.269398522
3/24/2021 20:40,6.531371069
3/24/2021 20:50,6.798633933
3/24/2021 21:00,7.314392996
3/24/2021 21:10,6.851332831
3/24/2021 21:20,4.882519746
3/24/2021 21:30,4.118673015
3/24/2021 21:40,5.983703065
3/24/2021 21:50,7.101703811
3/24/2021 22:00,7.118094587
3/24/2021 22:10,7.409525728
3/24/2021 22:20,7.604023695
3/24/2021 22:30,8.097619104
3/24/2021 22:40,8.207416224
3/24/2021 22:50,8.770008564
3/24/2021 23:00,8.331655121
3/24/2021 23:10,8.884799099
3/24/2021 23:20,8.205467153
3/24/2021 23:30,8.464989567
3/24/2021 23:40,7.824254086
3/24/2021 23:50,7.714284921
3/25/2021 0:00,7.913163567
3/25/2021 0:10,8.043398046
3/25/2021 0:20,7.974308372
3/25/2021 0:30,7.40404985
3/25/2021 0:40,6.891780472
3/25/2021 0:50,6.836371446
3/25/2021 1:00,6.814003611
3/25/2021 1:10,6.607310224
3/25/2021 1:20,6.979525495
3/25/2021 1:30,6.855049398
3/25/2021 1:40,6.199038706
3/25/2021 1:50,6.809214497
3/25/2021 2:00,5.94945519
3/25/2021 2:10,6.61427114
3/25/2021 2:20,6.741776967
3/25/2021 2:30,5.978988099
3/25/2021 2:40,6.239290023
3/25/2021 2:50,6.592126036
3/25/2021 3:00,6.649131393
3/25/2021 3:10,6.358034372
3/25/2021 3:20,7.308564377
3/25/2021 3:30,7.513011742
3/25/2021 3:40,7.694645667
3/25/2021 3:50,7.818457651
3/25/2021 4:00,7.668658304
3/25/2021 4:10,7.470169473
3/25/2021 4:20,7.255828214
3/25/2021 4:30,7.358608794
3/25/2021 4:40,7.432565789
3/25/2021 4:50,7.306237793
3/25/2021 5:00,6.608758044
3/25/2021 5:10,6.4726578
3/25/2021 5:20,6.993948483
3/25/2021 5:30,7.376651573
3/25/2021 5:40,7.182859087
3/25/2021 5:50,6.574491572
3/25/2021 6:00,6.747104311
3/25/2021 6:10,7.171721578
3/25/2021 6:20,6.544865894
3/25/2021 6:30,6.46135323
3/25/2021 6:40,6.493874788
3/25/2021 6:50,6.419123554
3/25/2021 7:00,6.581099939
3/25/2021 7:10,7.14230001
3/25/2021 7:20,7.166449809
3/25/2021 7:30,6.963914418
3/25/2021 7:40,7.177624512
3/25/2021 7:50,6.516688037
3/25/2021 8:00,6.006572056
3/25/2021 8:10,5.737564254
3/25/2021 8:20,6.443960142
3/25/2021 8:30,6.995582056
3/25/2021 8:40,6.632907915
3/25/2021 8:50,6.581044269
3/25/2021 9:00,6.410102248
3/25/2021 9:10,6.93647902
3/25/2021 9:20,6.641892147
3/25/2021 9:30,6.388031387
3/25/2021 9:40,6.157930684
3/25/2021 9:50,6.139189344
3/25/2021 10:00,5.896042846
3/25/2021 10:10,6.013254583
3/25/2021 10:20,5.446597075
3/25/2021 10:30,6.339038949
3/25/2021 10:40,7.623722659
3/25/2021 10:50,6.721700091
3/25/2021 11:00,6.44501822
3/25/2021 11:10,6.406872416
3/25/2021 11:20,6.866925311
3/25/2021 11:30,7.002264524
3/25/2021 11:40,7.674728298
3/25/2021 11:50,8.293676186
3/25/2021 12:00,7.073952889
3/25/2021 12:10,6.737600374
3/25/2021 12:20,8.152953911
3/25/2021 12:30,7.649408937
3/25/2021 12:40,9.232655674
3/25/2021 12:50,9.380025914
3/25/2021 13:00,6.51557436
3/25/2021 13:10,7.06522851
3/25/2021 13:20,7.65377121
3/25/2021 13:30,8.141278243
3/25/2021 13:40,6.750037265
3/25/2021 13:50,7.68370666
3/25/2021 14:00,7.96144464
3/25/2021 14:10,7.687740469
3/25/2021 14:20,7.17567544
3/25/2021 14:30,6.668325126
3/25/2021 14:40,6.156464171
3/25/2021 14:50,6.892281616
3/25/2021 15:00,7.073117566
3/25/2021 15:10,5.902900434
3/25/2021 15:20,5.070483649
3/25/2021 15:30,5.285455918
3/25/2021 15:40,5.534861755
3/25/2021 15:50,5.723809481
3/25/2021 16:00,5.38373464
3/25/2021 16:10,5.258521855
3/25/2021 16:20,8.575918984
3/25/2021 16:30,6.401173615
3/25/2021 16:40,5.066511333
3/25/2021 16:50,7.456674552
3/25/2021 17:00,6.092572069
3/25/2021 17:10,7.03944521
3/25/2021 17:20,5.959293389
3/25/2021 17:30,6.318347716
3/25/2021 17:40,5.9171193
3/25/2021 17:50,7.533875966
3/25/2021 18:00,6.850181866
3/25/2021 18:10,6.749833059
3/25/2021 18:20,6.755977297
3/25/2021 18:30,6.766595006
3/25/2021 18:40,7.151674056
3/25/2021 18:50,7.205226874
3/25/2021 19:00,8.163850117
3/25/2021 19:10,8.104282975
3/25/2021 19:20,8.370784783
3/25/2021 19:30,8.189893317
3/25/2021 19:40,8.257386494
3/25/2021 19:50,8.167154241
3/25/2021 20:00,8.284604047
3/25/2021 20:10,9.059193587
3/25/2021 20:20,7.596060348
3/25/2021 20:30,6.934771276
3/25/2021 20:40,7.105100822
3/25/2021 20:50,6.505791974
3/25/2021 21:00,6.258001065
3/25/2021 21:10,7.976387429
3/25/2021 21:20,9.01356709
3/25/2021 21:30,8.719258642
3/25/2021 21:40,8.717513776
3/25/2021 21:50,8.744707823
3/25/2021 22:00,8.013586688
3/25/2021 22:10,8.294325924
3/25/2021 22:20,7.350886822
3/25/2021 22:30,7.630530763
3/25/2021 22:40,7.917154574
3/25/2021 22:50,7.399316478
3/25/2021 23:00,7.202386737
3/25/2021 23:10,7.08973105
3/25/2021 23:20,6.964786863
3/25/2021 23:30,7.399836135
3/25/2021 23:40,8.032575941
3/25/2021 23:50,7.634503317
3/26/2021 0:00,8.179403431
3/26/2021 0:10,8.189076471
3/26/2021 0:20,8.086586419
3/26/2021 0:30,7.456990075
3/26/2021 0:40,7.563167572
3/26/2021 0:50,7.577423596
3/26/2021 1:00,8.055185223
3/26/2021 1:10,8.151561666
3/26/2021 1:20,8.24396584
3/26/2021 1:30,7.764261325
3/26/2021 1:40,8.100118796
3/26/2021 1:50,8.482995105
3/26/2021 2:00,7.628451872
3/26/2021 2:10,7.23592937
3/26/2021 2:20,7.488750505
3/26/2021 2:30,9.17294476
3/26/2021 2:40,8.153752041
3/26/2021 2:50,6.65026381
3/26/2021 3:00,6.257834005
3/26/2021 3:10,7.084849024
3/26/2021 3:20,7.081953216
3/26/2021 3:30,8.066935229
3/26/2021 3:40,8.573756367
3/26/2021 3:50,8.459938873
3/26/2021 4:00,8.447949076
3/26/2021 4:10,8.933080053
3/26/2021 4:20,8.676342058
3/26/2021 4:30,8.844611144
3/26/2021 4:40,8.1835078
3/26/2021 4:50,8.528584623
3/26/2021 5:00,7.723529029
3/26/2021 5:10,8.539462185
3/26/2021 5:20,8.170959592
3/26/2021 5:30,8.893393397
3/26/2021 5:40,9.387954116
3/26/2021 5:50,8.564930034
3/26/2021 6:00,9.182300234
3/26/2021 6:10,9.109386659
3/26/2021 6:20,9.482158761
3/26/2021 6:30,9.959604883
3/26/2021 6:40,10.03933079
3/26/2021 6:50,10.33449323
3/26/2021 7:00,10.748177
3/26/2021 7:10,9.671552014
3/26/2021 7:20,11.12922812
3/26/2021 7:30,9.52101016
3/26/2021 7:40,10.28146007
3/26/2021 7:50,10.75008903
3/26/2021 8:00,9.946494906
3/26/2021 8:10,10.52791443
3/26/2021 8:20,9.902116799
3/26/2021 8:30,10.87826302
3/26/2021 8:40,12.06930728
3/26/2021 8:50,12.5610651
3/26/2021 9:00,12.13795149
3/26/2021 9:10,12.61255751
3/26/2021 9:20,12.49823098
3/26/2021 9:30,13.05943091
3/26/2021 9:40,11.43985286
3/26/2021 9:50,11.51146989
3/26/2021 10:00,11.42854838
3/26/2021 10:10,12.97021968
3/26/2021 10:20,9.896789408
3/26/2021 10:30,10.96559949
3/26/2021 10:40,11.55332546
3/26/2021 10:50,13.03839979
3/26/2021 11:00,9.389253569
3/26/2021 11:10,9.317138267
3/26/2021 11:20,8.063259935
3/26/2021 11:30,6.586687279
3/26/2021 11:40,9.191562796
3/26/2021 11:50,7.957397962
3/26/2021 12:00,8.442714548
3/26/2021 12:10,8.796590066
3/26/2021 12:20,6.815896916
3/26/2021 12:30,5.391169441
3/26/2021 12:40,6.350813675
3/26/2021 12:50,6.506293082
3/26/2021 13:00,6.061906767
3/26/2021 13:10,6.10864718
3/26/2021 13:20,6.615162134
3/26/2021 13:30,6.420163083
3/26/2021 13:40,6.171481228
3/26/2021 13:50,5.242892277
3/26/2021 14:00,6.896885169
3/26/2021 14:10,10.10921867
3/26/2021 14:20,7.930593729
3/26/2021 14:30,8.575325012
3/26/2021 14:40,9.29740634
3/26/2021 14:50,11.36161199
3/26/2021 15:00,9.037679744
3/26/2021 15:10,7.484128451
3/26/2021 15:20,6.91401844
3/26/2021 15:30,6.871658659
3/26/2021 15:40,7.106845593
3/26/2021 15:50,6.533227301
3/26/2021 16:00,6.720595121
3/26/2021 16:10,6.950734973
3/26/2021 16:20,6.558268023
3/26/2021 16:30,8.323283386
3/26/2021 16:40,8.917747426
3/26/2021 16:50,7.338375735
3/26/2021 17:00,7.901246405
3/26/2021 17:10,10.22146597
3/26/2021 17:20,11.59349494
3/26/2021 17:30,10.30342248
3/26/2021 17:40,8.647329021
3/26/2021 17:50,8.876791636
3/26/2021 18:00,9.35411654
3/26/2021 18:10,11.07086754
3/26/2021 18:20,10.63065791
3/26/2021 18:30,9.182485795
3/26/2021 18:40,9.192268348
3/26/2021 18:50,9.429868412
3/26/2021 19:00,8.528714657
3/26/2021 19:10,9.201141119
3/26/2021 19:20,8.44431088
3/26/2021 19:30,8.716195774
3/26/2021 19:40,8.571278358
3/26/2021 19:50,8.714562321
3/26/2021 20:00,8.288126063
3/26/2021 20:10,8.145733023
3/26/2021 20:20,7.862654901
3/26/2021 20:30,7.02470665
3/26/2021 20:40,7.895881844
3/26/2021 20:50,8.038144803
3/26/2021 21:00,7.900541162
3/26/2021 21:10,9.107140636
3/26/2021 21:20,8.908373451
3/26/2021 21:30,10.8678494
3/26/2021 21:40,10.56630158
3/26/2021 21:50,11.07016215
3/26/2021 22:00,10.05984244
3/26/2021 22:10,9.814056396
3/26/2021 22:20,9.942508823
3/26/2021 22:30,9.270175195
3/26/2021 22:40,9.738785481
3/26/2021 22:50,9.697223902
3/26/2021 23:00,9.44555366
3/26/2021 23:10,9.776225996
3/26/2021 23:20,9.671143699
3/26/2021 23:30,9.897513247
3/26/2021 23:40,9.097599649
3/26/2021 23:50,9.530532694
3/27/2021 0:00,9.158076191
3/27/2021 0:10,8.864621639
3/27/2021 0:20,9.327273369
3/27/2021 0:30,8.604022717
3/27/2021 0:40,8.851386523
3/27/2021 0:50,9.789126968
3/27/2021 1:00,10.66984315
3/27/2021 1:10,10.41382911
3/27/2021 1:20,10.62655563
3/27/2021 1:30,9.956226492
3/27/2021 1:40,9.877781391
3/27/2021 1:50,9.885763264
3/27/2021 2:00,10.23657584
3/27/2021 2:10,10.71361346
3/27/2021 2:20,10.6504642
3/27/2021 2:30,9.780936944
3/27/2021 2:40,10.41865559
3/27/2021 2:50,11.09704075
3/27/2021 3:00,10.75302186
3/27/2021 3:10,10.1793293
3/27/2021 3:20,10.04785094
3/27/2021 3:30,9.988621988
3/27/2021 3:40,9.911546612
3/27/2021 3:50,10.42413154
3/27/2021 4:00,11.02939892
3/27/2021 4:10,11.43905463
3/27/2021 4:20,12.17904882
3/27/2021 4:30,11.92942023
3/27/2021 4:40,12.10012107
3/27/2021 4:50,11.27919431
3/27/2021 5:00,12.0021111
3/27/2021 5:10,12.76018496
3/27/2021 5:20,11.51026044
3/27/2021 5:30,11.32714143
3/27/2021 5:40,10.5435997
3/27/2021 5:50,10.49208865
3/27/2021 6:00,10.29101973
3/27/2021 6:10,10.53498662
3/27/2021 6:20,9.658428311
3/27/2021 6:30,10.10958986
3/27/2021 6:40,9.937756872
3/27/2021 6:50,10.23967588
3/27/2021 7:00,10.54874141
3/27/2021 7:10,9.969275951
3/27/2021 7:20,9.167598605
3/27/2021 7:30,8.66325562
3/27/2021 7:40,9.165761018
3/27/2021 7:50,9.005548024
3/27/2021 8:00,10.26224785
3/27/2021 8:10,9.446388912
3/27/2021 8:20,8.37245543
3/27/2021 8:30,8.995264506
3/27/2021 8:40,8.111893535
3/27/2021 8:50,8.387045503
3/27/2021 9:00,7.908689904
3/27/2021 9:10,8.622492433
3/27/2021 9:20,7.049877429
3/27/2021 9:30,7.967217588
3/27/2021 9:40,8.742239213
3/27/2021 9:50,7.580913424
3/27/2021 10:00,6.54284265
3/27/2021 10:10,9.488711357
3/27/2021 10:20,9.205911684
3/27/2021 10:30,7.652286124
3/27/2021 10:40,8.290316486
3/27/2021 10:50,9.016165805
3/27/2021 11:00,8.69245441
3/27/2021 11:10,6.960350323
3/27/2021 11:20,8.034673572
3/27/2021 11:30,8.030385756
3/27/2021 11:40,7.843461442
3/27/2021 11:50,8.80650239
3/27/2021 12:00,8.460775805
3/27/2021 12:10,8.852890038
3/27/2021 12:20,8.344648862
3/27/2021 12:30,8.917042089
3/27/2021 12:40,8.776059747
3/27/2021 12:50,7.697652936
3/27/2021 13:00,8.208418727
3/27/2021 13:10,7.920031667
3/27/2021 13:20,7.471041918
3/27/2021 13:30,9.832711673
3/27/2021 13:40,8.794752359
3/27/2021 13:50,8.809843659
3/27/2021 14:00,8.770027184
3/27/2021 14:10,7.918936467
3/27/2021 14:20,6.860502744
3/27/2021 14:30,5.86141324
3/27/2021 14:40,6.867185116
3/27/2021 14:50,7.69769001
3/27/2021 15:00,7.273703885
3/27/2021 15:10,6.513328278
3/27/2021 15:20,6.478412139
3/27/2021 15:30,7.798929882
3/27/2021 15:40,8.177363491
3/27/2021 15:50,6.997549653
3/27/2021 16:00,6.737136269
3/27/2021 16:10,6.48613222
3/27/2021 16:20,6.687584199
3/27/2021 16:30,7.130791211
3/27/2021 16:40,6.896736693
3/27/2021 16:50,7.007202184
3/27/2021 17:00,6.331824112
3/27/2021 17:10,7.564114308
3/27/2021 17:20,7.233980227
3/27/2021 17:30,6.345337749
3/27/2021 17:40,6.500037456
3/27/2021 17:50,6.796981812
3/27/2021 18:00,8.496174502
3/27/2021 18:10,7.397664356
3/27/2021 18:20,7.443829274
3/27/2021 18:30,6.954020596
3/27/2021 18:40,8.00638442
3/27/2021 18:50,7.022441912
3/27/2021 19:00,5.599143732
3/27/2021 19:10,7.184956646
3/27/2021 19:20,8.483607626
3/27/2021 19:30,7.422630835
3/27/2021 19:40,6.898797011
3/27/2021 19:50,8.191526723
3/27/2021 20:00,7.72070756
3/27/2021 20:10,7.17656641
3/27/2021 20:20,7.208066893
3/27/2021 20:30,8.645936751
3/27/2021 20:40,7.986281228
3/27/2021 20:50,9.131471952
3/27/2021 21:00,9.328554249
3/27/2021 21:10,9.595130301
3/27/2021 21:20,7.597211123
3/27/2021 21:30,8.139885998
3/27/2021 21:40,7.518691874
3/27/2021 21:50,7.760524201
3/27/2021 22:00,7.49504323
3/27/2021 22:10,7.935698485
3/27/2021 22:20,9.276820278
3/27/2021 22:30,8.859516907
3/27/2021 22:40,9.955447006
3/27/2021 22:50,9.013362741
3/27/2021 23:00,10.24314718
3/27/2021 23:10,9.129619861
3/27/2021 23:20,8.045439935
3/27/2021 23:30,8.230248141
3/27/2021 23:40,10.08265569
3/27/2021 23:50,10.3943759
3/28/2021 0:00,10.09785821
3/28/2021 0:10,9.805963087
3/28/2021 0:20,9.87581377
3/28/2021 0:30,9.946796799
3/28/2021 0:40,9.853891492
3/28/2021 0:50,10.48056149
3/28/2021 1:00,10.72380438
3/28/2021 1:10,10.7431838
3/28/2021 1:20,10.63765593
3/28/2021 1:30,11.29632771
3/28/2021 1:40,11.97578945
3/28/2021 1:50,11.69729032
3/28/2021 2:00,10.75621467
3/28/2021 2:10,11.17268291
3/28/2021 2:20,10.78706546
3/28/2021 2:30,11.0565558
3/28/2021 2:40,11.5019074
3/28/2021 2:50,10.68155608
3/28/2021 3:00,12.35383325
3/28/2021 3:10,12.16069059
3/28/2021 3:20,11.73017035
3/28/2021 3:30,12.13282824
3/28/2021 3:40,12.55629451
3/28/2021 3:50,11.59091458
3/28/2021 4:00,11.59163842
3/28/2021 4:10,11.50335534
3/28/2021 4:20,11.51655326
3/28/2021 4:30,10.80059755
3/28/2021 4:40,10.61050364
3/28/2021 4:50,12.17284875
3/28/2021 5:00,12.77947149
3/28/2021 5:10,11.45173299
3/28/2021 5:20,11.47877841
3/28/2021 5:30,11.64983201
3/28/2021 5:40,11.06644967
3/28/2021 5:50,12.11357889
3/28/2021 6:00,12.22211385
3/28/2021 6:10,12.50209198
3/28/2021 6:20,12.41067176
3/28/2021 6:30,12.35651317
3/28/2021 6:40,12.74746966
3/28/2021 6:50,11.93404245
3/28/2021 7:00,11.48115449
3/28/2021 7:10,12.68096027
3/28/2021 7:20,12.69623723
3/28/2021 7:30,12.73791003
3/28/2021 7:40,12.16991608
3/28/2021 7:50,11.39094062
3/28/2021 8:00,12.60206962
3/28/2021 8:10,12.57392898
3/28/2021 8:20,12.45995507
3/28/2021 8:30,12.115992
3/28/2021 8:40,11.29801681
3/28/2021 8:50,11.40484081
3/28/2021 9:00,12.14121842
3/28/2021 9:10,11.27774656
3/28/2021 9:20,11.99865856
3/28/2021 9:30,11.37248955
3/28/2021 9:40,12.47686543
3/28/2021 9:50,12.82175679
3/28/2021 10:00,12.60058465
3/28/2021 10:10,11.08382411
3/28/2021 10:20,12.51014807
3/28/2021 10:30,10.18237345
3/28/2021 10:40,10.97176218
3/28/2021 10:50,10.2923007
3/28/2021 11:00,11.18253956
3/28/2021 11:10,12.23984113
3/28/2021 11:20,12.42223606
3/28/2021 11:30,13.46713796
3/28/2021 11:40,11.88592844
3/28/2021 11:50,13.02083969
3/28/2021 12:00,13.45958285
3/28/2021 12:10,15.24820971
3/28/2021 12:20,11.17333255
3/28/2021 12:30,12.67258849
3/28/2021 12:40,11.40753565
3/28/2021 12:50,12.88022881
3/28/2021 13:00,12.95132313
3/28/2021 13:10,11.96656388
3/28/2021 13:20,12.1936274
3/28/2021 13:30,13.30926375
3/28/2021 13:40,13.04105415
3/28/2021 13:50,10.8141109
3/28/2021 14:00,10.97417541
3/28/2021 14:10,9.211461878
3/28/2021 14:20,12.03706427
3/28/2021 14:30,10.69090971
3/28/2021 14:40,11.85977399
3/28/2021 14:50,11.63732078
3/28/2021 15:00,10.68745914
3/28/2021 15:10,9.743871546
3/28/2021 15:20,11.85554152
3/28/2021 15:30,11.33176339
3/28/2021 15:40,12.34568424
3/28/2021 15:50,12.59167466
3/28/2021 16:00,11.44950542
3/28/2021 16:10,10.97638438
3/28/2021 16:20,11.78676744
3/28/2021 16:30,12.04422941
3/28/2021 16:40,11.45199294
3/28/2021 16:50,10.27743208
3/28/2021 17:00,10.16007984
3/28/2021 17:10,10.58510551
3/28/2021 17:20,8.90230341
3/28/2021 17:30,8.982994533
3/28/2021 17:40,10.52342231
3/28/2021 17:50,10.02921436
3/28/2021 18:00,9.810213947
3/28/2021 18:10,10.08063233
3/28/2021 18:20,9.935956287
3/28/2021 18:30,9.349993992
3/28/2021 18:40,11.07166576
3/28/2021 18:50,10.83801959
3/28/2021 19:00,11.23768868
3/28/2021 19:10,13.19471455
3/28/2021 19:20,11.35439119
3/28/2021 19:30,10.98236144
3/28/2021 19:40,10.52073064
3/28/2021 19:50,12.12182059
3/28/2021 20:00,10.4009655
3/28/2021 20:10,10.97032419
3/28/2021 20:20,10.29324732
3/28/2021 20:30,10.10043852
3/28/2021 20:40,10.58746295
3/28/2021 20:50,10.44477296
3/28/2021 21:00,10.54075963
3/28/2021 21:10,11.12052224
3/28/2021 21:20,11.40844526
3/28/2021 21:30,12.16852388
3/28/2021 21:40,12.09891458
3/28/2021 21:50,11.2111629
3/28/2021 22:00,11.72454591
3/28/2021 22:10,11.2194418
3/28/2021 22:20,12.58848186
3/28/2021 22:30,11.62925389
3/28/2021 22:40,12.07506662
3/28/2021 22:50,11.71610007
3/28/2021 23:00,10.89942424
3/28/2021 23:10,11.26553259
3/28/2021 23:20,11.42873392
3/28/2021 23:30,11.79887013
3/28/2021 23:40,11.85903134
3/28/2021 23:50,11.18716173
3/29/2021 0:00,11.29567795
3/29/2021 0:10,12.19560642
3/29/2021 0:20,11.21324184
3/29/2021 0:30,11.58541377
3/29/2021 0:40,12.72883291
3/29/2021 0:50,11.53853116
3/29/2021 1:00,10.5540319
3/29/2021 1:10,10.74800997
3/29/2021 1:20,11.47545571
3/29/2021 1:30,11.29319057
3/29/2021 1:40,11.53925514
3/29/2021 1:50,11.28207154
3/29/2021 2:00,10.47614367
3/29/2021 2:10,11.34644647
3/29/2021 2:20,11.86857233
3/29/2021 2:30,11.47978072
3/29/2021 2:40,11.70212259
3/29/2021 2:50,12.55208077
3/29/2021 3:00,11.79293027
3/29/2021 3:10,11.40647769
3/29/2021 3:20,11.45730171
3/29/2021 3:30,11.27202935
3/29/2021 3:40,9.93283782
3/29/2021 3:50,10.67058585
3/29/2021 4:00,9.328851247
3/29/2021 4:10,9.000164962
3/29/2021 4:20,9.410841656
3/29/2021 4:30,8.690987921
3/29/2021 4:40,8.96747632
3/29/2021 4:50,8.813760376
3/29/2021 5:00,9.211183476
3/29/2021 5:10,9.239417171
3/29/2021 5:20,9.686160707
3/29/2021 5:30,9.285099387
3/29/2021 5:40,8.247251368
3/29/2021 5:50,9.326159549
3/29/2021 6:00,9.434750104
3/29/2021 6:10,9.086294985
3/29/2021 6:20,9.415834975
3/29/2021 6:30,8.808414388
3/29/2021 6:40,9.477258301
3/29/2021 6:50,9.166299343
3/29/2021 7:00,8.78040359
3/29/2021 7:10,9.281553864
3/29/2021 7:20,9.265849924
3/29/2021 7:30,8.057171416
3/29/2021 7:40,8.46781106
3/29/2021 7:50,9.226553249
3/29/2021 8:00,8.954389668
3/29/2021 8:10,8.651412702
3/29/2021 8:20,9.42630446
3/29/2021 8:30,9.126687074
3/29/2021 8:40,10.30343814
3/29/2021 8:50,9.980320501
3/29/2021 9:00,9.940652633
3/29/2021 9:10,9.013659978
3/29/2021 9:20,9.769153666
3/29/2021 9:30,10.86276331
3/29/2021 9:40,8.909839869
3/29/2021 9:50,7.799059844
3/29/2021 10:00,8.156157374
3/29/2021 10:10,8.914276314
3/29/2021 10:20,9.93009069
3/29/2021 10:30,10.00263298
3/29/2021 10:40,8.881346393
3/29/2021 10:50,8.988711834
3/29/2021 11:00,10.13429663
3/29/2021 11:10,9.544714475
3/29/2021 11:20,11.20804443
3/29/2021 11:30,11.2852644
3/29/2021 11:40,10.21617579
3/29/2021 11:50,9.124496579
3/29/2021 12:00,10.1842484
3/29/2021 12:10,8.9250983
3/29/2021 12:20,9.37037549
3/29/2021 12:30,9.500312948
3/29/2021 12:40,8.137881088
3/29/2021 12:50,8.938871598
3/29/2021 13:00,10.31838093
3/29/2021 13:10,8.81446569
3/29/2021 13:20,9.480803847
3/29/2021 13:30,10.22567964
3/29/2021 13:40,9.228613639
3/29/2021 13:50,10.31576362
3/29/2021 14:00,9.794213033
3/29/2021 14:10,9.867609215
3/29/2021 14:20,9.882551861
3/29/2021 14:30,9.716937304
3/29/2021 14:40,9.189001274
3/29/2021 14:50,9.945720339
3/29/2021 15:00,9.735214585
3/29/2021 15:10,8.469654015
3/29/2021 15:20,8.30538919
3/29/2021 15:30,8.415576196
3/29/2021 15:40,8.303978372
3/29/2021 15:50,7.376447439
3/29/2021 16:00,9.510670972
3/29/2021 16:10,10.04090962
3/29/2021 16:20,9.318456149
3/29/2021 16:30,9.002299738
3/29/2021 16:40,8.289796662
3/29/2021 16:50,8.786863232
3/29/2021 17:00,8.375555396
3/29/2021 17:10,6.847026372
3/29/2021 17:20,6.893154049
3/29/2021 17:30,7.547909188
3/29/2021 17:40,6.829856014
3/29/2021 17:50,7.212781882
3/29/2021 18:00,5.443905485
3/29/2021 18:10,4.947544158
3/29/2021 18:20,4.741853252
3/29/2021 18:40,5.836218766
3/29/2021 18:50,5.491629696
3/29/2021 19:00,5.201312232
3/29/2021 19:10,5.348772693
3/29/2021 19:20,5.277882409
3/29/2021 19:30,6.099737048
3/29/2021 19:40,5.083737278
3/29/2021 19:50,5.735523387
3/29/2021 20:00,5.363098727
3/29/2021 20:10,5.550528479
3/29/2021 20:20,5.108796668
3/29/2021 20:30,5.134635687
3/29/2021 20:40,5.739958811
3/29/2021 20:50,6.25326767
3/29/2021 21:00,6.664946747
3/29/2021 21:10,6.490626264
3/29/2021 21:20,6.108498621
3/29/2021 21:30,5.106030881
3/29/2021 21:40,5.21337769
3/29/2021 21:50,6.961983871
3/29/2021 22:00,7.377839684
3/29/2021 22:10,6.955235858
3/29/2021 22:20,7.779569244
3/29/2021 22:30,8.273647261
3/29/2021 22:40,8.37856257
3/29/2021 22:50,8.79081707
3/29/2021 23:00,8.71892457
3/29/2021 23:10,8.069478321
3/29/2021 23:20,7.55464747
3/29/2021 23:30,7.34782393
3/29/2021 23:40,7.550266576
3/29/2021 23:50,7.524576068
3/30/2021 0:00,7.301083636
3/30/2021 0:10,7.584347415
3/30/2021 0:20,7.651042414
3/30/2021 0:30,7.104079866
3/30/2021 0:40,6.772367978
3/30/2021 0:50,6.567345166
3/30/2021 1:00,7.424691367
3/30/2021 1:10,7.761962188
3/30/2021 1:20,8.244281435
3/30/2021 1:30,8.374181867
3/30/2021 1:40,8.480916166
3/30/2021 1:50,8.737375641
3/30/2021 2:00,8.582193136
3/30/2021 2:10,8.373123717
3/30/2021 2:20,7.105602026
3/30/2021 2:30,7.412588525
3/30/2021 2:40,7.090232158
3/30/2021 2:50,7.137845039
3/30/2021 3:00,6.448377991
3/30/2021 3:10,6.767578816
3/30/2021 3:20,7.267039967
3/30/2021 3:30,7.931967306
3/30/2021 3:40,8.079613447
3/30/2021 3:50,8.020157766
3/30/2021 4:00,8.044567418
3/30/2021 4:10,8.117870831
3/30/2021 4:20,8.080782914
3/30/2021 4:30,8.224363947
3/30/2021 4:40,7.953184247
3/30/2021 4:50,8.486317825
3/30/2021 5:00,8.059900045
3/30/2021 5:10,7.730415726
3/30/2021 5:20,6.969483137
3/30/2021 5:30,6.125669003
3/30/2021 5:40,5.715437794
3/30/2021 5:50,5.654459977
3/30/2021 6:00,5.632036424
3/30/2021 6:10,5.369878221
3/30/2021 6:20,5.516948915
3/30/2021 6:30,5.955395198
3/30/2021 6:40,5.783989
3/30/2021 6:50,5.880421209
3/30/2021 7:00,5.614754748
3/30/2021 7:10,4.94333055
3/30/2021 7:20,4.870342779
3/30/2021 7:30,6.145790792
3/30/2021 7:40,6.848195863
3/30/2021 7:50,6.993094707
3/30/2021 8:00,6.416599011
3/30/2021 8:10,6.103839493
3/30/2021 8:20,7.464712024
3/30/2021 8:30,6.49814415
3/30/2021 8:40,6.190285039
3/30/2021 8:50,6.192549658
3/30/2021 9:00,5.354471326
3/30/2021 9:10,6.179167045
3/30/2021 9:20,4.948337823
3/30/2021 9:30,3.439823741
3/30/2021 9:40,2.889520789
3/30/2021 9:50,2.62272107
3/30/2021 10:00,2.024859342
3/30/2021 10:10,1.798068699
3/30/2021 10:20,2.862744021
3/30/2021 10:30,2.777007473
3/30/2021 10:40,3.262486386
3/30/2021 10:50,2.329934794
3/30/2021 11:00,2.529325467
3/30/2021 11:10,2.78928743
3/30/2021 11:20,3.522787491
3/30/2021 11:30,3.529981869
3/30/2021 11:40,4.585315573
3/30/2021 11:50,4.169534123
3/30/2021 12:00,4.104918098
3/30/2021 12:10,2.660681337
3/30/2021 12:20,3.453745538
3/30/2021 12:30,3.964771163
3/30/2021 12:40,4.174731755
3/30/2021 12:50,4.00811466
3/30/2021 13:00,4.201981497
3/30/2021 13:10,3.534325385
3/30/2021 13:20,3.895087624
3/30/2021 13:30,4.585928178
3/30/2021 13:40,4.608258867
3/30/2021 13:50,4.522370255
3/30/2021 14:00,4.654275346
3/30/2021 14:10,3.998220837
3/30/2021 14:20,4.339028311
3/30/2021 14:30,4.531410027
3/30/2021 14:40,4.982647959
3/30/2021 14:50,4.406725669
3/30/2021 15:00,4.142247319
3/30/2021 15:10,4.576609719
3/30/2021 15:20,4.245399165
3/30/2021 15:30,3.942867506
3/30/2021 15:40,4.031095111
3/30/2021 15:50,3.859707391
3/30/2021 16:00,4.255924118
3/30/2021 16:10,3.225334042
3/30/2021 16:20,4.288495024
3/30/2021 16:30,4.476056826
3/30/2021 16:40,4.395012939
3/30/2021 16:50,3.873462307
3/30/2021 17:00,4.078947168
3/30/2021 17:10,4.028700399
3/30/2021 17:20,3.914913366
3/30/2021 17:30,4.107535374
3/30/2021 17:40,3.546892202
3/30/2021 17:50,3.624650598
3/30/2021 18:00,3.981217623
3/30/2021 18:10,4.245491946
3/30/2021 18:20,3.893509853
3/30/2021 18:30,4.541099715
3/30/2021 18:40,5.122458673
3/30/2021 18:50,4.976446033
3/30/2021 19:00,4.753826046
3/30/2021 19:10,5.415393591
3/30/2021 19:20,5.333922601
3/30/2021 19:30,4.813040388
3/30/2021 19:40,4.670201874
3/30/2021 19:50,4.294645381
3/30/2021 20:00,4.089418471
3/30/2021 20:10,3.967128694
3/30/2021 20:20,4.063263834
3/30/2021 20:30,3.911496854
3/30/2021 20:40,3.88742131
3/30/2021 20:50,4.00031836
3/30/2021 21:00,4.168197691
3/30/2021 21:10,4.896887195
3/30/2021 21:20,5.365478873
3/30/2021 21:30,5.307526755
3/30/2021 21:40,5.028588223
3/30/2021 21:50,5.093686771
3/30/2021 22:00,4.624686706
3/30/2021 22:10,4.422689521
3/30/2021 22:20,4.420350671
3/30/2021 22:30,4.166898286
3/30/2021 22:40,4.947952652
3/30/2021 22:50,5.162627959
3/30/2021 23:00,4.607794714
3/30/2021 23:10,4.614959908
3/30/2021 23:20,5.175736929
3/30/2021 23:30,5.12605983
3/30/2021 23:40,4.460538507
3/30/2021 23:50,4.541675258
3/31/2021 0:00,4.513924265
3/31/2021 0:10,4.916210747
3/31/2021 0:20,5.124463391
3/31/2021 0:30,4.400767231
3/31/2021 0:40,4.878231859
3/31/2021 0:50,6.127952194
3/31/2021 1:00,6.724551034
3/31/2021 1:10,6.780312681
3/31/2021 1:20,8.072299933
3/31/2021 1:30,7.356418419
3/31/2021 1:40,6.954596066
3/31/2021 1:50,7.448878312
3/31/2021 2:00,6.145902216
3/31/2021 2:10,5.562723994
3/31/2021 2:20,6.396922803
3/31/2021 2:30,6.383056641
3/31/2021 2:40,6.78768208
3/31/2021 2:50,6.72945137
3/31/2021 3:00,7.607364964
3/31/2021 3:10,7.849401331
3/31/2021 3:20,8.180816293
3/31/2021 3:30,7.832453775
3/31/2021 3:40,7.90559001
3/31/2021 3:50,7.665001416
3/31/2021 4:00,7.661845899
3/31/2021 4:10,7.647181511
3/31/2021 4:20,7.750648808
3/31/2021 4:30,7.967978692
3/31/2021 4:40,7.684102273
3/31/2021 4:50,8.403529072
3/31/2021 5:00,8.411436701
3/31/2021 5:10,8.223974013
3/31/2021 5:20,8.237487483
3/31/2021 5:30,7.839414716
3/31/2021 5:40,7.99585948
3/31/2021 5:50,7.957268095
3/31/2021 6:00,8.119448709
3/31/2021 6:10,7.756180477
3/31/2021 6:20,7.83102448
3/31/2021 6:30,7.726387572
3/31/2021 6:40,7.505790901
3/31/2021 6:50,8.015535665
3/31/2021 7:00,7.805556726
3/31/2021 7:10,7.42094183
3/31/2021 7:20,6.947598004
3/31/2021 7:30,6.441806936
3/31/2021 7:40,6.271922922
3/31/2021 7:50,6.081547888
3/31/2021 8:00,5.236348453
3/31/2021 8:10,5.486896157
3/31/2021 8:20,5.453279495
3/31/2021 8:30,4.497812009
3/31/2021 8:40,3.200645912
3/31/2021 8:50,2.87892071
3/31/2021 9:00,2.638387758
3/31/2021 9:10,2.832588619
3/31/2021 9:20,3.001525944
3/31/2021 9:30,2.513833469
3/31/2021 9:40,2.916509694
3/31/2021 9:50,3.448622465
3/31/2021 10:00,2.335058028
3/31/2021 10:10,2.595092413
3/31/2021 10:20,3.124652618
3/31/2021 10:30,3.319111729
3/31/2021 10:40,3.564099669
3/31/2021 10:50,3.001525933
3/31/2021 11:00,1.901007399
3/31/2021 11:10,2.109825063
3/31/2021 11:20,1.927406222
3/31/2021 11:30,1.952306247
3/31/2021 11:40,1.906349971
3/31/2021 11:50,2.888742489
3/31/2021 12:00,2.034085545
3/31/2021 12:10,2.467588937
3/31/2021 12:20,2.619386204
3/31/2021 12:30,3.344839388
3/31/2021 12:40,3.034251684
3/31/2021 12:50,3.648002183
3/31/2021 13:00,3.776454663
3/31/2021 13:10,3.194434354
3/31/2021 13:20,3.081344783
3/31/2021 13:30,2.257534604
3/31/2021 13:40,3.012473768
3/31/2021 13:50,4.329508185
3/31/2021 14:00,3.967685544
3/31/2021 14:10,3.643250191
3/31/2021 14:20,3.80090152
3/31/2021 14:30,3.385064286
3/31/2021 14:40,3.770458925
3/31/2021 14:50,3.710984671
3/31/2021 15:00,4.859780693
3/31/2021 15:10,4.498999989
3/31/2021 15:20,5.296593487
3/31/2021 15:30,4.680337
3/31/2021 15:40,5.028458214
3/31/2021 15:50,4.69667213
3/31/2021 16:00,4.556098235
3/31/2021 16:10,4.983369875
3/31/2021 16:20,5.499054754
3/31/2021 16:30,5.175807261
3/31/2021 16:40,4.289169443
3/31/2021 16:50,4.870921147
3/31/2021 17:00,4.724608576
3/31/2021 17:10,4.139871359
3/31/2021 17:20,3.846361005
3/31/2021 17:30,4.126506245
3/31/2021 17:40,3.923562467
3/31/2021 17:50,3.647630918
3/31/2021 18:00,4.172021496
3/31/2021 18:10,4.18585062
3/31/2021 18:20,3.288502181
3/31/2021 18:30,3.429131711
3/31/2021 18:40,3.013108945
3/31/2021 18:50,3.029054189
3/31/2021 19:00,3.01067735
3/31/2021 19:10,3.638275397
3/31/2021 19:20,4.017525887
3/31/2021 19:30,3.614404011
3/31/2021 19:40,3.767953014
3/31/2021 19:50,3.799899077
3/31/2021 20:00,3.972233307
3/31/2021 20:10,4.320428717
3/31/2021 20:20,3.919534421
3/31/2021 20:30,3.668489831
3/31/2021 20:40,3.130590975
3/31/2021 20:50,3.428185046
3/31/2021 21:00,2.924640042
3/31/2021 21:10,2.334148443
3/31/2021 21:20,2.291361856
3/31/2021 21:30,1.955465627
3/31/2021 21:40,1.943343788
3/31/2021 21:50,1.39198024
3/31/2021 22:00,0.879299873
3/31/2021 22:10,0.523068735
3/31/2021 22:20,0.831768675
3/31/2021 22:30,3.745968783
3/31/2021 22:40,5.05348593
3/31/2021 22:50,5.356610509
3/31/2021 23:00,5.914242065
3/31/2021 23:10,6.009798953
3/31/2021 23:20,5.276731563
3/31/2021 23:30,4.63452481
3/31/2021 23:40,4.406632984
3/31/2021 23:50,5.997234988
4/1/2021 0:00,6.143229091
4/1/2021 0:10,5.175287533
4/1/2021 0:20,5.031437987
4/1/2021 0:30,5.516651917
4/1/2021 0:40,5.808138943
4/1/2021 0:50,6.120601559
4/1/2021 1:00,7.83059752
4/1/2021 1:10,7.868929052
4/1/2021 1:20,6.717924094
4/1/2021 1:30,7.079243231
4/1/2021 1:40,7.042489409
4/1/2021 1:50,6.045441866
4/1/2021 2:00,6.541858792
4/1/2021 2:10,6.272349882
4/1/2021 2:20,5.592386973
4/1/2021 2:30,8.014125013
4/1/2021 2:40,9.323727918
4/1/2021 2:50,8.789035082
4/1/2021 3:00,10.09641063
4/1/2021 3:10,8.929293394
4/1/2021 3:20,9.587036943
4/1/2021 3:30,9.783001256
4/1/2021 3:40,8.000815582
4/1/2021 3:50,8.440449882
4/1/2021 4:00,10.57604702
4/1/2021 4:10,8.850495529
4/1/2021 4:20,10.21095967
4/1/2021 4:30,9.035210943
4/1/2021 4:40,8.657705355
4/1/2021 4:50,9.17542819
4/1/2021 5:00,9.483513856
4/1/2021 5:10,9.007676506
4/1/2021 5:20,9.245507638
4/1/2021 5:30,8.658652163
4/1/2021 5:40,9.74947839
4/1/2021 5:50,10.57672764
4/1/2021 6:00,10.16525884
4/1/2021 6:10,9.199173617
4/1/2021 6:20,10.51210408
4/1/2021 6:30,9.109757972
4/1/2021 6:40,9.438722539
4/1/2021 6:50,9.351237535
4/1/2021 7:00,9.866532636
4/1/2021 7:10,9.544306087
4/1/2021 7:20,8.959383202
4/1/2021 7:30,9.230314681
4/1/2021 7:40,9.630603147
4/1/2021 7:50,9.984033132
4/1/2021 8:00,9.667208409
4/1/2021 8:10,10.2232667
4/1/2021 8:20,9.643652678
4/1/2021 8:30,8.672091384
4/1/2021 8:40,9.610213586
4/1/2021 8:50,8.951939416
4/1/2021 9:00,9.24749167
4/1/2021 9:10,9.719699985
4/1/2021 9:20,10.18020172
4/1/2021 9:30,9.141165733
4/1/2021 9:40,9.062479305
4/1/2021 9:50,9.17973845
4/1/2021 10:00,8.84767304
4/1/2021 10:10,7.747177601
4/1/2021 10:20,8.891407347
4/1/2021 10:30,9.460292387
4/1/2021 10:40,7.801008821
4/1/2021 10:50,8.355637884
4/1/2021 11:00,8.329854488
4/1/2021 11:10,8.944588971
4/1/2021 11:20,6.925397253
4/1/2021 11:30,7.940858912
4/1/2021 11:40,7.854747248
4/1/2021 11:50,8.150621791
4/1/2021 12:00,6.938003222
4/1/2021 12:10,7.653622603
4/1/2021 12:20,8.205986929
4/1/2021 12:30,7.872511744
4/1/2021 12:40,9.067119932
4/1/2021 12:50,9.549132252
4/1/2021 13:00,9.325862527
4/1/2021 13:10,8.822540379
4/1/2021 13:20,8.684416866
4/1/2021 13:30,7.821706057
4/1/2021 13:40,8.79697988
4/1/2021 13:50,8.984089828
4/1/2021 14:00,9.203962588
4/1/2021 14:10,8.519025087
4/1/2021 14:20,8.731509948
4/1/2021 14:30,7.765647292
4/1/2021 14:40,8.022477984
4/1/2021 14:50,8.392651391
4/1/2021 15:00,6.699417448
4/1/2021 15:10,6.868651652
4/1/2021 15:20,7.992536855
4/1/2021 15:30,7.437332439
4/1/2021 15:40,7.330282426
4/1/2021 15:50,7.091791439
4/1/2021 16:00,7.860761476
4/1/2021 16:10,7.900355434
4/1/2021 16:20,7.692882371
4/1/2021 16:30,6.014312553
4/1/2021 16:40,6.550731683
4/1/2021 16:50,6.625779963
4/1/2021 17:00,7.718572831
4/1/2021 17:10,7.905200148
4/1/2021 17:20,8.537142086
4/1/2021 17:30,7.199231219
4/1/2021 17:40,6.447914028
4/1/2021 17:50,7.481381202
4/1/2021 18:00,9.279289198
4/1/2021 18:10,8.477259302
4/1/2021 18:20,8.477667665
4/1/2021 18:30,8.230637932
4/1/2021 18:40,9.078999877
4/1/2021 18:50,8.581543422
4/1/2021 19:00,7.170125198
4/1/2021 19:10,8.003841352
4/1/2021 19:20,8.06851306
4/1/2021 19:30,8.816229105
4/1/2021 19:40,9.324618888
4/1/2021 19:50,9.596726751
4/1/2021 20:00,7.839488947
4/1/2021 20:10,6.818328762
4/1/2021 20:20,8.31509726
4/1/2021 20:30,8.166059017
4/1/2021 20:40,7.702126503
4/1/2021 20:50,8.135107542
4/1/2021 21:00,7.575047493
4/1/2021 21:10,7.08497901
4/1/2021 21:20,8.892125255
4/1/2021 21:30,7.331340456
4/1/2021 21:40,6.949473699
4/1/2021 21:50,8.654994362
4/1/2021 22:00,9.607177305
4/1/2021 22:10,7.47117188
4/1/2021 22:20,8.349605107
4/1/2021 22:30,7.629621291
4/1/2021 22:40,6.395307887
4/1/2021 22:50,6.020902145
4/1/2021 23:00,5.637456679
4/1/2021 23:10,6.181170917
4/1/2021 23:20,6.137456274
4/1/2021 23:30,6.302235508
4/1/2021 23:40,6.024392009
4/1/2021 23:50,6.33908205
4/2/2021 0:00,6.383632135
4/2/2021 0:10,6.90995326
4/2/2021 0:20,6.408208895
4/2/2021 0:30,7.026989746
4/2/2021 0:40,7.085832906
4/2/2021 0:50,6.325661433
4/2/2021 1:00,5.67150023
4/2/2021 1:10,5.413017511
4/2/2021 1:20,5.105956554
4/2/2021 1:30,6.120360184
4/2/2021 1:40,6.792396879
4/2/2021 1:50,6.311962271
4/2/2021 2:00,6.294847631
4/2/2021 2:10,7.536883092
4/2/2021 2:20,7.044271457
4/2/2021 2:30,8.776245546
4/2/2021 2:40,7.015351045
4/2/2021 2:50,7.481381202
4/2/2021 3:00,5.942624187
4/2/2021 3:10,5.976092339
4/2/2021 3:20,8.198729014
4/2/2021 3:30,8.142317486
4/2/2021 3:40,7.635951185
4/2/2021 3:50,7.513642836
4/2/2021 4:00,6.337782645
4/2/2021 4:10,7.163628364
4/2/2021 4:20,7.262288117
4/2/2021 4:30,7.184789562
4/2/2021 4:40,6.29343698
4/2/2021 4:50,6.612470543
4/2/2021 5:00,9.074043822
4/2/2021 5:10,7.774297476
4/2/2021 5:20,6.873552108
4/2/2021 5:30,7.371194243
4/2/2021 5:40,5.874963808
4/2/2021 5:50,6.428200603
4/2/2021 6:00,5.765445089
4/2/2021 6:10,7.071929598
4/2/2021 6:20,6.033728921
4/2/2021 6:30,5.034453881
4/2/2021 6:40,6.880419254
4/2/2021 6:50,7.477858318
4/2/2021 7:00,7.638791227
4/2/2021 7:10,6.146811748
4/2/2021 7:20,6.370397043
4/2/2021 7:30,6.027491903
4/2/2021 7:40,5.453019714
4/2/2021 7:50,4.571393657
4/2/2021 8:00,5.914520609
4/2/2021 8:10,7.231567097
4/2/2021 8:20,5.697339344
4/2/2021 8:30,5.420182681
4/2/2021 8:40,5.545739388
4/2/2021 8:50,5.54106164
4/2/2021 9:00,5.309308779
4/2/2021 9:10,6.601462984
4/2/2021 9:20,7.020028842
4/2/2021 9:30,7.050241448
4/2/2021 9:40,5.448820604
4/2/2021 9:50,5.13167462
4/2/2021 10:00,5.210243702
4/2/2021 10:10,5.067532206
4/2/2021 10:20,5.642711931
4/2/2021 10:30,5.720560932
4/2/2021 10:40,5.554556477
4/2/2021 10:50,4.894121397
4/2/2021 11:00,5.817754245
4/2/2021 11:10,5.552718949
4/2/2021 11:20,6.257035816
4/2/2021 11:30,5.760581803
4/2/2021 11:40,6.575549746
4/2/2021 11:50,5.677087605
4/2/2021 12:00,5.334479535
4/2/2021 12:10,6.062352324
4/2/2021 12:20,6.953426552
4/2/2021 12:30,6.229340589
4/2/2021 12:40,5.648649848
4/2/2021 12:50,5.525654769
4/2/2021 13:00,4.659425936
4/2/2021 13:10,4.697527873
4/2/2021 13:20,5.794810998
4/2/2021 13:30,5.737025881
4/2/2021 13:40,5.62383182
4/2/2021 13:50,5.002285057
4/2/2021 14:00,4.610282195
4/2/2021 14:10,4.897796774
4/2/2021 14:20,5.934438133
4/2/2021 14:30,4.988326061
4/2/2021 14:40,4.505385435
4/2/2021 14:50,4.499835253
4/2/2021 15:00,6.136416698
4/2/2021 15:10,4.641801226
4/2/2021 15:20,4.706621575
4/2/2021 15:30,4.685441756
4/2/2021 15:40,5.743225849
4/2/2021 15:50,6.622345853
4/2/2021 16:00,5.836576569
4/2/2021 16:10,5.282059038
4/2/2021 16:20,4.082308996
4/2/2021 16:30,6.052013111
4/2/2021 16:40,4.736080205
4/2/2021 16:50,5.175361812
4/2/2021 17:00,5.597157538
4/2/2021 17:10,5.836242497
4/2/2021 17:20,5.141169631
4/2/2021 17:30,5.265965378
4/2/2021 17:40,5.580655479
4/2/2021 17:50,5.768619287
4/2/2021 18:00,4.370009172
4/2/2021 18:10,5.639647067
4/2/2021 18:20,6.021013594
4/2/2021 18:30,5.395234609
4/2/2021 18:40,5.361153889
4/2/2021 18:50,5.350419822
4/2/2021 19:00,4.753361893
4/2/2021 19:10,4.691196072
4/2/2021 19:20,3.741464448
4/2/2021 19:30,3.621754801
4/2/2021 19:40,5.006108892
4/2/2021 19:50,5.172521782
4/2/2021 20:00,5.853412724
4/2/2021 20:10,5.575198114
4/2/2021 20:20,5.693162775
4/2/2021 20:30,4.176290977
4/2/2021 20:40,4.864495587
4/2/2021 20:50,5.244711351
4/2/2021 21:00,3.498202741
4/2/2021 21:10,2.68631615
4/2/2021 21:20,2.751730418
4/2/2021 21:30,3.592630208
4/2/2021 21:40,4.856290996
4/2/2021 21:50,5.314691973
4/2/2021 22:00,5.70771575
4/2/2021 22:10,6.72378993
4/2/2021 22:20,7.041784024
4/2/2021 22:30,7.111282063
4/2/2021 22:40,6.772665
4/2/2021 22:50,6.695890355
4/2/2021 23:00,6.213618112
4/2/2021 23:10,5.744265294
4/2/2021 23:20,5.334293962
4/2/2021 23:30,6.958494115
4/2/2021 23:40,6.301957011
4/2/2021 23:50,6.097546816
4/3/2021 0:00,6.786809611
4/3/2021 0:10,6.513254023
4/3/2021 0:20,6.962559342
4/3/2021 0:30,7.316379118
4/3/2021 0:40,7.04482832
4/3/2021 0:50,6.867519307
4/3/2021 1:00,6.229841685
4/3/2021 1:10,6.393303132
4/3/2021 1:20,6.415522504
4/3/2021 1:30,6.790058041
4/3/2021 1:40,6.553553176
4/3/2021 1:50,6.056932068
4/3/2021 2:00,6.119209242
4/3/2021 2:10,6.689597821
4/3/2021 2:20,6.677775333
4/3/2021 2:30,6.716791797
4/3/2021 2:40,7.021235347
4/3/2021 2:50,7.123756075
4/3/2021 3:00,7.668342757
4/3/2021 3:10,6.863249922
4/3/2021 3:20,5.882982814
4/3/2021 3:30,6.746139121
4/3/2021 3:40,6.407577693
4/3/2021 3:50,4.946356237
4/3/2021 4:00,5.212189817
4/3/2021 4:10,4.515669203
4/3/2021 4:20,4.592981863
4/3/2021 4:30,5.272472488
4/3/2021 4:40,5.031391013
4/3/2021 4:50,5.012401605
4/3/2021 5:00,5.76763556
4/3/2021 5:10,5.636658454
4/3/2021 5:20,5.017858946
4/3/2021 5:30,4.593501663
4/3/2021 5:40,5.233165383
4/3/2021 5:50,5.569146693
4/3/2021 6:00,6.735317039
4/3/2021 6:10,5.312538707
4/3/2021 6:20,6.392694473
4/3/2021 6:30,5.939779656
4/3/2021 6:40,5.050361943
4/3/2021 6:50,6.384136225
4/3/2021 7:00,6.928849828
4/3/2021 7:10,6.131813192
4/3/2021 7:20,4.634951723
4/3/2021 7:30,4.751041591
4/3/2021 7:40,4.103618693
4/3/2021 7:50,4.337747467
4/3/2021 8:00,5.262123001
4/3/2021 8:10,5.287349498
4/3/2021 8:20,4.198658741
4/3/2021 8:30,3.791675913
4/3/2021 8:40,4.010045171
4/3/2021 8:50,5.528513324
4/3/2021 9:00,4.557100552
4/3/2021 9:10,4.913946104
4/3/2021 9:20,5.427477705
4/3/2021 9:30,5.841180193
4/3/2021 9:40,4.762123477
4/3/2021 9:50,5.776916778
4/3/2021 10:00,6.41576364
4/3/2021 10:10,5.447648312
4/3/2021 10:20,5.41302899
4/3/2021 10:30,5.71929878
4/3/2021 10:40,5.54778808
4/3/2021 10:50,4.993560708
4/3/2021 11:00,5.752080154
4/3/2021 11:10,4.718928456
4/3/2021 11:20,4.23251673
4/3/2021 11:30,5.927013195
4/3/2021 11:40,5.571262884
4/3/2021 11:50,5.864308906
4/3/2021 12:00,5.19256928
4/3/2021 12:10,5.794476771
4/3/2021 12:20,5.247477174
4/3/2021 12:30,5.557285321
4/3/2021 12:40,5.081676918
4/3/2021 12:50,5.733317508
4/3/2021 13:00,5.802774227
4/3/2021 13:10,6.125149179
4/3/2021 13:20,5.167973867
4/3/2021 13:30,5.968574631
4/3/2021 13:40,5.885525978
4/3/2021 13:50,6.179852939
4/3/2021 14:00,5.300918579
4/3/2021 14:10,4.869396114
4/3/2021 14:20,5.909750021
4/3/2021 14:30,5.767913902
4/3/2021 14:40,4.740256774
4/3/2021 14:50,3.848646243
4/3/2021 15:00,4.350350543
4/3/2021 15:10,4.300919425
4/3/2021 15:20,3.819111282
4/3/2021 15:30,4.354528093
4/3/2021 15:40,5.360596848
4/3/2021 15:50,4.905314505
4/3/2021 16:00,4.685812938
4/3/2021 16:10,4.48307336
4/3/2021 16:20,5.041284764
4/3/2021 16:30,4.803128004
4/3/2021 16:40,5.106513453
4/3/2021 16:50,4.855856161
4/3/2021 17:00,3.626785195
4/3/2021 17:10,3.526250732
4/3/2021 17:20,5.163630331
4/3/2021 17:30,4.198231864
4/3/2021 17:40,4.277196693
4/3/2021 17:50,4.519307339
4/3/2021 18:00,2.978397042
4/3/2021 18:10,2.598552662
4/3/2021 18:20,2.735116929
4/3/2021 18:30,3.67937268
4/3/2021 18:40,3.585910523
4/3/2021 18:50,3.586615932
4/3/2021 19:00,3.804224217
4/3/2021 19:10,3.939786077
4/3/2021 19:20,3.528956294
4/3/2021 19:30,3.924319373
4/3/2021 19:40,4.669273806
4/3/2021 19:50,4.868746543
4/3/2021 20:00,3.758207643
4/3/2021 20:10,2.588974386
4/3/2021 20:20,1.684442294
4/3/2021 20:30,1.560890383
4/3/2021 20:40,1.508376986
4/3/2021 20:50,2.107147595
4/3/2021 21:00,2.045445764
4/3/2021 21:10,2.35458566
4/3/2021 21:20,2.073679373
4/3/2021 21:30,2.071656042
4/3/2021 21:40,2.592074329
4/3/2021 21:50,2.88076712
4/3/2021 22:00,2.644866025
4/3/2021 22:10,3.029926538
4/3/2021 22:20,3.847400594
4/3/2021 22:30,2.668124807
4/3/2021 22:40,1.905118981
4/3/2021 22:50,1.725900054
4/3/2021 23:00,2.637487519
4/3/2021 23:10,2.378100032
4/3/2021 23:20,2.669025064
4/3/2021 23:30,2.492549843
4/3/2021 23:40,2.196337479
4/3/2021 23:50,2.230143768
4/4/2021 0:00,2.732043731
4/4/2021 0:10,2.730862451
4/4/2021 0:20,2.421918762
4/4/2021 0:30,2.28515631
4/4/2021 0:40,2.020387572
4/4/2021 0:50,1.670156121
4/4/2021 1:00,1.589568642
4/4/2021 1:10,1.56397492
4/4/2021 1:20,1.385343689
4/4/2021 1:30,1.248637506
4/4/2021 1:40,1.138125187
4/4/2021 1:50,0.747112393
4/4/2021 2:00,0.479831243
4/4/2021 2:10,0.528449833
4/4/2021 2:20,0.843543625
4/4/2021 2:30,1.25570634
4/4/2021 2:40,1.514887464
4/4/2021 2:50,1.600781065
4/4/2021 3:00,1.873462468
4/4/2021 3:10,2.33139385
4/4/2021 3:20,2.750831211
4/4/2021 3:30,3.293925047
4/4/2021 3:40,3.265818787
4/4/2021 3:50,2.637374943
4/4/2021 4:00,2.50083735
4/4/2021 4:10,2.141118801
4/4/2021 4:20,2.22884224
4/4/2021 4:30,2.828662527
4/4/2021 4:40,2.960499489
4/4/2021 4:50,3.408824432
4/4/2021 5:00,3.675975811
4/4/2021 5:10,3.789355695
4/4/2021 5:20,4.281503141
4/4/2021 5:30,4.161849344
4/4/2021 5:40,4.062242901
4/4/2021 5:50,4.566456199
4/4/2021 6:00,5.785935151
4/4/2021 6:10,6.021589041
4/4/2021 6:20,6.230435777
4/4/2021 6:30,5.897870016
4/4/2021 6:40,5.936721444
4/4/2021 6:50,4.950310111
4/4/2021 7:00,4.676494598
4/4/2021 7:10,5.152771187
4/4/2021 7:20,6.68703618
4/4/2021 7:30,6.695439188
4/4/2021 7:40,6.772999024
4/4/2021 7:50,6.065730786
4/4/2021 8:00,6.397032286
4/4/2021 8:10,6.734686065
4/4/2021 8:20,5.879845762
4/4/2021 8:30,6.064264202
4/4/2021 8:40,5.299226497
4/4/2021 8:50,5.084182715
4/4/2021 9:00,5.293976259
4/4/2021 9:10,4.378826296
4/4/2021 9:20,4.682397532
4/4/2021 9:30,5.06851598
4/4/2021 9:40,3.990257502
4/4/2021 9:50,3.626246935
4/4/2021 10:00,4.763219595
4/4/2021 10:10,4.220803753
4/4/2021 10:20,4.488140929
4/4/2021 10:30,4.17038815
4/4/2021 10:40,4.210390246
4/4/2021 10:50,4.424490154
4/4/2021 11:00,4.493449819
4/4/2021 11:10,4.594819647
4/4/2021 11:20,4.960222328
4/4/2021 11:30,5.153290904
4/4/2021 11:40,4.343446231
4/4/2021 11:50,5.756683683
4/4/2021 12:00,5.791952419
4/4/2021 12:10,5.210751709
4/4/2021 12:20,4.745621443
4/4/2021 12:30,5.237806141
4/4/2021 12:40,5.903977036
4/4/2021 12:50,6.364289951
4/4/2021 13:00,6.349440002
4/4/2021 13:10,6.23617146
4/4/2021 13:20,6.019844186
4/4/2021 13:30,5.442383349
4/4/2021 13:40,5.480659235
4/4/2021 13:50,6.18673954
4/4/2021 14:00,6.67807045
4/4/2021 14:10,6.523036504
4/4/2021 14:20,5.868058586
4/4/2021 14:30,6.566194296
4/4/2021 14:40,5.865849638
4/4/2021 14:50,5.636510026
4/4/2021 15:00,5.72180475
4/4/2021 15:10,7.638438535
4/4/2021 15:20,6.74875648
4/4/2021 15:30,5.699219026
4/4/2021 15:40,5.785392716
4/4/2021 15:50,5.891298842
4/4/2021 16:00,7.173503518
4/4/2021 16:10,6.93735735
4/4/2021 16:20,8.08912275
4/4/2021 16:30,6.359779263
4/4/2021 16:40,5.385842049
4/4/2021 16:50,4.989124191
4/4/2021 17:00,4.509692025
4/4/2021 17:10,4.437910831
4/4/2021 17:20,4.574846339
4/4/2021 17:30,4.720413375
4/4/2021 17:40,4.27936362
4/4/2021 17:50,4.284729458
4/4/2021 18:00,5.003213179
4/4/2021 18:10,6.92868185
4/4/2021 18:20,6.187352157
4/4/2021 18:30,5.878286529
4/4/2021 18:40,6.166302299
4/4/2021 18:50,6.165448403
4/4/2021 19:00,6.269615274
4/4/2021 19:10,6.717937424
4/4/2021 19:20,6.932042503
4/4/2021 19:30,7.847229433
4/4/2021 19:40,7.514812303
4/4/2021 19:50,6.407169318
4/4/2021 20:00,6.277120495
4/4/2021 20:10,5.374110413
4/4/2021 20:20,6.698526207
4/4/2021 20:30,6.496120834
4/4/2021 20:40,6.874127603
4/4/2021 20:50,6.913145876
4/4/2021 21:00,7.759948611
4/4/2021 21:10,8.429025703
4/4/2021 21:20,8.255614365
4/4/2021 21:30,6.599792385
4/4/2021 21:40,6.570738215
4/4/2021 21:50,7.551305339
4/4/2021 22:00,7.449156761
4/4/2021 22:10,6.834162486
4/4/2021 22:20,6.693465685
4/4/2021 22:30,5.925509596
4/4/2021 22:40,6.728820324
4/4/2021 22:50,6.682302666
4/4/2021 23:00,5.780889094
4/4/2021 23:10,7.574899006
4/4/2021 23:20,9.470668674
4/4/2021 23:30,8.640275145
4/4/2021 23:40,9.129118824
4/4/2021 23:50,9.25330174
4/5/2021 0:00,10.85021513
4/5/2021 0:10,11.53396482
4/5/2021 0:20,9.985258293
4/5/2021 0:30,10.57721651
4/5/2021 0:40,10.4410604
4/5/2021 0:50,10.16468346
4/5/2021 1:00,11.10866077
4/5/2021 1:10,10.00474889
4/5/2021 1:20,11.21277776
4/5/2021 1:30,11.29074032
4/5/2021 1:40,10.41453462
4/5/2021 1:50,10.16147215
4/5/2021 2:00,11.41661267
4/5/2021 2:10,11.41027506
4/5/2021 2:20,11.90628219
4/5/2021 2:30,11.94414034
4/5/2021 2:40,11.16015315
4/5/2021 2:50,12.28979268
4/5/2021 3:00,13.58959451
4/5/2021 3:10,12.90957603
4/5/2021 3:20,13.08898253
4/5/2021 3:30,11.13498251
4/5/2021 3:40,13.74806275
4/5/2021 3:50,12.68751268
4/5/2021 4:00,12.95804262
4/5/2021 4:10,15.04175754
4/5/2021 4:20,13.79732752
4/5/2021 4:30,12.46155162
4/5/2021 4:40,10.50526824
4/5/2021 4:50,11.08193078
4/5/2021 5:00,10.66711445
4/5/2021 5:10,8.087785072
4/5/2021 5:20,5.205771301
4/5/2021 5:30,5.858239079
4/5/2021 5:40,5.430262113
4/5/2021 5:50,5.045721304
4/5/2021 6:00,4.99493444
4/5/2021 6:10,4.185832071
4/5/2021 6:20,5.972695494
4/5/2021 6:30,5.727150571
4/5/2021 6:40,5.1728001
4/5/2021 6:50,4.781688285
4/5/2021 7:00,7.529272461
4/5/2021 7:10,7.134021091
4/5/2021 7:20,7.46692102
4/5/2021 7:30,9.224771285
4/5/2021 7:40,9.519599366
4/5/2021 7:50,8.873197389
4/5/2021 8:00,7.905014586
4/5/2021 8:10,8.349029613
4/5/2021 8:20,8.347525978
4/5/2021 8:30,7.061330462
4/5/2021 8:40,6.363343239
4/5/2021 8:50,7.178868175
4/5/2021 9:00,7.411122084
4/5/2021 9:10,7.571223736
4/5/2021 9:20,7.479042315
4/5/2021 9:30,7.933396649
4/5/2021 9:40,5.984278417
4/5/2021 9:50,7.006793809
4/5/2021 10:00,7.660326988
4/5/2021 10:10,6.77904489
4/5/2021 10:20,8.592402577
4/5/2021 10:30,7.615606546
4/5/2021 10:40,7.929498386
4/5/2021 10:50,8.724103475
4/5/2021 11:00,8.212483835
4/5/2021 11:10,9.340790749
4/5/2021 11:20,9.601645637
4/5/2021 11:30,9.387490106
4/5/2021 11:40,8.947725916
4/5/2021 11:50,6.732495785
4/5/2021 12:00,6.777825272
4/5/2021 12:10,6.632016921
4/5/2021 12:20,6.788647258
4/5/2021 12:30,8.080430245
4/5/2021 12:40,8.22967267
4/5/2021 12:50,7.427011657
4/5/2021 13:00,9.319068527
4/5/2021 13:10,6.510413915
4/5/2021 13:20,6.809789979
4/5/2021 13:30,5.703502011
4/5/2021 13:40,8.192937517
4/5/2021 13:50,9.163997626
4/5/2021 14:00,7.477821416
4/5/2021 14:10,6.474310862
4/5/2021 14:20,9.130046749
4/5/2021 14:30,7.405442071
4/5/2021 14:40,8.595780873
4/5/2021 14:50,7.453463197
4/5/2021 15:00,6.479099011
4/5/2021 15:10,5.694313693
4/5/2021 15:20,7.135227704
4/5/2021 15:30,8.215212536
4/5/2021 15:40,8.783930326
4/5/2021 15:50,8.783354783
4/5/2021 16:00,5.588372737
4/5/2021 16:10,6.099106073
4/5/2021 16:20,5.779571211
4/5/2021 16:30,6.036401916
4/5/2021 16:40,5.862267125
4/5/2021 16:50,6.855323792
4/5/2021 17:00,5.680818629
4/5/2021 17:10,6.591439319
4/5/2021 17:20,5.673894835
4/5/2021 17:30,4.854750204
4/5/2021 17:40,4.854397619
4/5/2021 17:50,7.020084405
4/5/2021 18:00,4.846063036
4/5/2021 18:10,6.591847622
4/5/2021 18:20,5.864568889
4/5/2021 18:30,6.48023138
4/5/2021 18:40,7.634429049
4/5/2021 18:50,8.183953309
4/5/2021 19:00,7.34511385
4/5/2021 19:10,7.509559035
4/5/2021 19:20,8.646790719
4/5/2021 19:30,8.50889753
4/5/2021 19:40,8.610640594
4/5/2021 19:50,8.263994861
4/5/2021 20:00,7.080698867
4/5/2021 20:10,6.821614289
4/5/2021 20:20,6.508557677
4/5/2021 20:30,7.441026402
4/5/2021 20:40,8.180816245
4/5/2021 20:50,8.171572089
4/5/2021 21:00,7.666597795
4/5/2021 21:10,8.382980418
4/5/2021 21:20,8.696909428
4/5/2021 21:30,8.523906898
4/5/2021 21:40,8.568531251
4/5/2021 21:50,9.18454628
4/5/2021 22:00,8.845168138
4/5/2021 22:10,8.564892864
4/5/2021 22:20,8.595056891
4/5/2021 22:30,8.929961705
4/5/2021 22:40,8.415613461
4/5/2021 22:50,8.839246655
4/5/2021 23:00,9.150372601
4/5/2021 23:10,8.663738203
4/5/2021 23:20,8.661158109
4/5/2021 23:30,9.031387138
4/5/2021 23:40,8.167172813
4/5/2021 23:50,8.625388241
4/6/2021 0:00,8.009410095
4/6/2021 0:10,8.60378139
4/6/2021 0:20,7.650782514
4/6/2021 0:30,7.693253589
4/6/2021 0:40,8.060085702
4/6/2021 0:50,8.543323326
4/6/2021 1:00,8.358236647
4/6/2021 1:10,8.109536195
4/6/2021 1:20,8.064652085
4/6/2021 1:30,7.411177826
4/6/2021 1:40,7.401711011
4/6/2021 1:50,7.719909382
4/6/2021 2:00,7.339563751
4/6/2021 2:10,7.138809279
4/6/2021 2:20,7.225144458
4/6/2021 2:30,7.863527417
4/6/2021 2:40,7.460166348
4/6/2021 2:50,8.159023905
4/6/2021 3:00,8.261544585
4/6/2021 3:10,7.547723532
4/6/2021 3:20,7.878897262
4/6/2021 3:30,7.133278656
4/6/2021 3:40,6.270493639
4/6/2021 3:50,4.842164898
4/6/2021 4:00,5.80797174
4/6/2021 4:10,5.559122896
4/6/2021 4:20,5.450969972
4/6/2021 4:30,5.399392533
4/6/2021 4:40,6.125706148
4/6/2021 4:50,5.853338496
4/6/2021 5:00,6.237693715
4/6/2021 5:10,6.423392963
4/6/2021 5:20,6.864122343
4/6/2021 5:30,7.071873975
4/6/2021 5:40,7.230332124
4/6/2021 5:50,7.481251287
4/6/2021 6:00,7.290317464
4/6/2021 6:10,6.397665286
4/6/2021 6:20,6.59685955
4/6/2021 6:30,6.047706485
4/6/2021 6:40,5.806264091
4/6/2021 6:50,5.547521317
4/6/2021 7:00,4.20524841
4/6/2021 7:10,4.640464759
4/6/2021 7:20,5.049934983
4/6/2021 7:30,4.787925315
4/6/2021 7:40,3.340237831
4/6/2021 7:50,4.630571008
4/6/2021 8:00,4.43011452
4/6/2021 8:10,4.378807795
4/6/2021 8:20,5.317253578
4/6/2021 8:30,6.088339829
4/6/2021 8:40,4.943274868
4/6/2021 8:50,6.942660308
4/6/2021 9:00,6.509634292
4/6/2021 9:10,5.221285486
4/6/2021 9:20,6.6745435
4/6/2021 9:30,6.763142443
4/6/2021 9:40,5.882908642
4/6/2021 9:50,5.37633046
4/6/2021 10:00,6.04025643
4/6/2021 10:10,5.462546701
4/6/2021 10:20,6.84155035
4/6/2021 10:30,5.63513639
4/6/2021 10:40,4.810033214
4/6/2021 10:50,5.299396455
4/6/2021 11:00,6.278791058
4/6/2021 11:10,7.420551872
4/6/2021 11:20,6.659489465
4/6/2021 11:30,6.59886415
4/6/2021 11:40,6.742073965
4/6/2021 11:50,8.247901177
4/6/2021 12:00,7.403270149
4/6/2021 12:10,7.543138671
4/6/2021 12:20,7.530887401
4/6/2021 12:30,7.881959796
4/6/2021 12:40,7.66600383
4/6/2021 12:50,8.511432886
4/6/2021 13:00,7.552483877
4/6/2021 13:10,5.524095476
4/6/2021 13:20,7.286530685
4/6/2021 13:30,8.215416622
4/6/2021 13:40,4.266820288
4/6/2021 13:50,8.077478814
4/6/2021 14:00,5.720356774
4/6/2021 14:10,6.308732319
4/6/2021 14:20,6.70051254
4/6/2021 14:30,8.173651099
4/6/2021 14:40,7.794289207
4/6/2021 14:50,6.901266003
4/6/2021 15:00,9.139457929
4/6/2021 15:10,7.627980031
4/6/2021 15:20,7.775188422
4/6/2021 15:30,5.96360755
4/6/2021 15:40,6.233368659
4/6/2021 15:50,4.381610751
4/6/2021 16:00,3.477821136
4/6/2021 16:10,4.168995893
4/6/2021 16:20,5.451813114
4/6/2021 16:30,13.25903363
4/6/2021 16:40,10.5706825
4/6/2021 16:50,9.174763727
4/6/2021 17:00,6.805854678
4/6/2021 17:10,5.613585293
4/6/2021 17:20,5.371381807
4/6/2021 17:30,4.898910487
4/6/2021 17:40,4.195113254
4/6/2021 17:50,3.472864962
4/6/2021 18:00,3.328987038
4/6/2021 18:10,3.435053158
4/6/2021 18:20,2.55374279
4/6/2021 18:30,2.662407583
4/6/2021 18:40,3.252806497
4/6/2021 18:50,3.661515641
4/6/2021 19:00,3.45519346
4/6/2021 19:10,5.853152883
4/6/2021 19:20,3.139742362
4/6/2021 19:30,2.973347962
4/6/2021 19:40,2.842185444
4/6/2021 19:50,2.808346057
4/6/2021 20:00,4.855455577
4/6/2021 20:10,4.931042087
4/6/2021 20:20,4.607906175
4/6/2021 20:30,3.786404204
4/6/2021 20:40,4.122552454
4/6/2021 20:50,5.944257736
4/6/2021 21:00,6.820221996
4/6/2021 21:10,6.352242827
4/6/2021 21:20,6.848437047
4/6/2021 21:30,6.921109271
4/6/2021 21:40,7.274761987
4/6/2021 21:50,7.255419898
4/6/2021 22:00,7.166932511
4/6/2021 22:10,7.254677391
4/6/2021 22:20,7.592756152
4/6/2021 22:30,7.167155218
4/6/2021 22:40,7.292767715
4/6/2021 22:50,7.223046827
4/6/2021 23:00,7.110019875
4/6/2021 23:10,6.941175294
4/6/2021 23:20,6.688372684
4/6/2021 23:30,6.411308718
4/6/2021 23:40,6.731214929
4/6/2021 23:50,6.174042845
4/7/2021 0:00,6.36473546
4/7/2021 0:10,7.033245325
4/7/2021 0:20,6.923151112
4/7/2021 0:30,6.854674053
4/7/2021 0:40,7.258761191
4/7/2021 0:50,7.591642475
4/7/2021 1:00,7.581104831
4/7/2021 1:10,7.7523684
4/7/2021 1:20,7.751279902
4/7/2021 1:30,7.694163227
4/7/2021 1:40,8.121267819
4/7/2021 1:50,7.788386393
4/7/2021 2:00,7.672018027
4/7/2021 2:10,8.189874721
4/7/2021 2:20,7.849976778
4/7/2021 2:30,8.040706563
4/7/2021 2:40,7.517308486
4/7/2021 2:50,7.718387222
4/7/2021 3:00,7.941396904
4/7/2021 3:10,7.73407259
4/7/2021 3:20,8.109035015
4/7/2021 3:30,7.081600547
4/7/2021 3:40,6.793492138
4/7/2021 3:50,6.576756263
4/7/2021 4:00,6.376875329
4/7/2021 4:10,6.622123098
4/7/2021 4:20,6.58091433
4/7/2021 4:30,6.317438197
4/7/2021 4:40,6.277435994
4/7/2021 4:50,5.992111826
4/7/2021 5:00,6.049878168
4/7/2021 5:10,6.279072385
4/7/2021 5:20,6.285343575
4/7/2021 5:30,7.212911701
4/7/2021 5:40,6.543325329
4/7/2021 5:50,5.902417827
4/7/2021 6:00,6.036717558
4/7/2021 6:10,5.751857352
4/7/2021 6:20,5.347900224
4/7/2021 6:30,6.305483866
4/7/2021 6:40,6.213562441
4/7/2021 6:50,5.943106818
4/7/2021 7:00,5.368319011
4/7/2021 7:10,5.174545087
4/7/2021 7:20,4.91996032
4/7/2021 7:30,4.212617719
4/7/2021 7:40,3.697248459
4/7/2021 7:50,4.023614311
4/7/2021 8:00,4.110059881
4/7/2021 8:10,3.968168187
4/7/2021 8:20,4.130367255
4/7/2021 8:30,6.263792562
4/7/2021 8:40,6.336947405
4/7/2021 8:50,7.392132688
4/7/2021 9:00,6.881719708
4/7/2021 9:10,7.045775056
4/7/2021 9:20,7.207918394
4/7/2021 9:30,6.19646647
4/7/2021 9:40,7.560921454
4/7/2021 9:50,4.814673924
4/7/2021 10:00,5.778995705
4/7/2021 10:10,6.886007583
4/7/2021 10:20,8.50217011
4/7/2021 10:30,8.216233397
4/7/2021 10:40,5.729303992
4/7/2021 10:50,7.517838097
4/7/2021 11:00,5.691900516
4/7/2021 11:10,5.663035768
4/7/2021 11:20,4.962394345
4/7/2021 11:30,5.600981343
4/7/2021 11:40,4.566660273
4/7/2021 11:50,5.419681489
4/7/2021 12:00,5.897405851
4/7/2021 12:10,5.06389395
4/7/2021 12:20,4.96872406
4/7/2021 12:30,6.363600179
4/7/2021 12:40,6.758817255
4/7/2021 12:50,5.90639008
4/7/2021 13:00,5.708871402
4/7/2021 13:10,4.629104602
4/7/2021 13:20,6.274224687
4/7/2021 13:30,6.105565906
4/7/2021 13:40,5.658135295
4/7/2021 13:50,6.564525657
4/7/2021 14:00,6.728363163
4/7/2021 14:10,7.086909533
4/7/2021 14:20,5.399689639
4/7/2021 14:30,4.217054182
4/7/2021 14:40,5.7595608
4/7/2021 14:50,6.640240121
4/7/2021 15:00,8.659524488
4/7/2021 15:10,6.702053177
4/7/2021 15:20,8.463801503
4/7/2021 15:30,6.388476831
4/7/2021 15:40,6.290281093
4/7/2021 15:50,6.886750126
4/7/2021 16:00,6.129975474
4/7/2021 16:10,4.716626763
4/7/2021 16:20,3.593428397
4/7/2021 16:30,4.072081077
4/7/2021 16:40,4.629624295
4/7/2021 16:50,5.841959739
4/7/2021 17:00,6.099836776
4/7/2021 17:10,5.409323573
4/7/2021 17:20,6.629325342
4/7/2021 17:30,6.387864367
4/7/2021 17:40,6.366277067
4/7/2021 17:50,5.094687336
4/7/2021 18:00,5.067495203
4/7/2021 18:10,5.3422387
4/7/2021 18:20,5.136566162
4/7/2021 18:30,5.833142567
4/7/2021 18:40,5.324426916
4/7/2021 18:50,4.735263556
4/7/2021 19:00,4.913222182
4/7/2021 19:10,5.366351378
4/7/2021 19:20,5.473624134
4/7/2021 19:30,5.058306623
4/7/2021 19:40,4.437613726
4/7/2021 19:50,4.139147282
4/7/2021 20:00,4.097112011
4/7/2021 20:10,4.281243229
4/7/2021 20:20,4.534435773
4/7/2021 20:30,4.691437459
4/7/2021 20:40,4.017284548
4/7/2021 20:50,4.724924171
4/7/2021 21:00,5.325792348
4/7/2021 21:10,5.024430168
4/7/2021 21:20,5.847082996
4/7/2021 21:30,5.622551036
4/7/2021 21:40,5.249853098
4/7/2021 21:50,5.338916039
4/7/2021 22:00,5.69464767
4/7/2021 22:10,5.487880015
4/7/2021 22:20,5.04470036
4/7/2021 22:30,3.973551345
4/7/2021 22:40,3.884191418
4/7/2021 22:50,4.161830688
4/7/2021 23:00,5.529887033
4/7/2021 23:10,5.453149676
4/7/2021 23:20,5.649188137
4/7/2021 23:30,4.935849869
4/7/2021 23:40,5.387456965
4/7/2021 23:50,4.623981249
4/8/2021 0:00,4.500169396
4/8/2021 0:10,4.570632637
4/8/2021 0:20,5.207382083
4/8/2021 0:30,5.317346311
4/8/2021 0:40,5.634876561
4/8/2021 0:50,5.935273433
4/8/2021 1:00,6.467274761
4/8/2021 1:10,5.599756265
4/8/2021 1:20,5.427050734
4/8/2021 1:30,6.310384464
4/8/2021 1:40,6.885116625
4/8/2021 1:50,7.357922125
4/8/2021 2:00,6.575661182
4/8/2021 2:10,5.978060055
4/8/2021 2:20,6.127618122
4/8/2021 2:30,6.665299487
4/8/2021 2:40,7.69395895
4/8/2021 2:50,7.605917025
4/8/2021 3:00,6.726648521
4/8/2021 3:10,6.189227009
4/8/2021 3:20,5.710834193
4/8/2021 3:30,6.188688707
4/8/2021 3:40,6.390351748
4/8/2021 3:50,6.202313614
4/8/2021 4:00,6.069832945
4/8/2021 4:10,5.960444164
4/8/2021 4:20,5.87852788
4/8/2021 4:30,6.4624856
4/8/2021 4:40,6.335573745
4/8/2021 4:50,6.493763304
4/8/2021 5:00,7.283894753
4/8/2021 5:10,6.670329928
4/8/2021 5:20,7.140109634
4/8/2021 5:30,6.676232719
4/8/2021 5:40,6.956582236
4/8/2021 5:50,6.393637252
4/8/2021 6:00,6.407874727
4/8/2021 6:10,5.284082484
4/8/2021 6:20,6.362136698
4/8/2021 6:30,6.916059243
4/8/2021 6:40,7.070890063
4/8/2021 6:50,7.530165296
4/8/2021 7:00,6.847843146
4/8/2021 7:10,6.898685741
4/8/2021 7:20,6.581693912
4/8/2021 7:30,7.490068507
4/8/2021 7:40,6.339843154
4/8/2021 7:50,6.789408374
4/8/2021 8:00,7.26737411
4/8/2021 8:10,8.813384729
4/8/2021 8:20,8.662216091
4/8/2021 8:30,7.988972855
4/8/2021 8:40,7.686162686
4/8/2021 8:50,7.727464128
4/8/2021 9:00,8.337576509
4/8/2021 9:10,8.641518879
4/8/2021 9:20,8.15718627
4/8/2021 9:30,8.534821725
4/8/2021 9:40,8.244466996
4/8/2021 9:50,8.738508058
4/8/2021 10:00,8.731231451
4/8/2021 10:10,8.506532383
4/8/2021 10:20,9.56249752
4/8/2021 10:30,9.325120091
4/8/2021 10:40,9.159171247
4/8/2021 10:50,9.433636594
4/8/2021 11:00,9.761710117
4/8/2021 11:10,9.299225426
4/8/2021 11:20,9.007293034
4/8/2021 11:30,9.1378618
4/8/2021 11:40,9.003302026
4/8/2021 11:50,9.372435808
4/8/2021 12:00,9.155737352
4/8/2021 12:10,8.370747614
4/8/2021 12:20,8.08190145
4/8/2021 12:30,7.437684965
4/8/2021 12:40,8.985166407
4/8/2021 12:50,8.28669672
4/8/2021 13:00,8.966919589
4/8/2021 13:10,8.49251771
4/8/2021 13:20,8.693234062
4/8/2021 13:30,8.093739533
4/8/2021 13:40,8.364213681
4/8/2021 13:50,7.394081783
4/8/2021 14:00,9.050821924
4/8/2021 14:10,8.449526858
4/8/2021 14:20,8.639959478
4/8/2021 14:30,8.863767743
4/8/2021 14:40,8.700540718
4/8/2021 14:50,8.938221979
4/8/2021 15:00,8.436291862
4/8/2021 15:10,8.45793581
4/8/2021 15:20,7.854153252
4/8/2021 15:30,7.577776241
4/8/2021 15:40,7.903399658
4/8/2021 15:50,6.847713113
4/8/2021 16:00,7.302085972
4/8/2021 16:10,7.685772872
4/8/2021 16:20,6.569368482
4/8/2021 16:30,7.345447993
4/8/2021 16:40,7.157409883
4/8/2021 16:50,6.833234453
4/8/2021 17:00,6.93549521
4/8/2021 17:10,7.210220194
4/8/2021 17:20,7.093610525
4/8/2021 17:30,7.072042942
4/8/2021 17:40,6.66923661
4/8/2021 17:50,7.599067402
4/8/2021 18:00,8.023443365
4/8/2021 18:10,8.024742651
4/8/2021 18:20,8.524519515
4/8/2021 18:30,8.731918192
4/8/2021 18:40,8.51232388
4/8/2021 18:50,8.226498556
4/8/2021 19:00,7.884280229
4/8/2021 19:10,7.295106602
4/8/2021 19:20,7.282522101
4/8/2021 19:30,7.605469518
4/8/2021 19:40,8.511525798
4/8/2021 19:50,8.291430092
4/8/2021 20:00,9.006383514
4/8/2021 20:10,8.606417179
4/8/2021 20:20,8.659413171
4/8/2021 20:30,7.794623399
4/8/2021 20:40,7.529290986
4/8/2021 20:50,7.333048296
4/8/2021 21:00,6.858349442
4/8/2021 21:10,8.299356365
4/8/2021 21:20,8.604672337
4/8/2021 21:30,8.156833458
4/8/2021 21:40,8.285861421
4/8/2021 21:50,7.577720594
4/8/2021 22:00,8.774723363
4/8/2021 22:10,8.774129343
4/8/2021 22:20,8.338838768
4/8/2021 22:30,8.470094132
4/8/2021 22:40,8.180927563
4/8/2021 22:50,8.305574656
4/8/2021 23:00,9.188351417
4/8/2021 23:10,8.698561335
4/8/2021 23:20,7.743409562
4/8/2021 23:30,7.455208063
4/8/2021 23:40,7.93048234
4/8/2021 23:50,7.467255163
4/9/2021 0:00,7.719334006
4/9/2021 0:10,6.941435266
4/9/2021 0:20,6.572988153
4/9/2021 0:30,7.739771175
4/9/2021 0:40,7.054814911
4/9/2021 0:50,7.69163866
4/9/2021 1:00,7.997641468
4/9/2021 1:10,8.791132689
4/9/2021 1:20,8.778844213
4/9/2021 1:30,9.976311183
4/9/2021 1:40,9.03300209
4/9/2021 1:50,8.192492151
4/9/2021 2:00,7.722596198
4/9/2021 2:10,7.659711075
4/9/2021 2:20,7.68495605
4/9/2021 2:30,7.040484667
4/9/2021 2:40,6.715436745
4/9/2021 2:50,7.440636492
4/9/2021 3:00,7.054146695
4/9/2021 3:10,8.109591985
4/9/2021 3:20,7.497233605
4/9/2021 3:30,7.567028594
4/9/2021 3:40,8.151657481
4/9/2021 3:50,8.437609768
4/9/2021 4:00,8.549875903
4/9/2021 4:10,7.983813336
4/9/2021 4:20,7.719371009
4/9/2021 4:30,7.261081433
4/9/2021 4:40,6.59788053
4/9/2021 4:50,6.881923771
4/9/2021 5:00,6.944980669
4/9/2021 5:10,7.025449061
4/9/2021 5:20,6.654626036
4/9/2021 5:30,7.419735169
4/9/2021 5:40,7.626150107
4/9/2021 5:50,8.276710153
4/9/2021 6:00,8.091493511
4/9/2021 6:10,7.623607063
4/9/2021 6:20,7.443012428
4/9/2021 6:30,6.53848052
4/9/2021 6:40,6.444498444
4/9/2021 6:50,6.500872684
4/9/2021 7:00,6.894750524
4/9/2021 7:10,6.159359932
4/9/2021 7:20,5.591625845
4/9/2021 7:30,4.517766666
4/9/2021 7:40,4.240164495
4/9/2021 7:50,4.282022882
4/9/2021 8:00,5.095505941
4/9/2021 8:10,4.428425366
4/9/2021 8:20,3.971546614
4/9/2021 8:30,3.466071093
4/9/2021 8:40,2.818666691
4/9/2021 8:50,2.466450006
4/9/2021 9:00,2.787375087
4/9/2021 9:10,2.308124977
4/9/2021 9:20,1.836374995
4/9/2021 9:30,1.855387497
4/9/2021 9:40,2.759700078
4/9/2021 9:50,2.360868806
4/9/2021 10:00,2.531531256
4/9/2021 10:10,2.883299269
4/9/2021 10:20,2.270265037
4/9/2021 10:30,2.333062506
4/9/2021 10:40,1.720556231
4/9/2021 10:50,1.770618799
4/9/2021 11:00,1.862887605
4/9/2021 11:10,2.275837478
4/9/2021 11:20,2.531584775
4/9/2021 11:30,2.72438783
4/9/2021 11:40,2.44011054
4/9/2021 11:50,2.520731395
4/9/2021 12:00,2.075493751
4/9/2021 12:10,2.52350632
4/9/2021 12:20,2.526674989
4/9/2021 12:30,2.734416498
4/9/2021 12:40,2.049843791
4/9/2021 12:50,3.067306697
4/9/2021 13:00,2.415600067
4/9/2021 13:10,2.381137544
4/9/2021 13:20,2.167106247
4/9/2021 13:30,1.399068716
4/9/2021 13:40,2.08222506
4/9/2021 13:50,2.032481286
4/9/2021 14:00,2.108343738
4/9/2021 14:10,2.789643663
4/9/2021 14:20,2.602125072
4/9/2021 14:30,2.685513151
4/9/2021 14:40,2.926480093
4/9/2021 14:50,2.69215439
4/9/2021 15:00,2.084204325
4/9/2021 15:10,2.286862499
4/9/2021 15:20,2.720437539
4/9/2021 15:30,2.014462501
4/9/2021 15:40,2.619686404
4/9/2021 15:50,2.158883256
4/9/2021 16:00,2.820072353
4/9/2021 16:10,3.07627511
4/9/2021 16:20,2.987956685
4/9/2021 16:30,3.487714952
4/9/2021 16:40,2.579284728
4/9/2021 16:50,2.235395819
4/9/2021 17:00,2.384718809
4/9/2021 17:10,2.084737551
4/9/2021 17:20,2.635427088
4/9/2021 17:30,2.26067276
4/9/2021 17:40,2.915231305
4/9/2021 17:50,3.174976236
4/9/2021 18:00,3.238606268
4/9/2021 18:10,3.317923814
4/9/2021 18:20,3.655686975
4/9/2021 18:30,3.741612792
4/9/2021 18:40,4.275692976
4/9/2021 18:50,3.992355084
4/9/2021 19:00,3.673989725
4/9/2021 19:10,2.662537986
4/9/2021 19:20,3.393652225
4/9/2021 19:30,4.628529215
4/9/2021 19:40,4.297058511
4/9/2021 19:50,4.300863934
4/9/2021 20:00,3.838212144
4/9/2021 20:10,3.778143764
4/9/2021 20:20,3.530408692
4/9/2021 20:30,3.699735868
4/9/2021 20:40,3.665570134
4/9/2021 20:50,3.593001521
4/9/2021 21:00,3.615295081
4/9/2021 21:10,3.841943133
4/9/2021 21:20,4.763367152
4/9/2021 21:30,4.328689057
4/9/2021 21:40,5.007371163
4/9/2021 21:50,4.892506504
4/9/2021 22:00,4.430782783
4/9/2021 22:10,3.64503212
4/9/2021 22:20,2.44140259
4/9/2021 22:30,2.713732898
4/9/2021 22:40,2.720699743
4/9/2021 22:50,3.042307729
4/9/2021 23:00,3.372608936
4/9/2021 23:10,3.313542962
4/9/2021 23:20,2.740789084
4/9/2021 23:30,3.934413697
4/9/2021 23:40,4.272537422
4/9/2021 23:50,3.466275203
4/10/2021 0:00,3.695280731
4/10/2021 0:10,3.898391628
4/10/2021 0:20,4.017154551
4/10/2021 0:30,4.332510998
4/10/2021 0:40,2.999465549
4/10/2021 0:50,2.937670901
4/10/2021 1:00,3.940807056
4/10/2021 1:10,2.883876848
4/10/2021 1:20,2.678627849
4/10/2021 1:30,3.550349206
4/10/2021 1:40,2.980940241
4/10/2021 1:50,2.853360048
4/10/2021 2:00,2.646777958
4/10/2021 2:10,2.680246103
4/10/2021 2:20,3.59649123
4/10/2021 2:30,3.666119123
4/10/2021 2:40,3.653682256
4/10/2021 2:50,3.502379376
4/10/2021 3:00,3.455323374
4/10/2021 3:10,3.96709156
4/10/2021 3:20,3.514444983
4/10/2021 3:30,3.661014509
4/10/2021 3:40,3.766616547
4/10/2021 3:50,3.836133105
4/10/2021 4:00,3.465588474
4/10/2021 4:10,4.174044883
4/10/2021 4:20,4.183845818
4/10/2021 4:30,3.543031156
4/10/2021 4:40,4.291174138
4/10/2021 4:50,3.635830955
4/10/2021 5:00,2.842890811
4/10/2021 5:10,3.204785365
4/10/2021 5:20,3.695225251
4/10/2021 5:30,4.190120006
4/10/2021 5:40,3.808233631
4/10/2021 5:50,3.93189708
4/10/2021 6:00,4.92484231
4/10/2021 6:10,5.08357023
4/10/2021 6:20,4.730511498
4/10/2021 6:30,5.282801509
4/10/2021 6:40,6.160121012
4/10/2021 6:50,5.22436682
4/10/2021 7:00,4.622236431
4/10/2021 7:10,3.709889603
4/10/2021 7:20,3.9294653
4/10/2021 7:30,4.585464084
4/10/2021 7:40,3.62392652
4/10/2021 7:50,4.389147079
4/10/2021 8:00,4.208329737
4/10/2021 8:10,4.165895939
4/10/2021 8:20,4.983147156
4/10/2021 8:30,4.796538293
4/10/2021 8:40,4.567458498
4/10/2021 8:50,4.985485947
4/10/2021 9:00,5.107497263
4/10/2021 9:10,5.36783632
4/10/2021 9:20,6.114661407
4/10/2021 9:30,6.112118316
4/10/2021 9:40,4.649189174
4/10/2021 9:50,6.177606797
4/10/2021 10:00,5.190007579
4/10/2021 10:10,4.960055375
4/10/2021 10:20,5.474830627
4/10/2021 10:30,6.130068326
4/10/2021 10:40,5.401230383
4/10/2021 10:50,5.56112771
4/10/2021 11:00,4.586930585
4/10/2021 11:10,5.419551468
4/10/2021 11:20,5.419050312
4/10/2021 11:30,6.118633795
4/10/2021 11:40,5.705413997
4/10/2021 11:50,5.302236426
4/10/2021 12:00,5.324919879
4/10/2021 12:10,5.754418969
4/10/2021 12:20,5.899299312
4/10/2021 12:30,5.598679614
4/10/2021 12:40,5.795553577
4/10/2021 12:50,5.292621112
4/10/2021 13:00,6.281575465
4/10/2021 13:10,5.758948159
4/10/2021 13:20,6.475330758
4/10/2021 13:30,6.310180259
4/10/2021 13:40,6.745637989
4/10/2021 13:50,6.782540226
4/10/2021 14:00,7.031630397
4/10/2021 14:10,5.315490127
4/10/2021 14:20,5.157022107
4/10/2021 14:30,4.881703019
4/10/2021 14:40,4.505793834
4/10/2021 14:50,4.085056221
4/10/2021 15:00,5.84372313
4/10/2021 15:10,4.246846998
4/10/2021 15:20,5.075885415
4/10/2021 15:30,5.457938755
4/10/2021 15:40,5.754339946
4/10/2021 15:50,5.727039266
4/10/2021 16:00,6.284105278
4/10/2021 16:10,5.968945837
4/10/2021 16:20,6.22015214
4/10/2021 16:30,6.071152888
4/10/2021 16:40,7.982364559
4/10/2021 16:50,7.138569021
4/10/2021 17:00,6.350999188
4/10/2021 17:10,4.937149215
4/10/2021 17:20,4.714157903
4/10/2021 17:30,4.681692088
4/10/2021 17:40,3.869656885
4/10/2021 17:50,2.469617492
4/10/2021 18:00,3.177424216
4/10/2021 18:10,4.273706853
4/10/2021 18:20,5.590233684
4/10/2021 18:30,4.304669094
4/10/2021 18:40,5.01056391
4/10/2021 18:50,4.316010857
4/10/2021 19:00,5.177069521
4/10/2021 19:10,4.780630338
4/10/2021 19:20,4.633875144
4/10/2021 19:30,5.744116735
4/10/2021 19:40,4.899652958
4/10/2021 19:50,5.619636679
4/10/2021 20:00,4.318034136
4/10/2021 20:10,5.238381469
4/10/2021 20:20,5.100239372
4/10/2021 20:30,5.752989674
4/10/2021 20:40,5.455154395
4/10/2021 20:50,5.247514284
4/10/2021 21:00,4.919514918
4/10/2021 21:10,4.067217636
4/10/2021 21:20,4.192570221
4/10/2021 21:30,4.180022025
4/10/2021 21:40,4.125188434
4/10/2021 21:50,4.137847972
4/10/2021 22:00,3.384544563
4/10/2021 22:10,2.805357391
4/10/2021 22:20,2.337935162
4/10/2021 22:30,2.438098449
4/10/2021 22:40,2.339531523
4/10/2021 22:50,3.22035923
4/10/2021 23:00,3.447285795
4/10/2021 23:10,2.638350636
4/10/2021 23:20,3.467537594
4/10/2021 23:30,4.010175073
4/10/2021 23:40,3.569649875
4/10/2021 23:50,4.073881721
4/11/2021 0:00,4.330582452
4/11/2021 0:10,4.058938861
4/11/2021 0:20,2.922097021
4/11/2021 0:30,3.861062515
4/11/2021 0:40,3.80702709
4/11/2021 0:50,3.687317562
4/11/2021 1:00,3.078541708
4/11/2021 1:10,4.462469006
4/11/2021 1:20,4.705507755
4/11/2021 1:30,4.316809011
4/11/2021 1:40,4.87871449
4/11/2021 1:50,5.220932746
4/11/2021 2:00,5.296779037
4/11/2021 2:10,5.706604832
4/11/2021 2:20,5.948248672
4/11/2021 2:30,5.54444682
4/11/2021 2:40,5.300083256
4/11/2021 2:50,5.584070992
4/11/2021 3:00,5.851742101
4/11/2021 3:10,5.834404826
4/11/2021 3:20,5.675546861
4/11/2021 3:30,5.6372154
4/11/2021 3:40,6.162812591
4/11/2021 3:50,6.136435175
4/11/2021 4:00,6.493150806
4/11/2021 4:10,6.287960863
4/11/2021 4:20,6.18066957
4/11/2021 4:30,6.600070786
4/11/2021 4:40,6.62368238
4/11/2021 4:50,6.616090274
4/11/2021 5:00,6.534990716
4/11/2021 5:10,5.227299643
4/11/2021 5:20,4.918586695
4/11/2021 5:30,5.057768333
4/11/2021 5:40,5.603475621
4/11/2021 5:50,6.124072576
4/11/2021 6:00,5.939004493
4/11/2021 6:10,5.279237509
4/11/2021 6:20,5.013793814
4/11/2021 6:30,4.947674108
4/11/2021 6:40,5.402863801
4/11/2021 6:50,5.968203259
4/11/2021 7:00,4.886900544
4/11/2021 7:10,5.14855752
4/11/2021 7:20,5.160975921
4/11/2021 7:30,5.077964377
4/11/2021 7:40,5.378658295
4/11/2021 7:50,6.889051867
4/11/2021 8:00,6.729210067
4/11/2021 8:10,6.544309139
4/11/2021 8:20,6.52073462
4/11/2021 8:30,7.093814802
4/11/2021 8:40,6.918918848
4/11/2021 8:50,6.618375377
4/11/2021 9:00,5.869365919
4/11/2021 9:10,6.217698988
4/11/2021 9:20,4.89718411
4/11/2021 9:30,4.999389338
4/11/2021 9:40,5.685923386
4/11/2021 9:50,5.415820444
4/11/2021 10:00,5.498887587
4/11/2021 10:10,5.656910133
4/11/2021 10:20,5.58845166
4/11/2021 10:30,6.087764418
4/11/2021 10:40,5.332530451
4/11/2021 10:50,4.744321966
4/11/2021 11:00,6.223641849
4/11/2021 11:10,5.673720046
4/11/2021 11:20,5.870211864
4/11/2021 11:30,4.712246072
4/11/2021 11:40,5.485429835
4/11/2021 11:50,4.13174091
4/11/2021 12:00,5.827815092
4/11/2021 12:10,4.842814589
4/11/2021 12:20,5.495991802
4/11/2021 12:30,5.81151731
4/11/2021 12:40,3.605920935
4/11/2021 12:50,5.413964105
4/11/2021 13:00,5.15321666
4/11/2021 13:10,4.406956372
4/11/2021 13:20,4.803462112
4/11/2021 13:30,5.760637438
4/11/2021 13:40,6.295924187
4/11/2021 13:50,5.198917603
4/11/2021 14:00,3.885991931
4/11/2021 14:10,3.228802121
4/11/2021 14:20,5.054678434
4/11/2021 14:30,8.310363853
4/11/2021 14:40,7.435531831
4/11/2021 14:50,6.931597042
4/11/2021 15:00,6.118076944
4/11/2021 15:10,5.336521411
4/11/2021 15:20,3.795611179
4/11/2021 15:30,3.833868468
4/11/2021 15:40,4.183103311
4/11/2021 15:50,4.363289559
4/11/2021 16:00,3.352858377
4/11/2021 16:10,3.735097516
4/11/2021 16:20,4.949567604
4/11/2021 16:30,3.57287966
4/11/2021 16:40,2.753178215
4/11/2021 16:50,1.955868682
4/11/2021 17:00,2.105081314
4/11/2021 17:10,1.861368698
4/11/2021 17:20,1.509224954
4/11/2021 17:30,2.104293686
4/11/2021 17:40,2.290668654
4/11/2021 17:50,1.450668725
4/11/2021 18:00,1.230581266
4/11/2021 18:10,1.260562535
4/11/2021 18:20,1.100943646
4/11/2021 18:30,1.079737498
4/11/2021 18:40,1.637849951
4/11/2021 18:50,1.159668881
4/11/2021 19:00,0.889293745
4/11/2021 19:10,1.024012455
4/11/2021 19:20,0.957224908
4/11/2021 19:30,1.402987629
4/11/2021 19:40,1.953431392
4/11/2021 19:50,2.108400089
4/11/2021 20:00,3.333040929
4/11/2021 20:10,4.31218698
4/11/2021 20:20,4.99194572
4/11/2021 20:30,5.667379475
4/11/2021 20:40,5.101650119
4/11/2021 20:50,4.702296507
4/11/2021 21:00,3.916360319
4/11/2021 21:10,4.538463771
4/11/2021 21:20,5.370899177
4/11/2021 21:30,6.442642164
4/11/2021 21:40,5.244488549
4/11/2021 21:50,4.448881233
4/11/2021 22:00,3.961634189
4/11/2021 22:10,2.912778625
4/11/2021 22:20,2.36870071
4/11/2021 22:30,2.028543782
4/11/2021 22:40,2.129925114
4/11/2021 22:50,2.433450037
4/11/2021 23:00,3.114290357
4/11/2021 23:10,3.171781135
4/11/2021 23:20,3.771517062
4/11/2021 23:30,4.942161131
4/11/2021 23:40,5.680113268
4/11/2021 23:50,5.696931005
4/12/2021 0:00,5.692791533
4/12/2021 0:10,5.10549252
4/12/2021 0:20,5.1806413
4/12/2021 0:30,5.107207366
4/12/2021 0:40,6.712596631
4/12/2021 0:50,6.879399347
4/12/2021 1:00,6.530090189
4/12/2021 1:10,6.192809558
4/12/2021 1:20,6.76325376
4/12/2021 1:30,6.512994218
4/12/2021 1:40,6.255383658
4/12/2021 1:50,5.880681157
4/12/2021 2:00,5.897220349
4/12/2021 2:10,6.21733067
4/12/2021 2:20,6.45457589
4/12/2021 2:30,6.272702622
4/12/2021 2:40,5.796221781
4/12/2021 2:50,5.202723002
4/12/2021 3:00,5.394844842
4/12/2021 3:10,5.825680447
4/12/2021 3:20,5.333941245
4/12/2021 3:30,5.362471795
4/12/2021 3:40,5.388218021
4/12/2021 3:50,5.890166593
4/12/2021 4:00,6.154626465
4/12/2021 4:10,5.388125157
4/12/2021 4:20,5.010879457
4/12/2021 4:30,5.408098364
4/12/2021 4:40,5.140167332
4/12/2021 4:50,4.803740561
4/12/2021 5:00,4.712914264
4/12/2021 5:10,5.261844468
4/12/2021 5:20,4.679483211
4/12/2021 5:30,5.146886897
4/12/2021 5:40,5.587542152
4/12/2021 5:50,5.577796721
4/12/2021 6:00,5.021757114
4/12/2021 6:10,4.91398325
4/12/2021 6:20,4.29587065
4/12/2021 6:30,4.695279765
4/12/2021 6:40,4.015929449
4/12/2021 6:50,3.581882548
4/12/2021 7:00,4.139834225
4/12/2021 7:10,3.906763417
4/12/2021 7:20,4.04080323
4/12/2021 7:30,4.120513303
4/12/2021 7:40,4.710000038
4/12/2021 7:50,5.050000191
4/12/2021 8:00,4.239999771
4/12/2021 8:10,4.42053628
4/12/2021 8:20,4.167919135
4/12/2021 8:30,4.200199306
4/12/2021 8:40,4.408507836
4/12/2021 8:50,3.629532462
4/12/2021 9:00,3.338064092
4/12/2021 9:10,2.811392599
4/12/2021 9:20,3.407904458
4/12/2021 9:30,2.731221586
4/12/2021 9:40,2.980661929
4/12/2021 9:50,2.723006529
4/12/2021 10:00,3.218709701
4/12/2021 10:10,2.63485164
4/12/2021 10:20,3.75859037
4/12/2021 10:30,4.168946028
4/12/2021 10:40,2.87384014
4/12/2021 10:50,3.189315152
4/12/2021 11:00,2.501603901
4/12/2021 11:10,3.761151099
4/12/2021 11:20,4.291359842
4/12/2021 11:30,3.239043319
4/12/2021 11:40,3.191550297
4/12/2021 11:50,3.6949467
4/12/2021 12:00,2.46881175
4/12/2021 12:10,3.366698366
4/12/2021 12:20,2.415418433
4/12/2021 12:30,4.020743239
4/12/2021 12:40,2.383166379
4/12/2021 12:50,4.163385397
4/12/2021 13:00,2.408984697
4/12/2021 13:10,3.14526173
4/12/2021 13:20,3.145366746
4/12/2021 13:30,2.873853141
4/12/2021 13:40,3.554707056
4/12/2021 13:50,3.255386806
4/12/2021 14:00,2.377509439
4/12/2021 14:10,2.036906262
4/12/2021 14:20,4.051642227
4/12/2021 14:30,3.547244906
4/12/2021 14:40,3.759024441
4/12/2021 14:50,3.327409232
4/12/2021 15:00,2.552913696
4/12/2021 15:10,2.259299886
4/12/2021 15:20,3.731101799
4/12/2021 15:30,3.317292678
4/12/2021 15:40,2.717677721
4/12/2021 15:50,3.845210516
4/12/2021 16:00,4.165543234
4/12/2021 16:10,2.982648557
4/12/2021 16:20,2.184937495
4/12/2021 16:30,2.593370944
4/12/2021 16:40,2.519494867
4/12/2021 16:50,2.327974874
4/12/2021 17:00,1.861781234
4/12/2021 17:10,1.516458237
4/12/2021 17:20,2.197987467
4/12/2021 17:30,2.423681313
4/12/2021 17:40,1.847493833
4/12/2021 17:50,1.428198597
4/12/2021 18:00,1.293927607
4/12/2021 18:10,1.329581262
4/12/2021 18:20,0.878081401
4/12/2021 18:30,0.546618669
4/12/2021 18:40,0.288131398
4/12/2021 18:50,0.357168742
4/12/2021 19:00,0.430837678
4/12/2021 19:10,0.810393703
4/12/2021 19:20,1.271850163
4/12/2021 19:30,1.445906192
4/12/2021 19:40,1.704281062
4/12/2021 19:50,1.598212302
4/12/2021 20:00,1.727624738
4/12/2021 20:10,1.872206324
4/12/2021 20:20,1.818393731
4/12/2021 20:30,1.755393559
4/12/2021 20:40,2.466431236
4/12/2021 20:50,2.99131968
4/12/2021 21:00,2.940789413
4/12/2021 21:10,3.07800343
4/12/2021 21:20,3.149264908
4/12/2021 21:30,3.006871951
4/12/2021 21:40,3.108668679
4/12/2021 21:50,3.21588577
4/12/2021 22:00,3.319074702
4/12/2021 22:10,4.018045604
4/12/2021 22:20,3.092463636
4/12/2021 22:30,2.655520999
4/12/2021 22:40,3.427776623
4/12/2021 22:50,4.048042572
4/12/2021 23:00,3.805059361
4/12/2021 23:10,3.829506291
4/12/2021 23:20,2.166540704
4/12/2021 23:30,1.925476396
4/12/2021 23:40,3.302257001
4/12/2021 23:50,3.136401105
4/13/2021 0:00,2.981682694
4/13/2021 0:10,2.826834214
4/13/2021 0:20,3.737399197
4/13/2021 0:30,2.134490091
4/13/2021 0:40,1.790453583
4/13/2021 0:50,1.808906275
4/13/2021 1:00,2.175056207
4/13/2021 1:10,3.543764609
4/13/2021 1:20,3.148197062
4/13/2021 1:30,2.033666889
4/13/2021 1:40,1.94032272
4/13/2021 1:50,1.464318705
4/13/2021 2:00,2.00564996
4/13/2021 2:10,1.644157836
4/13/2021 2:20,1.662843728
4/13/2021 2:30,1.577210527
4/13/2021 2:40,2.370595623
4/13/2021 2:50,1.814962459
4/13/2021 3:00,2.716347873
4/13/2021 3:10,1.97336767
4/13/2021 3:20,2.698029053
4/13/2021 3:30,3.071710771
4/13/2021 3:40,2.376805043
4/13/2021 3:50,2.36724534
4/13/2021 4:00,2.152848464
4/13/2021 4:10,1.807715869
4/13/2021 4:20,1.813693044
4/13/2021 4:30,2.158540797
4/13/2021 4:40,2.352637392
4/13/2021 4:50,1.892381212
4/13/2021 5:00,1.877643749
4/13/2021 5:10,1.785262483
4/13/2021 5:20,1.969518751
4/13/2021 5:30,1.892137414
4/13/2021 5:40,2.382543701
4/13/2021 5:50,3.451042616
4/13/2021 6:00,2.00063591
4/13/2021 6:10,2.784957293
4/13/2021 6:20,2.919442523
4/13/2021 6:30,1.865111148
4/13/2021 6:40,1.849852845
4/13/2021 6:50,1.441814804
4/13/2021 7:00,1.637849963
4/13/2021 7:10,2.719993984
4/13/2021 7:20,2.638332134
4/13/2021 7:30,2.406924433
4/13/2021 7:40,1.995675048
4/13/2021 7:50,2.256206238
4/13/2021 8:00,2.447793731
4/13/2021 8:10,2.301618795
4/13/2021 8:20,2.02250627
4/13/2021 8:30,2.47156868
4/13/2021 8:40,2.618098766
4/13/2021 8:50,2.205824995
4/13/2021 9:00,2.027662477
4/13/2021 9:10,2.940937477
4/13/2021 9:20,2.167424947
4/13/2021 9:30,2.529402012
4/13/2021 9:40,2.236431801
4/13/2021 9:50,2.853300065
4/13/2021 10:00,2.454131341
4/13/2021 10:10,1.934156218
4/13/2021 10:20,1.956206158
4/13/2021 10:30,2.426437443
4/13/2021 10:40,2.575085543
4/13/2021 10:50,2.204137473
4/13/2021 11:00,2.65148216
4/13/2021 11:10,2.668885273
4/13/2021 11:20,2.90635159
4/13/2021 11:30,2.731801552
4/13/2021 11:40,2.28643133
4/13/2021 11:50,2.777549998
4/13/2021 12:00,2.722896564
4/13/2021 12:10,2.809013623
4/13/2021 12:20,1.85977506
4/13/2021 12:30,3.029499468
4/13/2021 12:40,2.990852499
4/13/2021 12:50,2.062615583
4/13/2021 13:00,2.794597113
4/13/2021 13:10,2.034054819
4/13/2021 13:20,2.431115896
4/13/2021 13:30,2.532349175
4/13/2021 13:40,1.680449998
4/13/2021 13:50,2.99673748
4/13/2021 14:00,3.171168792
4/13/2021 14:10,1.819907686
4/13/2021 14:20,3.550249219
4/13/2021 14:30,1.599609138
4/13/2021 14:40,2.515350065
4/13/2021 14:50,1.881325022
4/13/2021 15:00,2.544809413
4/13/2021 15:10,2.892261866
4/13/2021 15:20,2.777100018
4/13/2021 15:30,2.458124915
4/13/2021 15:40,2.091476595
4/13/2021 15:50,2.493191838
4/13/2021 16:00,2.477174845
4/13/2021 16:10,3.051474496
4/13/2021 16:20,4.019029409
4/13/2021 16:30,4.025043666
4/13/2021 16:40,2.856436804
4/13/2021 16:50,2.276795894
4/13/2021 17:00,2.950425035
4/13/2021 17:10,2.921240908
4/13/2021 17:20,2.527124083
4/13/2021 17:30,1.641846395
4/13/2021 17:40,2.921775174
4/13/2021 17:50,2.427618778
4/13/2021 18:00,2.941312563
4/13/2021 18:10,2.673937476
4/13/2021 18:20,2.633043659
4/13/2021 18:30,2.838168788
4/13/2021 18:40,2.203578987
4/13/2021 18:50,1.927839302
4/13/2021 19:00,2.147328797
4/13/2021 19:10,2.511674857
4/13/2021 19:20,2.285118842
4/13/2021 19:30,2.294381249
4/13/2021 19:40,2.26741873
4/13/2021 19:50,2.327475011
4/13/2021 20:00,2.065331358
4/13/2021 20:10,2.026143801
4/13/2021 20:20,2.065912604
4/13/2021 20:30,2.043967178
4/13/2021 20:40,2.657418728
4/13/2021 20:50,3.357017446
4/13/2021 21:00,2.824086976
4/13/2021 21:10,2.487771612
4/13/2021 21:20,3.280687416
4/13/2021 21:30,2.504700679
4/13/2021 21:40,2.438636738
4/13/2021 21:50,2.162909371
4/13/2021 22:00,3.535624802
4/13/2021 22:10,3.891337967
4/13/2021 22:20,4.115888643
4/13/2021 22:30,3.944185448
4/13/2021 22:40,3.977654633
4/13/2021 22:50,4.526583946
4/13/2021 23:00,4.817625308
4/13/2021 23:10,4.717978284
4/13/2021 23:20,4.597603953
4/13/2021 23:30,4.640798831
4/13/2021 23:40,4.346286259
4/13/2021 23:50,3.890613997
4/14/2021 0:00,3.263090134
4/14/2021 0:10,2.801997674
4/14/2021 0:20,3.156902957
4/14/2021 0:30,3.050625134
4/14/2021 0:40,3.143426347
4/14/2021 0:50,2.785941041
4/14/2021 1:00,2.086329097
4/14/2021 1:10,1.109737535
4/14/2021 1:20,1.316906273
4/14/2021 1:30,1.291949975
4/14/2021 1:40,1.962449977
4/14/2021 1:50,0.929493726
4/14/2021 2:00,1.072612457
4/14/2021 2:10,1.55591249
4/14/2021 2:20,2.352975011
4/14/2021 2:30,1.951837486
4/14/2021 2:40,1.891143692
4/14/2021 2:50,1.800243741
4/14/2021 3:00,2.300456256
4/14/2021 3:10,1.412700039
4/14/2021 3:20,1.505325171
4/14/2021 3:30,1.742437524
4/14/2021 3:40,2.518706113
4/14/2021 3:50,2.133937585
4/14/2021 4:00,2.319093674
4/14/2021 4:10,1.856025016
4/14/2021 4:20,1.980375002
4/14/2021 4:30,2.453456181
4/14/2021 4:40,2.114812547
4/14/2021 4:50,1.695918679
4/14/2021 5:00,1.743431255
4/14/2021 5:10,1.534518635
4/14/2021 5:20,1.412043762
4/14/2021 5:30,1.495818639
4/14/2021 5:40,1.670568502
4/14/2021 5:50,1.703921004
4/14/2021 6:00,2.126550186
4/14/2021 6:10,2.760018826
4/14/2021 6:20,2.067337459
4/14/2021 6:30,2.603906262
4/14/2021 6:40,4.172916138
4/14/2021 6:50,4.263812995
4/14/2021 7:00,3.02348538
4/14/2021 7:10,2.314292312
4/14/2021 7:20,1.850287455
4/14/2021 7:30,2.063456285
4/14/2021 7:40,2.603268844
4/14/2021 7:50,2.72390635
4/14/2021 8:00,2.480343741
4/14/2021 8:10,2.24645623
4/14/2021 8:20,2.905488116
4/14/2021 8:30,2.467973757
4/14/2021 8:40,2.786925077
4/14/2021 8:50,3.07715624
4/14/2021 9:00,2.938500071
4/14/2021 9:10,3.582345223
4/14/2021 9:20,3.384831309
4/14/2021 9:30,3.406322545
4/14/2021 9:40,3.323566782
4/14/2021 9:50,3.576722193
4/14/2021 10:00,2.695560354
4/14/2021 10:10,3.02927689
4/14/2021 10:20,2.845274772
4/14/2021 10:30,3.561733019
4/14/2021 10:40,4.195441055
4/14/2021 10:50,4.206455028
4/14/2021 11:00,3.943371445
4/14/2021 11:10,3.772556472
4/14/2021 11:20,4.300158489
4/14/2021 11:30,4.243296242
4/14/2021 11:40,3.845321488
4/14/2021 11:50,3.909603477
4/14/2021 12:00,3.574126828
4/14/2021 12:10,4.249579638
4/14/2021 12:20,3.688208622
4/14/2021 12:30,4.433362997
4/14/2021 12:40,4.183400333
4/14/2021 12:50,4.170387965
4/14/2021 13:00,3.76438016
4/14/2021 13:10,4.488510438
4/14/2021 13:20,4.176234283
4/14/2021 13:30,4.13835093
4/14/2021 13:40,5.31045965
4/14/2021 13:50,6.37201196
4/14/2021 14:00,5.226315796
4/14/2021 14:10,4.407562105
4/14/2021 14:20,5.04513795
4/14/2021 14:30,4.882297111
4/14/2021 14:40,6.037056471
4/14/2021 14:50,4.705879116
4/14/2021 15:00,5.116797113
4/14/2021 15:10,5.999073664
4/14/2021 15:20,5.662094053
4/14/2021 15:30,5.997587657
4/14/2021 15:40,4.232331109
4/14/2021 15:50,7.074713957
4/14/2021 16:00,7.58130312
4/14/2021 16:10,5.299173641
4/14/2021 16:20,6.487322092
4/14/2021 16:30,5.648482859
4/14/2021 16:40,5.600721455
4/14/2021 16:50,4.83162142
4/14/2021 17:00,6.020308328
4/14/2021 17:10,5.916358328
4/14/2021 17:20,5.361896408
4/14/2021 17:30,5.207289338
4/14/2021 17:40,4.896051788
4/14/2021 17:50,4.379550397
4/14/2021 18:00,5.151212001
4/14/2021 18:10,4.631963217
4/14/2021 18:20,4.240758377
4/14/2021 18:30,4.887958539
4/14/2021 18:40,4.778959692
4/14/2021 18:50,4.331993127
4/14/2021 19:00,5.033767045
4/14/2021 19:10,4.755106735
4/14/2021 19:20,4.518453419
4/14/2021 19:30,4.739625597
4/14/2021 19:40,4.627786624
4/14/2021 19:50,4.463359928
4/14/2021 20:00,3.941790915
4/14/2021 20:10,3.624279284
4/14/2021 20:20,3.478025341
4/14/2021 20:30,3.716237879
4/14/2021 20:40,2.911831951
4/14/2021 20:50,2.470786911
4/14/2021 21:00,1.808266908
4/14/2021 21:10,2.188593853
4/14/2021 21:20,2.152650005
4/14/2021 21:30,2.581462452
4/14/2021 21:40,2.970135856
4/14/2021 21:50,3.10415805
4/14/2021 22:00,2.913558346
4/14/2021 22:10,2.478119141
4/14/2021 22:20,2.389594543
4/14/2021 22:30,3.098180926
4/14/2021 22:40,2.565771282
4/14/2021 22:50,2.26673913
4/14/2021 23:00,3.31489805
4/14/2021 23:10,3.250374866
4/14/2021 23:20,3.735375822
4/14/2021 23:30,4.454270538
4/14/2021 23:40,3.943275881
4/14/2021 23:50,3.3359851
4/15/2021 0:00,3.618654871
4/15/2021 0:10,3.268399
4/15/2021 0:20,3.680505073
4/15/2021 0:30,4.204077934
4/15/2021 0:40,4.030293954
4/15/2021 0:50,3.894578126
4/15/2021 1:00,4.235579443
4/15/2021 1:10,3.114274538
4/15/2021 1:20,2.972512782
4/15/2021 1:30,2.835781443
4/15/2021 1:40,3.624669182
4/15/2021 1:50,3.871104848
4/15/2021 2:00,3.331251705
4/15/2021 2:10,3.070968282
4/15/2021 2:20,3.855233872
4/15/2021 2:30,4.135824668
4/15/2021 2:40,3.410829008
4/15/2021 2:50,2.894940138
4/15/2021 3:00,2.786219513
4/15/2021 3:10,2.321519661
4/15/2021 3:20,2.809187722
4/15/2021 3:30,3.257057333
4/15/2021 3:40,3.228304017
4/15/2021 3:50,3.942329097
4/15/2021 4:00,3.748632306
4/15/2021 4:10,3.814879048
4/15/2021 4:20,3.412017024
4/15/2021 4:30,2.952019799
4/15/2021 4:40,2.754774559
4/15/2021 4:50,2.911108065
4/15/2021 5:00,3.717295897
4/15/2021 5:10,4.077389979
4/15/2021 5:20,4.027605224
4/15/2021 5:30,3.798191428
4/15/2021 5:40,4.181748235
4/15/2021 5:50,4.067681742
4/15/2021 6:00,3.922987103
4/15/2021 6:10,3.926142633
4/15/2021 6:20,3.422950375
4/15/2021 6:30,4.303610957
4/15/2021 6:40,3.534047019
4/15/2021 6:50,2.443945563
4/15/2021 7:00,3.108594537
4/15/2021 7:10,2.880015802
4/15/2021 7:20,2.459890765
4/15/2021 7:30,2.300754398
4/15/2021 7:40,2.788057268
4/15/2021 7:50,2.604166332
4/15/2021 8:00,2.556243794
4/15/2021 8:10,2.968800294
4/15/2021 8:20,3.641078377
4/15/2021 8:30,3.315677732
4/15/2021 8:40,3.770978725
4/15/2021 8:50,3.908842421
4/15/2021 9:00,5.12299701
4/15/2021 9:10,4.079710305
4/15/2021 9:20,4.262328088
4/15/2021 9:30,3.519104195
4/15/2021 9:40,4.962152886
4/15/2021 9:50,5.04458909
4/15/2021 10:00,4.515409273
4/15/2021 10:10,4.709498644
4/15/2021 10:20,4.176068187
4/15/2021 10:30,4.770754969
4/15/2021 10:40,4.523391104
4/15/2021 10:50,4.393732023
4/15/2021 11:00,4.689172721
4/15/2021 11:10,4.912943661
4/15/2021 11:20,4.419292575
4/15/2021 11:30,3.896646845
4/15/2021 11:40,3.890688217
4/15/2021 11:50,3.239571464
4/15/2021 12:00,3.004941493
4/15/2021 12:10,5.160715926
4/15/2021 12:20,4.314767277
4/15/2021 12:30,3.733575296
4/15/2021 12:40,2.934862322
4/15/2021 12:50,3.320946373
4/15/2021 13:00,4.595859146
4/15/2021 13:10,3.865146244
4/15/2021 13:20,4.04544391
4/15/2021 13:30,4.477077651
4/15/2021 13:40,3.992615044
4/15/2021 13:50,5.451051986
4/15/2021 14:00,4.18978591
4/15/2021 14:10,4.741630447
4/15/2021 14:20,4.622347784
4/15/2021 14:30,4.946541858
4/15/2021 14:40,4.585426986
4/15/2021 14:50,3.093054247
4/15/2021 15:00,3.94101069
4/15/2021 15:10,4.100655468
4/15/2021 15:20,5.21243124
4/15/2021 15:30,4.974868178
4/15/2021 15:40,4.497514975
4/15/2021 15:50,4.53209691
4/15/2021 16:00,3.920555353
4/15/2021 16:10,4.427812755
4/15/2021 16:20,4.874111021
4/15/2021 16:30,4.809402132
4/15/2021 16:40,4.232461131
4/15/2021 16:50,3.938765192
4/15/2021 17:00,4.207345951
4/15/2021 17:10,4.800213623
4/15/2021 17:20,5.959534597
4/15/2021 17:30,4.161181056
4/15/2021 17:40,3.77806958
4/15/2021 17:50,3.269141579
4/15/2021 18:00,3.531188303
4/15/2021 18:10,3.517266405
4/15/2021 18:20,3.79867388
4/15/2021 18:30,3.524635786
4/15/2021 18:40,3.30697186
4/15/2021 18:50,3.862510359
4/15/2021 19:00,4.105066609
4/15/2021 19:10,3.797690213
4/15/2021 19:20,3.299194276
4/15/2021 19:30,3.274431854
4/15/2021 19:40,2.144501495
4/15/2021 19:50,1.951221456
4/15/2021 20:00,2.270219165
4/15/2021 20:10,2.167661315
4/15/2021 20:20,2.157656103
4/15/2021 20:30,2.238699937
4/15/2021 20:40,1.907340863
4/15/2021 20:50,1.893066311
4/15/2021 21:00,2.167713062
4/15/2021 21:10,2.232203168
4/15/2021 21:20,2.247962654
4/15/2021 21:30,1.81811077
4/15/2021 21:40,1.544573912
4/15/2021 21:50,1.871043634
4/15/2021 22:00,1.998993748
4/15/2021 22:10,2.286281264
4/15/2021 22:20,2.51831249
4/15/2021 22:30,3.011128467
4/15/2021 22:40,3.828802874
4/15/2021 22:50,4.136052767
4/15/2021 23:00,4.192666945
4/15/2021 23:10,3.577835858
4/15/2021 23:20,4.304000962
4/15/2021 23:30,4.568757808
4/15/2021 23:40,4.594633913
4/15/2021 23:50,4.519418716
4/16/2021 0:00,4.528607202
4/16/2021 0:10,4.499111354
4/16/2021 0:20,4.626431572
4/16/2021 0:30,4.015019929
4/16/2021 0:40,4.434606624
4/16/2021 0:50,3.548525715
4/16/2021 1:00,2.998370337
4/16/2021 1:10,2.207292366
4/16/2021 1:20,2.400546366
4/16/2021 1:30,2.548118377
4/16/2021 1:40,2.966294372
4/16/2021 1:50,2.791138589
4/16/2021 2:00,2.456790823
4/16/2021 2:10,2.400379443
4/16/2021 2:20,2.476411396
4/16/2021 2:30,2.470916891
4/16/2021 2:40,2.493990117
4/16/2021 2:50,2.711505413
4/16/2021 3:00,2.660217273
4/16/2021 3:10,2.615296042
4/16/2021 3:20,3.004236031
4/16/2021 3:30,3.029796636
4/16/2021 3:40,3.06712594
4/16/2021 3:50,2.327688503
4/16/2021 4:00,2.349315775
4/16/2021 4:10,2.657118767
4/16/2021 4:20,2.901731175
4/16/2021 4:30,2.146331316
4/16/2021 4:40,2.624662483
4/16/2021 4:50,3.1170941
4/16/2021 5:00,2.38667267
4/16/2021 5:10,3.044700015
4/16/2021 5:20,3.560053051
4/16/2021 5:30,2.156950766
4/16/2021 5:40,2.451964122
4/16/2021 5:50,2.212137038
4/16/2021 6:00,2.402012932
4/16/2021 6:10,2.278862768
4/16/2021 6:20,2.507549965
4/16/2021 6:30,2.294813746
4/16/2021 6:40,3.035971904
4/16/2021 6:50,2.94322117
4/16/2021 7:00,1.592694026
4/16/2021 7:10,2.590837455
4/16/2021 7:20,2.931974995
4/16/2021 7:30,2.870990992
4/16/2021 7:40,1.956809884
4/16/2021 7:50,2.49794389
4/16/2021 8:00,2.196369442
4/16/2021 8:10,3.066634953
4/16/2021 8:20,3.919163215
4/16/2021 8:30,3.491761613
4/16/2021 8:40,2.640485299
4/16/2021 8:50,2.162448424
4/16/2021 9:00,2.300906318
4/16/2021 9:10,2.963268745
4/16/2021 9:20,1.807593837
4/16/2021 9:30,1.89808124
4/16/2021 9:40,2.686576402
4/16/2021 9:50,2.807343149
4/16/2021 10:00,2.858464825
4/16/2021 10:10,3.244323444
4/16/2021 10:20,2.114323235
4/16/2021 10:30,2.587963092
4/16/2021 10:40,2.365883645
4/16/2021 10:50,2.195006174
4/16/2021 11:00,1.734037527
4/16/2021 11:10,1.53926243
4/16/2021 11:20,1.514514702
4/16/2021 11:30,1.478681254
4/16/2021 11:40,1.746468729
4/16/2021 11:50,2.406956178
4/16/2021 12:00,2.356293714
4/16/2021 12:10,2.563912579
4/16/2021 12:20,3.128261262
4/16/2021 12:30,2.959908807
4/16/2021 12:40,2.886753994
4/16/2021 12:50,3.274951577
4/16/2021 13:00,3.107536435
4/16/2021 13:10,2.725687134
4/16/2021 13:20,3.531466776
4/16/2021 13:30,2.669933781
4/16/2021 13:40,2.206424955
4/16/2021 13:50,1.924931259
4/16/2021 14:00,2.411756136
4/16/2021 14:10,1.888537511
4/16/2021 14:20,2.311425099
4/16/2021 14:30,2.327924915
4/16/2021 14:40,2.67745139
4/16/2021 14:50,2.356312031
4/16/2021 15:00,1.919796479
4/16/2021 15:10,2.846325985
4/16/2021 15:20,2.608236825
4/16/2021 15:30,2.568450099
4/16/2021 15:40,2.333343714
4/16/2021 15:50,1.70906249
4/16/2021 16:00,2.110575169
4/16/2021 16:10,2.848687458
4/16/2021 16:20,2.992424941
4/16/2021 16:30,2.114850116
4/16/2021 16:40,1.876762372
4/16/2021 16:50,1.704600048
4/16/2021 17:00,1.727456325
4/16/2021 17:10,2.017556238
4/16/2021 17:20,1.790831208
4/16/2021 17:30,2.114793706
4/16/2021 17:40,1.879200023
4/16/2021 17:50,1.57783117
4/16/2021 18:00,1.562249964
4/16/2021 18:10,1.507856235
4/16/2021 18:20,1.555106217
4/16/2021 18:30,1.43688758
4/16/2021 18:40,1.485824883
4/16/2021 18:50,1.537424892
4/16/2021 19:00,1.394287509
4/16/2021 19:10,1.416881275
4/16/2021 19:20,1.381724995
4/16/2021 19:30,1.678631163
4/16/2021 19:40,2.274888177
4/16/2021 19:50,2.69208746
4/16/2021 20:00,2.950096226
4/16/2021 20:10,2.928538156
4/16/2021 20:20,3.040246509
4/16/2021 20:30,2.315416876
4/16/2021 20:40,1.967231214
4/16/2021 20:50,2.149331248
4/16/2021 21:00,2.305856282
4/16/2021 21:10,3.100706202
4/16/2021 21:20,4.394214702
4/16/2021 21:30,4.953744054
4/16/2021 21:40,5.29406898
4/16/2021 21:50,4.690602052
4/16/2021 22:00,4.346360648
4/16/2021 22:10,4.864439845
4/16/2021 22:20,5.382296515
4/16/2021 22:30,5.961131144
4/16/2021 22:40,5.689505959
4/16/2021 22:50,5.268229938
4/16/2021 23:00,4.367967284
4/16/2021 23:10,2.768269587
4/16/2021 23:20,1.920483017
4/16/2021 23:30,2.326667678
4/16/2021 23:40,2.337105566
4/16/2021 23:50,3.931430399
4/17/2021 0:00,4.439785624
4/17/2021 0:10,4.718167412
4/17/2021 0:20,5.062818402
4/17/2021 0:30,5.186295199
4/17/2021 0:40,4.953818417
4/17/2021 0:50,4.682991481
4/17/2021 1:00,4.180393195
4/17/2021 1:10,3.784250951
4/17/2021 1:20,3.499761987
4/17/2021 1:30,3.36954608
4/17/2021 1:40,3.084166265
4/17/2021 1:50,2.654388678
4/17/2021 2:00,2.644531953
4/17/2021 2:10,2.851912248
4/17/2021 2:20,2.462663478
4/17/2021 2:30,1.884300125
4/17/2021 2:40,1.622362339
4/17/2021 2:50,1.551318586
4/17/2021 3:00,1.199137622
4/17/2021 3:10,1.015031421
4/17/2021 3:20,1.187212762
4/17/2021 3:30,1.120612642
4/17/2021 3:40,1.02757521
4/17/2021 3:50,0.921356124
4/17/2021 4:00,0.638999915
4/17/2021 4:10,0.810506019
4/17/2021 4:20,0.692943481
4/17/2021 4:30,0.90076851
4/17/2021 4:40,1.155600041
4/17/2021 4:50,0.933862567
4/17/2021 5:00,0.801532683
4/17/2021 5:10,0.66939359
4/17/2021 5:20,0.852524927
4/17/2021 5:30,0.927412418
4/17/2021 5:40,0.739480889
4/17/2021 5:50,0.701699731
4/17/2021 6:00,0.604724889
4/17/2021 6:10,0.537899958
4/17/2021 6:20,0.315487767
4/17/2021 6:30,0.451518588
4/17/2021 6:40,0.476943806
4/17/2021 6:50,0.482887492
4/17/2021 7:00,0.752474916
4/17/2021 7:10,0.860493621
4/17/2021 7:20,0.757743475
4/17/2021 7:30,0.470137474
4/17/2021 7:40,0.948375124
4/17/2021 7:50,1.126987547
4/17/2021 8:00,1.16478748
4/17/2021 8:10,0.869006254
4/17/2021 8:20,1.211231208
4/17/2021 8:30,1.493250117
4/17/2021 8:40,1.461037433
4/17/2021 8:50,2.196375084
4/17/2021 9:00,1.978556246
4/17/2021 9:10,2.26241248
4/17/2021 9:20,2.046487525
4/17/2021 9:30,2.037412423
4/17/2021 9:40,2.704500043
4/17/2021 9:50,2.62916252
4/17/2021 10:00,3.174422163
4/17/2021 10:10,3.679298508
4/17/2021 10:20,3.415172699
4/17/2021 10:30,3.826406372
4/17/2021 10:40,3.239367354
4/17/2021 10:50,3.772345221
4/17/2021 11:00,3.53436259
4/17/2021 11:10,3.623482083
4/17/2021 11:20,4.048808938
4/17/2021 11:30,3.72551927
4/17/2021 11:40,3.360922274
4/17/2021 11:50,3.323500299
4/17/2021 12:00,3.180928379
4/17/2021 12:10,3.374613607
4/17/2021 12:20,3.989495503
4/17/2021 12:30,3.482907295
4/17/2021 12:40,2.567690545
4/17/2021 12:50,3.06780335
4/17/2021 13:00,3.237510967
4/17/2021 13:10,3.324876797
4/17/2021 13:20,3.408057708
4/17/2021 13:30,2.463027543
4/17/2021 13:40,3.644533405
4/17/2021 13:50,3.075516105
4/17/2021 14:00,2.476627959
4/17/2021 14:10,3.126367265
4/17/2021 14:20,1.679662541
4/17/2021 14:30,2.376393779
4/17/2021 14:40,3.255939311
4/17/2021 14:50,2.576333308
4/17/2021 15:00,1.839093712
4/17/2021 15:10,2.932145542
4/17/2021 15:20,2.565864122
4/17/2021 15:30,2.603343695
4/17/2021 15:40,2.663700062
4/17/2021 15:50,2.100656274
4/17/2021 16:00,2.305556308
4/17/2021 16:10,1.626356292
4/17/2021 16:20,3.082605433
4/17/2021 16:30,2.690309542
4/17/2021 16:40,3.189078808
4/17/2021 16:50,2.632158399
4/17/2021 17:00,2.448940825
4/17/2021 17:10,2.506042773
4/17/2021 17:20,3.267074811
4/17/2021 17:30,3.049194425
4/17/2021 17:40,3.543718058
4/17/2021 17:50,2.853155917
4/17/2021 18:00,2.872462869
4/17/2021 18:10,3.734076542
4/17/2021 18:20,3.478767824
4/17/2021 18:30,4.4720101
4/17/2021 18:40,4.813838518
4/17/2021 18:50,4.198937166
4/17/2021 19:00,4.020440125
4/17/2021 19:10,4.171334732
4/17/2021 19:20,4.595562112
4/17/2021 19:30,4.835259712
4/17/2021 19:40,3.426291561
4/17/2021 19:50,2.719969994
4/17/2021 20:00,2.796473905
4/17/2021 20:10,2.817515916
4/17/2021 20:20,3.429280221
4/17/2021 20:30,4.310534918
4/17/2021 20:40,4.327426767
4/17/2021 20:50,2.951295757
4/17/2021 21:00,3.102431637
4/17/2021 21:10,2.96701827
4/17/2021 21:20,3.091943872
4/17/2021 21:30,3.270923495
4/17/2021 21:40,2.705287021
4/17/2021 21:50,2.511562943
4/17/2021 22:00,2.47181254
4/17/2021 22:10,2.099531311
4/17/2021 22:20,3.665920568
4/17/2021 22:30,4.409769976
4/17/2021 22:40,3.456752753
4/17/2021 22:50,4.119452536
4/17/2021 23:00,3.444093132
4/17/2021 23:10,3.471175838
4/17/2021 23:20,3.631908417
4/17/2021 23:30,3.756834066
4/17/2021 23:40,3.713008034
4/17/2021 23:50,3.786775315
4/18/2021 0:00,4.372867835
4/18/2021 0:10,4.574110058
4/18/2021 0:20,3.699011898
4/18/2021 0:30,3.157766521
4/18/2021 0:40,3.152791774
4/18/2021 0:50,3.16567415
4/18/2021 1:00,3.234002686
4/18/2021 1:10,3.373592651
4/18/2021 1:20,3.527438653
4/18/2021 1:30,2.725482935
4/18/2021 1:40,2.751656222
4/18/2021 1:50,2.656931704
4/18/2021 2:00,2.424881899
4/18/2021 2:10,2.337675172
4/18/2021 2:20,2.675605553
4/18/2021 2:30,3.186501229
4/18/2021 2:40,3.103359866
4/18/2021 2:50,3.175085425
4/18/2021 3:00,2.99036405
4/18/2021 3:10,2.521448069
4/18/2021 3:20,2.248095632
4/18/2021 3:30,2.293893677
4/18/2021 3:40,2.09424386
4/18/2021 3:50,2.094318759
4/18/2021 4:00,2.107443798
4/18/2021 4:10,1.678893748
4/18/2021 4:20,1.605374873
4/18/2021 4:30,1.681218559
4/18/2021 4:40,1.442362472
4/18/2021 4:50,1.532099885
4/18/2021 5:00,1.740675032
4/18/2021 5:10,1.537274992
4/18/2021 5:20,1.236487558
4/18/2021 5:30,1.312875
4/18/2021 5:40,1.095881277
4/18/2021 5:50,0.764920933
4/18/2021 6:00,0.806305993
4/18/2021 6:10,0.931087622
4/18/2021 6:20,1.136212644
4/18/2021 6:30,0.839043671
4/18/2021 6:40,0.485850063
4/18/2021 6:50,0.348768853
4/18/2021 7:00,0.53819994
4/18/2021 7:10,0.469181234
4/18/2021 7:20,0.770812295
4/18/2021 7:30,1.23678748
4/18/2021 7:40,1.447631159
4/18/2021 7:50,1.213406289
4/18/2021 8:00,1.673099911
4/18/2021 8:10,2.329968774
4/18/2021 8:20,1.818599999
4/18/2021 8:30,1.978350094
4/18/2021 8:40,1.875318676
4/18/2021 8:50,1.31619361
4/18/2021 9:00,1.69768135
4/18/2021 9:10,2.13838129
4/18/2021 9:20,1.497731216
4/18/2021 9:30,1.40776877
4/18/2021 9:40,2.441531223
4/18/2021 9:50,2.572518772
4/18/2021 10:00,1.679493718
4/18/2021 10:10,1.26112505
4/18/2021 10:20,1.976456348
4/18/2021 10:30,1.238437496
4/18/2021 10:40,0.686062466
4/18/2021 10:50,2.170106298
4/18/2021 11:00,2.097749966
4/18/2021 11:10,1.571681223
4/18/2021 11:20,2.053462517
4/18/2021 11:30,2.155725059
4/18/2021 11:40,1.137693841
4/18/2021 11:50,2.144793807
4/18/2021 12:00,3.082150978
4/18/2021 12:10,2.983568329
4/18/2021 12:20,2.539421904
4/18/2021 12:30,4.077788341
4/18/2021 12:40,2.719895658
4/18/2021 12:50,3.182807374
4/18/2021 13:00,2.180217123
4/18/2021 13:10,2.952983102
4/18/2021 13:20,2.347810426
4/18/2021 13:30,2.610326216
4/18/2021 13:40,2.940106261
4/18/2021 13:50,2.091956294
4/18/2021 14:00,1.848281258
4/18/2021 14:10,1.786931336
4/18/2021 14:20,1.988212505
4/18/2021 14:30,2.467203811
4/18/2021 14:40,1.898880988
4/18/2021 14:50,2.656237489
4/18/2021 15:00,1.779225001
4/18/2021 15:10,1.171743861
4/18/2021 15:20,2.783156152
4/18/2021 15:30,2.577902776
4/18/2021 15:40,1.475850002
4/18/2021 15:50,2.640862525
4/18/2021 16:00,2.309174976
4/18/2021 16:10,2.939606321
4/18/2021 16:20,1.568660524
4/18/2021 16:30,2.058150031
4/18/2021 16:40,1.811645952
4/18/2021 16:50,1.390322262
4/18/2021 17:00,0.925169208
4/18/2021 17:10,1.102800024
4/18/2021 17:20,1.278637454
4/18/2021 17:30,1.555481201
4/18/2021 17:40,1.223624933
4/18/2021 17:50,1.052111999
4/18/2021 18:00,1.306232137
4/18/2021 18:10,1.210218725
4/18/2021 18:20,1.968947298
4/18/2021 18:30,2.786643577
4/18/2021 18:40,3.296640491
4/18/2021 18:50,3.015670562
4/18/2021 19:00,3.850927389
4/18/2021 19:10,4.314860046
4/18/2021 19:20,2.886289907
4/18/2021 19:30,3.795611107
4/18/2021 19:40,3.009192348
4/18/2021 19:50,3.477932537
4/18/2021 20:00,4.621586704
4/18/2021 20:10,3.513489922
4/18/2021 20:20,4.286069405
4/18/2021 20:30,4.551271987
4/18/2021 20:40,4.781911099
4/18/2021 20:50,4.960111105
4/18/2021 21:00,3.486529833
4/18/2021 21:10,3.605364144
4/18/2021 21:20,4.741593206
4/18/2021 21:30,3.142044032
4/18/2021 21:40,2.918997079
4/18/2021 21:50,3.467129183
4/18/2021 22:00,3.635862327
4/18/2021 22:10,3.679187095
4/18/2021 22:20,3.410699129
4/18/2021 22:30,3.162314367
4/18/2021 22:40,3.157785022
4/18/2021 22:50,3.246161151
4/18/2021 23:00,1.878742373
4/18/2021 23:10,2.023031199
4/18/2021 23:20,1.961606228
4/18/2021 23:30,2.034937602
4/18/2021 23:40,2.780954629
4/18/2021 23:50,1.974499959
4/19/2021 0:00,2.35969038
4/19/2021 0:10,2.552406242
4/19/2021 0:20,2.854115336
4/19/2021 0:30,3.117033888
4/19/2021 0:40,2.913756325
4/19/2021 0:50,2.574837534
4/19/2021 1:00,2.429503912
4/19/2021 1:10,2.761791241
4/19/2021 1:20,3.337896967
4/19/2021 1:30,3.862410809
4/19/2021 1:40,3.285420918
4/19/2021 1:50,2.830027044
4/19/2021 2:00,2.333313012
4/19/2021 2:10,2.261606258
4/19/2021 2:20,2.154524952
4/19/2021 2:30,2.617556179
4/19/2021 2:40,1.894401368
4/19/2021 2:50,1.64632498
4/19/2021 3:00,2.359931302
4/19/2021 3:10,2.29653756
4/19/2021 3:20,2.112337643
4/19/2021 3:30,1.807331151
4/19/2021 3:40,1.918387514
4/19/2021 3:50,1.805174929
4/19/2021 4:00,2.008612651
4/19/2021 4:10,1.81064977
4/19/2021 4:20,2.083931255
4/19/2021 4:30,1.980431396
4/19/2021 4:40,2.414849854
4/19/2021 4:50,2.569710888
4/19/2021 5:00,1.900537503
4/19/2021 5:10,1.294031239
4/19/2021 5:20,1.561331195
4/19/2021 5:30,2.091318667
4/19/2021 5:40,3.297880507
4/19/2021 5:50,3.199940479
4/19/2021 6:00,4.00824461
4/19/2021 6:10,4.755125332
4/19/2021 6:20,3.464827371
4/19/2021 6:30,3.054577553
4/19/2021 6:40,2.904054213
4/19/2021 6:50,2.815826702
4/19/2021 7:00,2.948808432
4/19/2021 7:10,2.725390184
4/19/2021 7:20,2.189336375
4/19/2021 7:30,1.826850003
4/19/2021 7:40,1.688099873
4/19/2021 7:50,1.820624954
4/19/2021 8:00,1.166118768
4/19/2021 8:10,1.299375099
4/19/2021 8:20,1.552875042
4/19/2021 8:30,1.859849954
4/19/2021 8:40,1.127718773
4/19/2021 8:50,1.91527496
4/19/2021 9:00,1.774106291
4/19/2021 9:10,1.821637467
4/19/2021 9:20,1.527206317
4/19/2021 9:30,1.497956279
4/19/2021 9:40,1.378687546
4/19/2021 9:50,1.179243642
4/19/2021 10:00,1.558031279
4/19/2021 10:10,1.908150136
4/19/2021 10:20,1.745531228
4/19/2021 10:30,2.221124969
4/19/2021 10:40,1.750804722
4/19/2021 10:50,1.301250024
4/19/2021 11:00,1.598400033
4/19/2021 11:10,1.515150034
4/19/2021 11:20,1.127006339
4/19/2021 11:30,1.608431295
4/19/2021 11:40,2.162231278
4/19/2021 11:50,1.494337459
4/19/2021 12:00,1.866637439
4/19/2021 12:10,1.258650088
4/19/2021 12:20,1.709662592
4/19/2021 12:30,1.426387428
4/19/2021 12:40,2.376918739
4/19/2021 12:50,1.526624966
4/19/2021 13:00,2.360156339
4/19/2021 13:10,1.534050027
4/19/2021 13:20,1.053712579
4/19/2021 13:30,2.752293801
4/19/2021 13:40,2.044537479
4/19/2021 13:50,2.173743786
4/19/2021 14:00,2.155818671
4/19/2021 14:10,3.090214193
4/19/2021 14:20,1.830940538
4/19/2021 14:30,2.363774958
4/19/2021 14:40,1.30966869
4/19/2021 14:50,2.054925007
4/19/2021 15:00,2.547000009
4/19/2021 15:10,2.126624995
4/19/2021 15:20,2.700956273
4/19/2021 15:30,2.603325009
4/19/2021 15:40,2.173275048
4/19/2021 15:50,2.615301633
4/19/2021 16:00,2.06786893
4/19/2021 16:10,2.306624913
4/19/2021 16:20,2.441289469
4/19/2021 16:30,3.341052455
4/19/2021 16:40,3.329265082
4/19/2021 16:50,2.927941619
4/19/2021 17:00,2.690812564
4/19/2021 17:10,2.470312437
4/19/2021 17:20,2.661267334
4/19/2021 17:30,2.320671982
4/19/2021 17:40,2.777563399
4/19/2021 17:50,2.699641097
4/19/2021 18:00,2.375494713
4/19/2021 18:10,2.480062522
4/19/2021 18:20,2.982074916
4/19/2021 18:30,3.212363589
4/19/2021 18:40,3.219356942
4/19/2021 18:50,3.131277764
4/19/2021 19:00,3.08177163
4/19/2021 19:10,3.496550703
4/19/2021 19:20,3.548098731
4/19/2021 19:30,3.749279141
4/19/2021 19:40,3.939767623
4/19/2021 19:50,4.086473253
4/19/2021 20:00,4.487287056
4/19/2021 20:10,4.294534063
4/19/2021 20:20,4.600536776
4/19/2021 20:30,4.487119985
4/19/2021 20:40,4.542956042
4/19/2021 20:50,4.06402483
4/19/2021 21:00,4.574029648
4/19/2021 21:10,5.228803229
4/19/2021 21:20,5.040041196
4/19/2021 21:30,5.021589971
4/19/2021 21:40,4.623517215
4/19/2021 21:50,4.242262113
4/19/2021 22:00,3.820076406
4/19/2021 22:10,3.70109086
4/19/2021 22:20,3.316327405
4/19/2021 22:30,3.450979769
4/19/2021 22:40,3.248648477
4/19/2021 22:50,3.441104525
4/19/2021 23:00,3.061111587
4/19/2021 23:10,2.601541179
4/19/2021 23:20,2.613105702
4/19/2021 23:30,4.008096039
4/19/2021 23:40,4.607460701
4/19/2021 23:50,4.260917354
4/20/2021 0:00,4.010397828
4/20/2021 0:10,3.706752431
4/20/2021 0:20,3.734837556
4/20/2021 0:30,3.501028237
4/20/2021 0:40,2.359114969
4/20/2021 0:50,2.970582247
4/20/2021 1:00,3.444872725
4/20/2021 1:10,4.219838583
4/20/2021 1:20,4.192384589
4/20/2021 1:30,4.106069016
4/20/2021 1:40,4.080118656
4/20/2021 1:50,4.082847261
4/20/2021 2:00,3.529814732
4/20/2021 2:10,3.469857848
4/20/2021 2:20,3.397297013
4/20/2021 2:30,3.382075775
4/20/2021 2:40,2.991910601
4/20/2021 2:50,2.871384251
4/20/2021 3:00,2.889519823
4/20/2021 3:10,3.312633383
4/20/2021 3:20,3.41084764
4/20/2021 3:30,3.356589437
4/20/2021 3:40,3.257094431
4/20/2021 3:50,3.077353822
4/20/2021 4:00,2.851633739
4/20/2021 4:10,2.235470062
4/20/2021 4:20,2.157006443
4/20/2021 4:30,1.614461678
4/20/2021 4:40,2.064758667
4/20/2021 4:50,2.414474994
4/20/2021 5:00,2.245593816
4/20/2021 5:10,2.114062572
4/20/2021 5:20,1.605112326
4/20/2021 5:30,1.556399834
4/20/2021 5:40,1.752862501
4/20/2021 5:50,1.441218662
4/20/2021 6:00,0.853706226
4/20/2021 6:10,0.447337471
4/20/2021 6:20,1.223175022
4/20/2021 6:30,0.838406314
4/20/2021 6:40,0.428868773
4/20/2021 6:50,0.517031235
4/20/2021 7:00,0.331818818
4/20/2021 7:10,0.794662425
4/20/2021 7:20,0.643931121
4/20/2021 7:30,0.501206116
4/20/2021 7:40,0.719475004
4/20/2021 7:50,1.259006494
4/20/2021 8:00,0.970931268
4/20/2021 8:10,1.097287503
4/20/2021 8:20,1.113337478
4/20/2021 8:30,0.97379998
4/20/2021 8:40,1.068075114
4/20/2021 8:50,1.255762529
4/20/2021 9:00,1.259024961
4/20/2021 9:10,1.25730473
4/20/2021 9:20,1.563098694
4/20/2021 9:30,2.158350027
4/20/2021 9:40,1.979099929
4/20/2021 9:50,2.267962509
4/20/2021 10:00,1.916287413
4/20/2021 10:10,1.385381317
4/20/2021 10:20,1.545206243
4/20/2021 10:30,1.496962556
4/20/2021 10:40,1.69484992
4/20/2021 10:50,1.181249997
4/20/2021 11:00,2.524800028
4/20/2021 11:10,2.29991252
4/20/2021 11:20,2.366493756
4/20/2021 11:30,2.507700074
4/20/2021 11:40,1.837556171
4/20/2021 11:50,1.080599985
4/20/2021 12:00,1.692018778
4/20/2021 12:10,1.967568733
4/20/2021 12:20,3.281100219
4/20/2021 12:30,2.933884215
4/20/2021 12:40,2.691680706
4/20/2021 12:50,2.456512479
4/20/2021 13:00,3.052556333
4/20/2021 13:10,3.137087846
4/20/2021 13:20,2.163822304
4/20/2021 13:30,1.55722499
4/20/2021 13:40,2.939603931
4/20/2021 13:50,2.934719485
4/20/2021 14:00,3.241269231
4/20/2021 14:10,2.315014327
4/20/2021 14:20,2.732456362
4/20/2021 14:30,4.610447955
4/20/2021 14:40,2.636215961
4/20/2021 14:50,2.691556889
4/20/2021 15:00,2.483643657
4/20/2021 15:10,2.206762528
4/20/2021 15:20,2.077668768
4/20/2021 15:30,2.995811105
4/20/2021 15:40,3.130195241
4/20/2021 15:50,2.542397141
4/20/2021 16:00,2.521640152
4/20/2021 16:10,2.036046667
4/20/2021 16:20,3.014242709
4/20/2021 16:30,2.348515749
4/20/2021 16:40,3.26183188
4/20/2021 16:50,3.001728898
4/20/2021 17:00,3.188728786
4/20/2021 17:10,2.263758108
4/20/2021 17:20,3.181430304
4/20/2021 17:30,2.923786175
4/20/2021 17:40,3.063450366
4/20/2021 17:50,5.183176649
4/20/2021 18:00,4.796853936
4/20/2021 18:10,4.695706856
4/20/2021 18:20,4.686406958
4/20/2021 18:30,4.187855387
4/20/2021 18:40,3.22887947
4/20/2021 18:50,1.781412831
4/20/2021 19:00,2.176627058
4/20/2021 19:10,4.58996306
4/20/2021 19:20,4.946913171
4/20/2021 19:30,5.128305888
4/20/2021 19:40,4.928684783
4/20/2021 19:50,3.813171303
4/20/2021 20:00,3.180685043
4/20/2021 20:10,2.046670949
4/20/2021 20:20,3.109689677
4/20/2021 20:30,3.957494748
4/20/2021 20:40,4.442681241
4/20/2021 20:50,4.234113097
4/20/2021 21:00,3.706845307
4/20/2021 21:10,3.574717367
4/20/2021 21:20,3.363494694
4/20/2021 21:30,3.609503448
4/20/2021 21:40,3.225686669
4/20/2021 21:50,3.388275731
4/20/2021 22:00,2.975130069
4/20/2021 22:10,3.248611355
4/20/2021 22:20,3.301013243
4/20/2021 22:30,3.459611356
4/20/2021 22:40,3.724962342
4/20/2021 22:50,3.679205704
4/20/2021 23:00,3.536367261
4/20/2021 23:10,2.996217132
4/20/2021 23:20,2.481942981
4/20/2021 23:30,2.554726595
4/20/2021 23:40,2.698604512
4/20/2021 23:50,2.699495417
4/21/2021 0:00,2.589735413
4/21/2021 0:10,2.495085204
4/21/2021 0:20,2.392012489
4/21/2021 0:30,2.512631071
4/21/2021 0:40,2.363550001
4/21/2021 0:50,1.951012725
4/21/2021 1:00,1.483987412
4/21/2021 1:10,1.279781249
4/21/2021 1:20,0.965718783
4/21/2021 1:30,0.860343693
4/21/2021 1:40,0.882731244
4/21/2021 1:50,0.648562387
4/21/2021 2:00,0.94316242
4/21/2021 2:10,1.539600003
4/21/2021 2:20,1.745530897
4/21/2021 2:30,1.625193673
4/21/2021 2:40,2.331187475
4/21/2021 2:50,4.969729006
4/21/2021 3:00,4.889202273
4/21/2021 3:10,3.738178742
4/21/2021 3:20,3.935999388
4/21/2021 3:30,5.250020146
4/21/2021 3:40,4.93848573
4/21/2021 3:50,5.648445618
4/21/2021 4:00,5.714324081
4/21/2021 4:10,4.712301564
4/21/2021 4:20,3.93464427
4/21/2021 4:30,5.410808563
4/21/2021 4:40,5.589509714
4/21/2021 4:50,4.670944381
4/21/2021 5:00,5.114513969
4/21/2021 5:10,4.652196348
4/21/2021 5:20,3.729008806
4/21/2021 5:30,4.214789474
4/21/2021 5:40,5.322803783
4/21/2021 5:50,5.598234165
4/21/2021 6:00,6.094725275
4/21/2021 6:10,6.506998456
4/21/2021 6:20,8.049208117
4/21/2021 6:30,7.719018364
4/21/2021 6:40,7.664351773
4/21/2021 6:50,7.153938746
4/21/2021 7:00,6.763457978
4/21/2021 7:10,7.391650128
4/21/2021 7:20,7.121472907
4/21/2021 7:30,6.545107269
4/21/2021 7:40,6.461390424
4/21/2021 7:50,7.083605361
4/21/2021 8:00,7.04798982
4/21/2021 8:10,5.328220788
4/21/2021 8:20,5.984909582
4/21/2021 8:30,7.296517253
4/21/2021 8:40,5.781780148
4/21/2021 8:50,8.678811049
4/21/2021 9:00,7.218591905
4/21/2021 9:10,6.491628695
4/21/2021 9:20,7.380159903
4/21/2021 9:30,9.133926249
4/21/2021 9:40,8.509910858
4/21/2021 9:50,7.995562434
4/21/2021 10:00,8.633685517
4/21/2021 10:10,7.173039556
4/21/2021 10:20,7.908003139
4/21/2021 10:30,7.838635111
4/21/2021 10:40,8.873030353
4/21/2021 10:50,9.066692924
4/21/2021 11:00,6.478597784
4/21/2021 11:10,8.341437531
4/21/2021 11:20,8.538775492
4/21/2021 11:30,7.965918231
4/21/2021 11:40,7.881978393
4/21/2021 11:50,6.799599123
4/21/2021 12:00,7.253192472
4/21/2021 12:10,6.646718431
4/21/2021 12:20,7.435568929
4/21/2021 12:30,6.655312753
4/21/2021 12:40,6.496269298
4/21/2021 12:50,6.083717799
4/21/2021 13:00,6.684171359
4/21/2021 13:10,6.834931424
4/21/2021 13:20,6.292713046
4/21/2021 13:30,5.495360744
4/21/2021 13:40,5.859909678
4/21/2021 13:50,5.70669477
4/21/2021 14:00,6.587633955
4/21/2021 14:10,7.003359795
4/21/2021 14:20,6.823192012
4/21/2021 14:30,6.848381341
4/21/2021 14:40,6.220141361
4/21/2021 14:50,7.293781598
4/21/2021 15:00,6.234166777
4/21/2021 15:10,5.957765404
4/21/2021 15:20,6.165428968
4/21/2021 15:30,6.128344962
4/21/2021 15:40,5.171909118
4/21/2021 15:50,6.74519248
4/21/2021 16:00,5.331045485
4/21/2021 16:10,5.691065216
4/21/2021 16:20,5.475276089
4/21/2021 16:30,6.096971369
4/21/2021 16:40,6.898927069
4/21/2021 16:50,5.81639924
4/21/2021 17:00,6.240960717
4/21/2021 17:10,6.017802286
4/21/2021 17:20,5.841272998
4/21/2021 17:30,6.252432323
4/21/2021 17:40,6.031649947
4/21/2021 17:50,5.038630462
4/21/2021 18:00,5.202834332
4/21/2021 18:10,5.230418241
4/21/2021 18:20,4.982107711
4/21/2021 18:30,5.574146835
4/21/2021 18:40,5.235652804
4/21/2021 18:50,5.434234333
4/21/2021 19:00,4.804761481
4/21/2021 19:10,5.5885445
4/21/2021 19:20,4.774263394
4/21/2021 19:30,4.828038836
4/21/2021 19:40,4.781576955
4/21/2021 19:50,4.290840054
4/21/2021 20:00,4.513237429
4/21/2021 20:10,5.242223978
4/21/2021 20:20,4.732497621
4/21/2021 20:30,4.950013065
4/21/2021 20:40,5.888793015
4/21/2021 20:50,4.576424205
4/21/2021 21:00,5.349292445
4/21/2021 21:10,4.927478206
4/21/2021 21:20,5.664112425
4/21/2021 21:30,4.695409751
4/21/2021 21:40,4.634097898
4/21/2021 21:50,5.534453332
4/21/2021 22:00,5.170605567
4/21/2021 22:10,4.333069837
4/21/2021 22:20,2.66833402
4/21/2021 22:30,2.486212438
4/21/2021 22:40,2.76834383
4/21/2021 22:50,3.112344134
4/21/2021 23:00,3.714158916
4/21/2021 23:10,3.000300777
4/21/2021 23:20,4.227244985
4/21/2021 23:30,4.84222064
4/21/2021 23:40,4.938095963
4/21/2021 23:50,4.34886657
4/22/2021 0:00,4.984724987
4/22/2021 0:10,4.777604675
4/22/2021 0:20,5.352596498
4/22/2021 0:30,5.296463585
4/22/2021 0:40,5.082270837
4/22/2021 0:50,4.519901419
4/22/2021 1:00,4.842629027
4/22/2021 1:10,4.984260833
4/22/2021 1:20,5.057211542
4/22/2021 1:30,4.654071105
4/22/2021 1:40,4.889332199
4/22/2021 1:50,4.616611946
4/22/2021 2:00,4.36262132
4/22/2021 2:10,4.356551385
4/22/2021 2:20,4.130070233
4/22/2021 2:30,4.825254512
4/22/2021 2:40,4.437910843
4/22/2021 2:50,4.350704145
4/22/2021 3:00,4.68636986
4/22/2021 3:10,4.351428103
4/22/2021 3:20,4.496958125
4/22/2021 3:30,4.283563507
4/22/2021 3:40,4.153867376
4/22/2021 3:50,4.097994256
4/22/2021 4:00,3.919200194
4/22/2021 4:10,3.7229761
4/22/2021 4:20,3.813338315
4/22/2021 4:30,4.03371562
4/22/2021 4:40,3.607591581
4/22/2021 4:50,3.511085212
4/22/2021 5:00,4.320038903
4/22/2021 5:10,4.224442041
4/22/2021 5:20,3.890484023
4/22/2021 5:30,4.259747887
4/22/2021 5:40,4.201721549
4/22/2021 5:50,4.412684369
4/22/2021 6:00,4.955878782
4/22/2021 6:10,4.979304695
4/22/2021 6:20,4.959962523
4/22/2021 6:30,4.080564094
4/22/2021 6:40,3.398503625
4/22/2021 6:50,2.898246282
4/22/2021 7:00,2.772017436
4/22/2021 7:10,2.404240948
4/22/2021 7:20,3.887722546
4/22/2021 7:30,3.955174446
4/22/2021 7:40,3.866130066
4/22/2021 7:50,3.234225553
4/22/2021 8:00,3.510368033
4/22/2021 8:10,2.942719921
4/22/2021 8:20,4.112565827
4/22/2021 8:30,4.152419567
4/22/2021 8:40,4.504364467
4/22/2021 8:50,4.228433025
4/22/2021 9:00,4.498610222
4/22/2021 9:10,4.401379788
4/22/2021 9:20,4.458032548
4/22/2021 9:30,3.74276377
4/22/2021 9:40,3.499984741
4/22/2021 9:50,3.441531491
4/22/2021 10:00,3.73483752
4/22/2021 10:10,3.691252732
4/22/2021 10:20,4.286069512
4/22/2021 10:30,4.747941661
4/22/2021 10:40,4.192830145
4/22/2021 10:50,4.002190641
4/22/2021 11:00,3.515503079
4/22/2021 11:10,4.245881712
4/22/2021 11:20,4.11343829
4/22/2021 11:30,4.888849652
4/22/2021 11:40,4.823955166
4/22/2021 11:50,4.608498012
4/22/2021 12:00,5.242186797
4/22/2021 12:10,4.136325848
4/22/2021 12:20,4.318535244
4/22/2021 12:30,3.992113864
4/22/2021 12:40,4.417083669
4/22/2021 12:50,4.337691808
4/22/2021 13:00,4.715513003
4/22/2021 13:10,4.548840308
4/22/2021 13:20,4.12973609
4/22/2021 13:30,4.751505574
4/22/2021 13:40,3.604802364
4/22/2021 13:50,4.17461251
4/22/2021 14:00,3.737896028
4/22/2021 14:10,3.685570549
4/22/2021 14:20,3.805226541
4/22/2021 14:30,4.606845153
4/22/2021 14:40,4.033155453
4/22/2021 14:50,3.360636055
4/22/2021 15:00,4.264017284
4/22/2021 15:10,3.666341913
4/22/2021 15:20,3.339289236
4/22/2021 15:30,4.041861379
4/22/2021 15:40,4.465958703
4/22/2021 15:50,3.849516547
4/22/2021 16:00,3.75247196
4/22/2021 16:10,3.656782246
4/22/2021 16:20,4.079524636
4/22/2021 16:30,3.901176006
4/22/2021 16:40,3.415451157
4/22/2021 16:50,3.739403939
4/22/2021 17:00,3.357202017
4/22/2021 17:10,3.609410703
4/22/2021 17:20,3.290024358
4/22/2021 17:30,3.147427225
4/22/2021 17:40,3.792622578
4/22/2021 17:50,3.311074257
4/22/2021 18:00,3.327891827
4/22/2021 18:10,4.204757492
4/22/2021 18:20,3.882854879
4/22/2021 18:30,3.743933117
4/22/2021 18:40,3.332198381
4/22/2021 18:50,3.926455566
4/22/2021 19:00,4.002196174
4/22/2021 19:10,3.400842464
4/22/2021 19:20,4.079023421
4/22/2021 19:30,5.311350644
4/22/2021 19:40,6.135581446
4/22/2021 19:50,6.472620654
4/22/2021 20:00,7.063984776
4/22/2021 20:10,6.747141504
4/22/2021 20:20,5.682934749
4/22/2021 20:30,5.987619698
4/22/2021 20:40,5.93363986
4/22/2021 20:50,6.886527371
4/22/2021 21:00,6.240218234
4/22/2021 21:10,4.599200368
4/22/2021 21:20,4.808715367
4/22/2021 21:30,5.629307783
4/22/2021 21:40,4.60068531
4/22/2021 21:50,5.374611616
4/22/2021 22:00,5.765834928
4/22/2021 22:10,5.578093839
4/22/2021 22:20,5.879975724
4/22/2021 22:30,6.4893641
4/22/2021 22:40,6.479801329
4/22/2021 22:50,6.844130611
4/22/2021 23:00,6.618773096
4/22/2021 23:10,7.586061279
4/22/2021 23:20,7.367370272
4/22/2021 23:30,6.841457582
4/22/2021 23:40,6.349402785
4/22/2021 23:50,5.850312901
4/23/2021 0:00,5.866555095
4/23/2021 0:10,5.981141424
4/23/2021 0:20,5.469837332
4/23/2021 0:30,5.283915281
4/23/2021 0:40,5.324975562
4/23/2021 0:50,5.616276836
4/23/2021 1:00,5.551864886
4/23/2021 1:10,5.473772669
4/23/2021 1:20,5.033692884
4/23/2021 1:30,4.45953604
4/23/2021 1:40,4.221602011
4/23/2021 1:50,3.986526489
4/23/2021 2:00,4.207383084
4/23/2021 2:10,4.532950795
4/23/2021 2:20,4.642407041
4/23/2021 2:30,4.166415668
4/23/2021 2:40,4.525191569
4/23/2021 2:50,4.87245903
4/23/2021 3:00,4.950755692
4/23/2021 3:10,4.594169915
4/23/2021 3:20,4.430300152
4/23/2021 3:30,4.873869634
4/23/2021 3:40,5.300027537
4/23/2021 3:50,6.095430684
4/23/2021 4:00,5.266392279
4/23/2021 4:10,5.985800576
4/23/2021 4:20,5.727199529
4/23/2021 4:30,6.055892513
4/23/2021 4:40,5.64692359
4/23/2021 4:50,6.522631997
4/23/2021 5:00,5.947487593
4/23/2021 5:10,5.433770299
4/23/2021 5:20,5.626133609
4/23/2021 5:30,6.22681613
4/23/2021 5:40,6.092873202
4/23/2021 5:50,6.272424126
4/23/2021 6:00,5.852540374
4/23/2021 6:10,5.574084282
4/23/2021 6:20,5.245057837
4/23/2021 6:30,5.132946563
4/23/2021 6:40,3.965550792
4/23/2021 6:50,4.900506842
4/23/2021 7:00,5.904088449
4/23/2021 7:10,5.138273931
4/23/2021 7:20,5.24129585
4/23/2021 7:30,5.554937065
4/23/2021 7:40,4.786751181
4/23/2021 7:50,4.960463667
4/23/2021 8:00,4.221137941
4/23/2021 8:10,4.881684566
4/23/2021 8:20,5.039372945
4/23/2021 8:30,4.81563915
4/23/2021 8:40,5.37440753
4/23/2021 8:50,5.459887755
4/23/2021 9:00,5.430299175
4/23/2021 9:10,6.963914323
4/23/2021 9:20,6.542731261
4/23/2021 9:30,6.098697662
4/23/2021 9:40,6.122290611
4/23/2021 9:50,5.490404582
4/23/2021 10:00,5.458588374
4/23/2021 10:10,5.337857866
4/23/2021 10:20,5.833198297
4/23/2021 10:30,5.589955258
4/23/2021 10:40,4.761028302
4/23/2021 10:50,5.682266521
4/23/2021 11:00,5.205804265
4/23/2021 11:10,4.913370669
4/23/2021 11:20,5.014387858
4/23/2021 11:30,4.768358469
4/23/2021 11:40,5.019715238
4/23/2021 11:50,4.115146041
4/23/2021 12:00,4.294812477
4/23/2021 12:10,3.731422022
4/23/2021 12:20,4.697266042
4/23/2021 12:30,5.237230635
4/23/2021 12:40,5.306283069
4/23/2021 12:50,4.637958843
4/23/2021 13:00,6.141558599
4/23/2021 13:10,5.668567407
4/23/2021 13:20,5.231587654
4/23/2021 13:30,5.891298842
4/23/2021 13:40,4.3884974
4/23/2021 13:50,5.435700905
4/23/2021 14:00,5.448341942
4/23/2021 14:10,5.218445361
4/23/2021 14:20,5.517078876
4/23/2021 14:30,5.611265028
4/23/2021 14:40,4.505689345
4/23/2021 14:50,5.433528984
4/23/2021 15:00,5.343964958
4/23/2021 15:10,5.656446087
4/23/2021 15:20,5.114402509
4/23/2021 15:30,5.065824401
4/23/2021 15:40,4.42471289
4/23/2021 15:50,6.047873545
4/23/2021 16:00,5.461651278
4/23/2021 16:10,4.949678922
4/23/2021 16:20,5.202240217
4/23/2021 16:30,5.249871624
4/23/2021 16:40,5.03460238
4/23/2021 16:50,4.496438318
4/23/2021 17:00,5.554148149
4/23/2021 17:10,5.601946592
4/23/2021 17:20,5.484130406
4/23/2021 17:30,4.697600198
4/23/2021 17:40,4.697730088
4/23/2021 17:50,4.758243895
4/23/2021 18:00,4.426736212
4/23/2021 18:10,4.418977022
4/23/2021 18:20,4.496252728
4/23/2021 18:30,4.990182316
4/23/2021 18:40,4.093504153
4/23/2021 18:50,4.320243168
4/23/2021 19:00,4.241890776
4/23/2021 19:10,5.735429668
4/23/2021 19:20,6.62863853
4/23/2021 19:30,7.298039341
4/23/2021 19:40,7.516705585
4/23/2021 19:50,6.989215016
4/23/2021 20:00,6.777918172
4/23/2021 20:10,7.305631542
4/23/2021 20:20,7.804981327
4/23/2021 20:30,8.152508354
4/23/2021 20:40,8.959587312
4/23/2021 20:50,8.314763355
4/23/2021 21:00,7.600162697
4/23/2021 21:10,7.975756216
4/23/2021 21:20,7.365941
4/23/2021 21:30,7.099323525
4/23/2021 21:40,7.805333972
4/23/2021 21:50,8.187220287
4/23/2021 22:00,7.96575098
4/23/2021 22:10,8.424393296
4/23/2021 22:20,8.855915666
4/23/2021 22:30,7.852259994
4/23/2021 22:40,6.036754608
4/23/2021 22:50,8.246156216
4/23/2021 23:00,8.101583189
4/23/2021 23:10,8.875647712
4/23/2021 23:20,8.337520742
4/23/2021 23:30,7.866998601
4/23/2021 23:40,7.682450151
4/23/2021 23:50,7.255995357
4/24/2021 0:00,6.203854227
4/24/2021 0:10,6.094391179
4/24/2021 0:20,5.772666025
4/24/2021 0:30,5.856809711
4/24/2021 0:40,5.480455112
4/24/2021 0:50,5.389313197
4/24/2021 1:00,6.145382333
4/24/2021 1:10,5.108889532
4/24/2021 1:20,5.841532826
4/24/2021 1:30,5.032541919
4/24/2021 1:40,5.300064671
4/24/2021 1:50,5.88034699
4/24/2021 2:00,6.728575678
4/24/2021 2:10,6.295590162
4/24/2021 2:20,6.331638503
4/24/2021 2:30,6.470059037
4/24/2021 2:40,6.338840675
4/24/2021 2:50,5.997049403
4/24/2021 3:00,6.051511812
4/24/2021 3:10,5.483666325
4/24/2021 3:20,5.535028839
4/24/2021 3:30,4.942848003
4/24/2021 3:40,3.517934644
4/24/2021 3:50,3.702761519
4/24/2021 4:00,3.439656711
4/24/2021 4:10,3.413242257
4/24/2021 4:20,2.841999811
4/24/2021 4:30,2.510529304
4/24/2021 4:40,2.471158189
4/24/2021 4:50,3.256797469
4/24/2021 5:00,2.81823982
4/24/2021 5:10,2.842630959
4/24/2021 5:20,2.849183524
4/24/2021 5:30,3.154632443
4/24/2021 5:40,3.420388744
4/24/2021 5:50,2.647368174
4/24/2021 6:00,2.781337583
4/24/2021 6:10,3.210595357
4/24/2021 6:20,3.023596811
4/24/2021 6:30,3.184768836
4/24/2021 6:40,3.007558809
4/24/2021 6:50,2.872126758
4/24/2021 7:00,2.609077525
4/24/2021 7:10,2.379459363
4/24/2021 7:20,2.607369804
4/24/2021 7:30,2.583981013
4/24/2021 7:40,2.413632989
4/24/2021 7:50,2.056905133
4/24/2021 8:00,2.009268746
4/24/2021 8:10,2.797143674
4/24/2021 8:20,2.391918719
4/24/2021 8:30,3.088762504
4/24/2021 8:40,3.077038133
4/24/2021 8:50,3.11319797
4/24/2021 9:00,3.196720406
4/24/2021 9:10,3.039486295
4/24/2021 9:20,3.948603249
4/24/2021 9:30,4.327469725
4/24/2021 9:40,3.998112415
4/24/2021 9:50,3.976725543
4/24/2021 10:00,3.500846929
4/24/2021 10:10,3.983809559
4/24/2021 10:20,3.991965318
4/24/2021 10:30,4.498811433
4/24/2021 10:40,4.671074355
4/24/2021 10:50,4.826553762
4/24/2021 11:00,5.217944133
4/24/2021 11:10,4.649616158
4/24/2021 11:20,4.933789492
4/24/2021 11:30,5.072302759
4/24/2021 11:40,5.444629478
4/24/2021 11:50,4.60887146
4/24/2021 12:00,4.990627837
4/24/2021 12:10,5.386900055
4/24/2021 12:20,5.711762416
4/24/2021 12:30,5.060979593
4/24/2021 12:40,6.305298281
4/24/2021 12:50,5.399299729
4/24/2021 13:00,5.483109462
4/24/2021 13:10,6.376301924
4/24/2021 13:20,5.50251787
4/24/2021 13:30,5.056096667
4/24/2021 13:40,5.332660353
4/24/2021 13:50,5.02244392
4/24/2021 14:00,6.556745958
4/24/2021 14:10,5.624908483
4/24/2021 14:20,5.718704772
4/24/2021 14:30,5.34058665
4/24/2021 14:40,5.122792721
4/24/2021 14:50,5.427793348
4/24/2021 15:00,6.057377577
4/24/2021 15:10,5.181487393
4/24/2021 15:20,4.813244462
4/24/2021 15:30,4.799953818
4/24/2021 15:40,5.858851612
4/24/2021 15:50,5.947970247
4/24/2021 16:00,5.1026896
4/24/2021 16:10,5.200264427
4/24/2021 16:20,3.877286184
4/24/2021 16:30,4.777555082
4/24/2021 16:40,4.70721945
4/24/2021 16:50,5.247235751
4/24/2021 17:00,4.459673894
4/24/2021 17:10,4.899096107
4/24/2021 17:20,5.170981121
4/24/2021 17:30,5.955785
4/24/2021 17:40,6.309883261
4/24/2021 17:50,7.115774202
4/24/2021 18:00,7.253693533
4/24/2021 18:10,7.082695794
4/24/2021 18:20,5.537516141
4/24/2021 18:30,6.40037539
4/24/2021 18:40,6.317735147
4/24/2021 18:50,5.844892621
4/24/2021 19:00,6.400635338
4/24/2021 19:10,7.266453193
4/24/2021 19:20,6.889051771
4/24/2021 19:30,6.529533339
4/24/2021 19:40,6.545200062
4/24/2021 19:50,6.89725647
4/24/2021 20:00,6.245415688
4/24/2021 20:10,6.605064154
4/24/2021 20:20,6.644101048
4/24/2021 20:30,6.432804155
4/24/2021 20:40,5.88864454
4/24/2021 20:50,5.791191277
4/24/2021 21:00,5.971228933
4/24/2021 21:10,5.59312062
4/24/2021 21:20,5.568682575
4/24/2021 21:30,4.988138475
4/24/2021 21:40,4.685460222
4/24/2021 21:50,5.055868807
4/24/2021 22:00,4.574196625
4/24/2021 22:10,4.802630701
4/24/2021 22:20,4.354860397
4/24/2021 22:30,3.691011441
4/24/2021 22:40,4.345309283
4/24/2021 22:50,4.380255747
4/24/2021 23:00,4.091645944
4/24/2021 23:10,4.752006888
4/24/2021 23:20,4.953827143
4/24/2021 23:30,4.226335406
4/24/2021 23:40,3.565282277
4/24/2021 23:50,4.554000616
4/25/2021 0:00,4.486169388
4/25/2021 0:10,4.159469429
4/25/2021 0:20,3.920361259
4/25/2021 0:30,4.909999847
4/25/2021 0:40,3.537555408
4/25/2021 0:50,3.054686911
4/25/2021 1:00,3.036571968
4/25/2021 1:10,2.898658832
4/25/2021 1:20,3.589999914
4/25/2021 1:30,3.109281182
4/25/2021 1:40,4.026602924
4/25/2021 1:50,5.190075715
4/25/2021 2:00,4.009591139
4/25/2021 2:10,3.309088055
4/25/2021 2:20,3.809999943
4/25/2021 2:30,4.606493498
4/25/2021 2:40,4.368520021
4/25/2021 2:50,3.970000029
4/25/2021 3:00,4.460000038
4/25/2021 3:10,4.369999886
4/25/2021 3:20,5.352497598
4/25/2021 3:30,4.196649373
4/25/2021 3:40,4.111953259
4/25/2021 3:50,3.972302415
4/25/2021 4:00,3.685213645
4/25/2021 4:10,4.650000095
4/25/2021 4:20,4.550000191
4/25/2021 4:30,3.717388821
4/25/2021 4:40,4.362574905
4/25/2021 4:50,4.271665096
4/25/2021 5:00,5.733127737
4/25/2021 5:10,5.71999979
4/25/2021 5:20,6.170000076
4/25/2021 5:30,5.71999979
4/25/2021 5:40,5.28000021
4/25/2021 5:50,5.483213016
4/25/2021 6:00,4.587837475
4/25/2021 6:10,4.679999828
4/25/2021 6:20,4.76065433
4/25/2021 6:30,4.542445481
4/25/2021 6:40,4.78000021
4/25/2021 6:50,5.039999962
4/25/2021 7:00,5.110000134
4/25/2021 7:10,4.829034984
4/25/2021 7:20,5.289929533
4/25/2021 7:30,5.730000019
4/25/2021 7:40,5.760000229
4/25/2021 7:50,6.480000019
4/25/2021 8:00,6.369999886
4/25/2021 8:10,6.5
4/25/2021 8:20,5.260000229
4/25/2021 8:30,5.320000172
4/25/2021 8:40,5.179999828
4/25/2021 8:50,5.409999847
4/25/2021 9:00,4.730000019
4/25/2021 9:10,5.789999962
4/25/2021 9:20,6.340000153
4/25/2021 9:30,7.304628976
4/25/2021 9:40,8.448941524
4/25/2021 9:50,6.690000057
4/25/2021 10:00,5.340000153
4/25/2021 10:10,5.449999809
4/25/2021 10:20,6.559999943
4/25/2021 10:30,4.96999979
4/25/2021 10:40,5.96999979
4/25/2021 10:50,5.430800438
4/25/2021 11:00,6.920000076
4/25/2021 11:10,5.163309951
4/25/2021 11:20,6.22156291
4/25/2021 11:30,5.700235021
4/25/2021 11:40,5.93707397
4/25/2021 11:50,5.990142232
4/25/2021 12:00,6.711501455
4/25/2021 12:10,6.075457442
4/25/2021 12:20,6.670756698
4/25/2021 12:30,7.33351239
4/25/2021 12:40,6.340919709
4/25/2021 12:50,7.263884401
4/25/2021 13:00,6.009226406
4/25/2021 13:10,5.956973052
4/25/2021 13:20,7.822114444
4/25/2021 13:30,7.49747498
4/25/2021 13:40,7.493057013
4/25/2021 13:50,7.03443327
4/25/2021 14:00,7.069479322
4/25/2021 14:10,7.773740625
4/25/2021 14:20,7.914864937
4/25/2021 14:30,7.124459323
4/25/2021 14:40,6.77008481
4/25/2021 14:50,7.731399488
4/25/2021 15:00,7.656035686
4/25/2021 15:10,7.227427649
4/25/2021 15:20,7.744857311
4/25/2021 15:30,7.406629944
4/25/2021 15:40,5.579801536
4/25/2021 15:50,6.422112131
4/25/2021 16:00,8.141352439
4/25/2021 16:10,7.522534251
4/25/2021 16:20,8.087929416
4/25/2021 16:30,8.140257096
4/25/2021 16:40,7.915913758
4/25/2021 16:50,5.727855992
4/25/2021 17:00,6.667155671
4/25/2021 17:10,6.735706949
4/25/2021 17:20,6.805372119
4/25/2021 17:30,6.745489442
4/25/2021 17:40,7.433842683
4/25/2021 17:50,8.011284876
4/25/2021 18:00,8.28523035
4/25/2021 18:10,6.924747539
4/25/2021 18:20,6.944498062
4/25/2021 18:30,7.759373188
4/25/2021 18:40,7.059566927
4/25/2021 18:50,7.162069082
4/25/2021 19:00,7.32588315
4/25/2021 19:10,7.412885618
4/25/2021 19:20,6.937165785
4/25/2021 19:30,7.561799852
4/25/2021 19:40,7.215995766
4/25/2021 19:50,6.178999043
4/25/2021 20:00,6.727075553
4/25/2021 20:10,6.260334027
4/25/2021 20:20,5.57768538
4/25/2021 20:30,5.737285769
4/25/2021 20:40,7.190933728
4/25/2021 20:50,6.512158871
4/25/2021 21:00,6.757202363
4/25/2021 21:10,6.897237849
4/25/2021 21:20,6.711742854
4/25/2021 21:30,6.961556911
4/25/2021 21:40,7.534952617
4/25/2021 21:50,6.964879632
4/25/2021 22:00,6.994653916
4/25/2021 22:10,7.056411338
4/25/2021 22:20,6.668306565
4/25/2021 22:30,6.269621253
4/25/2021 22:40,6.618094993
4/25/2021 22:50,6.628304386
4/25/2021 23:00,6.398055053
4/25/2021 23:10,6.078334641
4/25/2021 23:20,5.825476217
4/25/2021 23:30,5.740831304
4/25/2021 23:40,5.540634632
4/25/2021 23:50,5.449288583
4/26/2021 0:00,5.489999771
4/26/2021 0:10,5.420000076
4/26/2021 0:20,4.639999866
4/26/2021 0:30,4.860000134
4/26/2021 0:40,4.960000038
4/26/2021 0:50,5.059999943
4/26/2021 1:00,4.71999979
4/26/2021 1:10,4.699999809
4/26/2021 1:20,4.519999981
4/26/2021 1:30,4.239999771
4/26/2021 1:40,4.179999828
4/26/2021 1:50,3.950000048
4/26/2021 2:00,3.799999952
4/26/2021 2:10,3.529999971
4/26/2021 2:20,3.480000019
4/26/2021 2:30,3.24000001
4/26/2021 2:40,3.480000019
4/26/2021 2:50,3.720000029
4/26/2021 3:00,2.220000029
4/26/2021 3:10,3
4/26/2021 3:20,3.369999886
4/26/2021 3:30,2.930000067
4/26/2021 3:40,3.480000019
4/26/2021 3:50,3.779999971
4/26/2021 4:00,4.139999866
4/26/2021 4:10,3.779999971
4/26/2021 4:20,4.460000038
4/26/2021 4:30,4.349999905
4/26/2021 4:40,4.670000076
4/26/2021 4:50,4.909999847
4/26/2021 5:00,5.059999943
4/26/2021 5:10,5.179999828
4/26/2021 5:20,5.329999924
4/26/2021 5:30,5.210000038
4/26/2021 5:40,4.489999771
4/26/2021 5:50,4.329999924
4/26/2021 6:00,5.329999924
4/26/2021 6:10,5.349999905
4/26/2021 6:20,5.71999979
4/26/2021 6:30,6.010000229
4/26/2021 6:40,5.550000191
4/26/2021 6:50,5.769999981
4/26/2021 7:00,6.328983998
4/26/2021 7:10,5.383837247
4/26/2021 7:20,5.72958535
4/26/2021 7:30,5.553679085
4/26/2021 7:40,4.86369741
4/26/2021 7:50,4.951553714
4/26/2021 8:00,4.791303706
4/26/2021 8:10,5.040728033
4/26/2021 8:20,5.77301867
4/26/2021 8:30,5.160734534
4/26/2021 8:40,4.531168747
4/26/2021 8:50,4.535995042
4/26/2021 9:00,4.819280723
4/26/2021 9:10,4.65596447
4/26/2021 9:20,4.128863764
4/26/2021 9:30,4.216218877
4/26/2021 9:40,4.478302828
4/26/2021 9:50,4.673506021
4/26/2021 10:00,4.26465037
4/26/2021 10:10,4.512531948
4/26/2021 10:20,4.274857759
4/26/2021 10:30,3.933214962
4/26/2021 10:40,3.556581879
4/26/2021 10:50,3.997626758
4/26/2021 11:00,3.028178356
4/26/2021 11:10,3.797287464
4/26/2021 11:20,3.561412466
4/26/2021 11:30,4.152112567
4/26/2021 11:40,3.356403875
4/26/2021 11:50,4.386975253
4/26/2021 12:00,3.188311201
4/26/2021 12:10,3.525898027
4/26/2021 12:20,4.762750638
4/26/2021 12:30,4.535104132
4/26/2021 12:40,4.041007459
4/26/2021 12:50,3.876784939
4/26/2021 13:00,3.841779202
4/26/2021 13:10,3.664262843
4/26/2021 13:20,4.094337511
4/26/2021 13:30,3.997572675
4/26/2021 13:40,3.737794424
4/26/2021 13:50,3.678741664
4/26/2021 14:00,3.47082302
4/26/2021 14:10,3.97152797
4/26/2021 14:20,4.268968557
4/26/2021 14:30,3.753556408
4/26/2021 14:40,4.537461436
4/26/2021 14:50,3.789541197
4/26/2021 15:00,3.898744422
4/26/2021 15:10,3.654201949
4/26/2021 15:20,4.146683669
4/26/2021 15:30,3.116613448
4/26/2021 15:40,4.345599413
4/26/2021 15:50,3.966089135
4/26/2021 16:00,3.414226031
4/26/2021 16:10,3.699412528
4/26/2021 16:20,3.493747747
4/26/2021 16:30,3.245088066
4/26/2021 16:40,3.927008321
4/26/2021 16:50,3.328513282
4/26/2021 17:00,3.574359781
4/26/2021 17:10,3.462841213
4/26/2021 17:20,3.519308341
4/26/2021 17:30,2.97960366
4/26/2021 17:40,3.44776845
4/26/2021 17:50,3.00698337
4/26/2021 18:00,3.135807168
4/26/2021 18:10,3.283416057
4/26/2021 18:20,3.584202838
4/26/2021 18:30,3.766913426
4/26/2021 18:40,3.895811522
4/26/2021 18:50,3.832884693
4/26/2021 19:00,3.579246628
4/26/2021 19:10,3.424341384
4/26/2021 19:20,3.518565857
4/26/2021 19:30,3.615035129
4/26/2021 19:40,4.246327305
4/26/2021 19:50,3.25551666
4/26/2021 20:00,2.782859713
4/26/2021 20:10,2.38835088
4/26/2021 20:20,2.674640253
4/26/2021 20:30,3.714455867
4/26/2021 20:40,3.862065005
4/26/2021 20:50,4.509933388
4/26/2021 21:00,4.522203052
4/26/2021 21:10,3.441178811
4/26/2021 21:20,4.092555535
4/26/2021 21:30,4.3577951
4/26/2021 21:40,3.667511284
4/26/2021 21:50,4.195874393
4/26/2021 22:00,3.637421489
4/26/2021 22:10,2.327707177
4/26/2021 22:20,3.891727829
4/26/2021 22:30,5.296946144
4/26/2021 22:40,3.223552042
4/26/2021 22:50,2.732982218
4/26/2021 23:00,2.436316305
4/26/2021 23:10,3.403738272
4/26/2021 23:20,4.305875695
4/26/2021 23:30,5.04768889
4/26/2021 23:40,5.169570422
4/26/2021 23:50,5.045182955
4/27/2021 0:00,4.950922596
4/27/2021 0:10,5.598865223
4/27/2021 0:20,5.832567191
4/27/2021 0:30,5.848029733
4/27/2021 0:40,5.398130345
4/27/2021 0:50,5.256145787
4/27/2021 1:00,4.957679319
4/27/2021 1:10,5.574214244
4/27/2021 1:20,5.353635967
4/27/2021 1:30,5.696856523
4/27/2021 1:40,6.097531218
4/27/2021 1:50,6.141484165
4/27/2021 2:00,5.693404055
4/27/2021 2:10,5.323973179
4/27/2021 2:20,4.867931592
4/27/2021 2:30,4.785567856
4/27/2021 2:40,4.224794757
4/27/2021 2:50,4.72960186
4/27/2021 3:00,5.449177253
4/27/2021 3:10,5.413611472
4/27/2021 3:20,6.313038945
4/27/2021 3:30,5.331119728
4/27/2021 3:40,5.191492558
4/27/2021 3:50,5.315749955
4/27/2021 4:00,5.655722189
4/27/2021 4:10,5.467349899
4/27/2021 4:20,6.026656651
4/27/2021 4:30,5.485726714
4/27/2021 4:40,5.193014741
4/27/2021 4:50,4.791006696
4/27/2021 5:00,4.840717101
4/27/2021 5:10,4.512723509
4/27/2021 5:20,4.516300249
4/27/2021 5:30,4.274322372
4/27/2021 5:40,3.993899379
4/27/2021 5:50,4.326517236
4/27/2021 6:00,4.726483321
4/27/2021 6:10,4.792677259
4/27/2021 6:20,4.906632543
4/27/2021 6:30,4.561629832
4/27/2021 6:40,3.370269964
4/27/2021 6:50,2.395456031
4/27/2021 7:00,3.126845282
4/27/2021 7:10,1.97844041
4/27/2021 7:20,3.170703963
4/27/2021 7:30,3.092018133
4/27/2021 7:40,3.624523242
4/27/2021 7:50,3.262060398
4/27/2021 8:00,2.687077272
4/27/2021 8:10,3.19691484
4/27/2021 8:20,2.663521338
4/27/2021 8:30,2.929522002
4/27/2021 8:40,2.79104569
4/27/2021 8:50,2.309274668
4/27/2021 9:00,2.866762102
4/27/2021 9:10,2.179315138
4/27/2021 9:20,2.301337492
4/27/2021 9:30,2.844105816
4/27/2021 9:40,2.287723628
4/27/2021 9:50,2.334983748
4/27/2021 10:00,2.323363584
4/27/2021 10:10,2.019475719
4/27/2021 10:20,2.160487497
4/27/2021 10:30,1.982175016
4/27/2021 10:40,1.887318927
4/27/2021 10:50,1.953037572
4/27/2021 11:00,2.045587492
4/27/2021 11:10,1.780968684
4/27/2021 11:20,2.108118647
4/27/2021 11:30,1.93209373
4/27/2021 11:40,1.911937535
4/27/2021 11:50,1.664624864
4/27/2021 12:00,1.817111812
4/27/2021 12:10,2.116235235
4/27/2021 12:20,2.258649977
4/27/2021 12:30,2.230291698
4/27/2021 12:40,2.226824945
4/27/2021 12:50,1.988193721
4/27/2021 13:00,2.058862442
4/27/2021 13:10,2.248949987
4/27/2021 13:20,1.921781114
4/27/2021 13:30,2.002762575
4/27/2021 13:40,1.941449881
4/27/2021 13:50,1.659243776
4/27/2021 14:00,2.060756311
4/27/2021 14:10,2.389631164
4/27/2021 14:20,1.957312447
4/27/2021 14:30,1.620224893
4/27/2021 14:40,1.057575065
4/27/2021 14:50,1.587243822
4/27/2021 15:00,1.884581316
4/27/2021 15:10,2.107687479
4/27/2021 15:20,1.571512502
4/27/2021 15:30,1.525368696
4/27/2021 15:40,1.902337527
4/27/2021 15:50,2.110725027
4/27/2021 16:00,2.18889364
4/27/2021 16:10,2.175862575
4/27/2021 16:20,1.868587452
4/27/2021 16:30,1.497824955
4/27/2021 16:40,1.621331203
4/27/2021 16:50,1.443618876
4/27/2021 17:00,1.544831249
4/27/2021 17:10,1.522087449
4/27/2021 17:20,1.676249862
4/27/2021 17:30,2.899800098
4/27/2021 17:40,2.983874977
4/27/2021 17:50,2.822360677
4/27/2021 18:00,2.664783573
4/27/2021 18:10,2.488662601
4/27/2021 18:20,2.093167531
4/27/2021 18:30,2.295299977
4/27/2021 18:40,2.689130652
4/27/2021 18:50,2.777587998
4/27/2021 19:00,2.79054442
4/27/2021 19:10,2.607372707
4/27/2021 19:20,3.640447223
4/27/2021 19:30,3.266449952
4/27/2021 19:40,4.011530089
4/27/2021 19:50,5.159992051
4/27/2021 20:00,3.72954725
4/27/2021 20:10,3.723551559
4/27/2021 20:20,3.40418371
4/27/2021 20:30,2.627093911
4/27/2021 20:40,4.459452498
4/27/2021 20:50,5.109613442
4/27/2021 21:00,4.880960536
4/27/2021 21:10,4.90577867
4/27/2021 21:20,5.085649252
4/27/2021 21:30,4.669013906
4/27/2021 21:40,5.399346678
4/27/2021 21:50,5.325042656
4/27/2021 22:00,4.211429751
4/27/2021 22:10,4.367948723
4/27/2021 22:20,4.593650222
4/27/2021 22:30,4.662591344
4/27/2021 22:40,6.585926223
4/27/2021 22:50,6.022257352
4/27/2021 23:00,6.191547275
4/27/2021 23:10,5.260238255
4/27/2021 23:20,6.203185987
4/27/2021 23:30,5.122291565
4/27/2021 23:40,6.419754648
4/27/2021 23:50,5.321522999
4/28/2021 0:00,3.485116184
4/28/2021 0:10,6.10907414
4/28/2021 0:20,5.722157407
4/28/2021 0:30,4.462951589
4/28/2021 0:40,4.508411229
4/28/2021 0:50,4.570706868
4/28/2021 1:00,4.397500288
4/28/2021 1:10,5.20745635
4/28/2021 1:20,4.29646455
4/28/2021 1:30,4.313913238
4/28/2021 1:40,3.477969658
4/28/2021 1:50,2.65230965
4/28/2021 2:00,3.468261528
4/28/2021 2:10,3.493246639
4/28/2021 2:20,3.420667183
4/28/2021 2:30,4.281076229
4/28/2021 2:40,2.849164969
4/28/2021 2:50,3.658898294
4/28/2021 3:00,4.989736795
4/28/2021 3:10,5.758094382
4/28/2021 3:20,4.03980087
4/28/2021 3:30,4.803666221
4/28/2021 3:40,3.468836939
4/28/2021 3:50,4.196041346
4/28/2021 4:00,4.550288165
4/28/2021 4:10,5.008800507
4/28/2021 4:20,4.265260959
4/28/2021 4:30,5.341106415
4/28/2021 4:40,4.671445549
4/28/2021 4:50,4.575626075
4/28/2021 5:00,5.381052792
4/28/2021 5:10,6.460833573
4/28/2021 5:20,7.340881681
4/28/2021 5:30,7.80704174
4/28/2021 5:40,6.387790155
4/28/2021 5:50,6.398110878
4/28/2021 6:00,4.438504803
4/28/2021 6:10,6.848622656
4/28/2021 6:20,7.772162795
4/28/2021 6:30,7.725329614
4/28/2021 6:40,6.777705696
4/28/2021 6:50,5.373646462
4/28/2021 7:00,5.564858782
4/28/2021 7:10,5.183009541
4/28/2021 7:20,7.202535343
4/28/2021 7:30,7.964024782
4/28/2021 7:40,7.468628764
4/28/2021 7:50,7.013773298
4/28/2021 8:00,7.308917022
4/28/2021 8:10,8.169158888
4/28/2021 8:20,8.595539594
4/28/2021 8:30,8.280014086
4/28/2021 8:40,9.374459195
4/28/2021 8:50,8.900855446
4/28/2021 9:00,9.023628044
4/28/2021 9:10,9.127596474
4/28/2021 9:20,9.21918385
4/28/2021 9:30,9.437998652
4/28/2021 9:40,9.004768443
4/28/2021 9:50,9.613674021
4/28/2021 10:00,9.68803544
4/28/2021 10:10,8.691192174
4/28/2021 10:20,9.237282252
4/28/2021 10:30,10.5812072
4/28/2021 10:40,10.91102579
4/28/2021 10:50,9.971206522
4/28/2021 11:00,11.18614073
4/28/2021 11:10,11.75080892
4/28/2021 11:20,10.25122173
4/28/2021 11:30,10.29083416
4/28/2021 11:40,10.84410801
4/28/2021 11:50,10.17064199
4/28/2021 12:00,11.03424377
4/28/2021 12:10,10.26566341
4/28/2021 12:20,10.35550585
4/28/2021 12:30,9.759055686
4/28/2021 12:40,10.8260839
4/28/2021 12:50,10.93521259
4/28/2021 13:00,11.69508743
4/28/2021 13:10,11.66928523
4/28/2021 13:20,11.64671345
4/28/2021 13:30,10.64418988
4/28/2021 13:40,9.765868139
4/28/2021 13:50,10.88837967
4/28/2021 14:00,9.441321421
4/28/2021 14:10,8.696835065
4/28/2021 14:20,9.762916565
4/28/2021 14:30,8.975365543
4/28/2021 14:40,9.703683662
4/28/2021 14:50,8.754991412
4/28/2021 15:00,8.679312205
4/28/2021 15:10,9.189019918
4/28/2021 15:20,10.24788055
4/28/2021 15:30,9.699641734
4/28/2021 15:40,9.084599495
4/28/2021 15:50,9.095731343
4/28/2021 16:00,9.76993621
4/28/2021 16:10,10.12488539
4/28/2021 16:20,10.08824301
4/28/2021 16:30,9.60985024
4/28/2021 16:40,9.643318391
4/28/2021 16:50,9.099715543
4/28/2021 17:00,10.58653479
4/28/2021 17:10,9.696314335
4/28/2021 17:20,7.892373466
4/28/2021 17:30,10.09240108
4/28/2021 17:40,8.343089604
4/28/2021 17:50,8.128154421
4/28/2021 18:00,8.373364997
4/28/2021 18:10,9.028008771
4/28/2021 18:20,8.962928605
4/28/2021 18:30,9.260262728
4/28/2021 18:40,8.634892058
4/28/2021 18:50,8.182691026
4/28/2021 19:00,9.486465287
4/28/2021 19:10,8.785303998
4/28/2021 19:20,9.453015804
4/28/2021 19:30,7.828904453
4/28/2021 19:40,6.410343564
4/28/2021 19:50,4.916526318
4/28/2021 20:00,6.53476795
4/28/2021 20:10,4.174026287
4/28/2021 20:20,5.064107907
4/28/2021 20:30,4.945059538
4/28/2021 20:40,4.753287613
4/28/2021 20:50,5.203072749
4/28/2021 21:00,4.818497729
4/28/2021 21:10,6.729748487
4/28/2021 21:20,6.040021741
4/28/2021 21:30,5.888588715
4/28/2021 21:40,6.849495101
4/28/2021 21:50,7.429424715
4/28/2021 22:00,7.722860765
4/28/2021 22:10,7.048633623
4/28/2021 22:20,6.968295097
4/28/2021 22:30,6.862655926
4/28/2021 22:40,6.869078493
4/28/2021 22:50,6.857699752
4/28/2021 23:00,6.855546451
4/28/2021 23:10,7.155479407
4/28/2021 23:20,6.881125569
4/28/2021 23:30,6.855806398
4/28/2021 23:40,7.039408064
4/28/2021 23:50,7.342793679
4/29/2021 0:00,7.326068759
4/29/2021 0:10,7.506403518
4/29/2021 0:20,6.927439094
4/29/2021 0:30,6.420237374
4/29/2021 0:40,6.640852594
4/29/2021 0:50,6.631460047
4/29/2021 1:00,6.842571378
4/29/2021 1:10,6.706136882
4/29/2021 1:20,7.010891941
4/29/2021 1:30,8.021494269
4/29/2021 1:40,7.740328145
4/29/2021 1:50,7.572894382
4/29/2021 2:00,7.432246327
4/29/2021 2:10,7.35732801
4/29/2021 2:20,7.033208203
4/29/2021 2:30,7.007406259
4/29/2021 2:40,6.567976236
4/29/2021 2:50,6.780461216
4/29/2021 3:00,6.997753811
4/29/2021 3:10,7.373941469
4/29/2021 3:20,8.01832006
4/29/2021 3:30,8.312294436
4/29/2021 3:40,8.214358664
4/29/2021 3:50,8.150782013
4/29/2021 4:00,7.602735043
4/29/2021 4:10,7.712038835
4/29/2021 4:20,7.570162723
4/29/2021 4:30,6.974030972
4/29/2021 4:40,6.316751266
4/29/2021 4:50,6.408784246
4/29/2021 5:00,6.173690176
4/29/2021 5:10,5.830191016
4/29/2021 5:20,5.147239625
4/29/2021 5:30,5.691325068
4/29/2021 5:40,5.282207501
4/29/2021 5:50,4.648093998
4/29/2021 6:00,4.680391751
4/29/2021 6:10,4.750596082
4/29/2021 6:20,4.764647889
4/29/2021 6:30,4.475165665
4/29/2021 6:40,4.779497969
4/29/2021 6:50,3.923246956
4/29/2021 7:00,4.08060118
4/29/2021 7:10,4.138219225
4/29/2021 7:20,4.560683143
4/29/2021 7:30,4.461577928
4/29/2021 7:40,4.585853875
4/29/2021 7:50,5.207604885
4/29/2021 8:00,4.930095577
4/29/2021 8:10,3.83125124
4/29/2021 8:20,3.758523238
4/29/2021 8:30,3.913390213
4/29/2021 8:40,4.211893773
4/29/2021 8:50,4.232015491
4/29/2021 9:00,4.975889218
4/29/2021 9:10,3.861099643
4/29/2021 9:20,5.006016099
4/29/2021 9:30,3.858983564
4/29/2021 9:40,4.136474299
4/29/2021 9:50,3.276232415
4/29/2021 10:00,1.471626255
4/29/2021 10:10,3.855816174
4/29/2021 10:20,3.564767808
4/29/2021 10:30,3.044293946
4/29/2021 10:40,4.416823781
4/29/2021 10:50,5.858647358
4/29/2021 11:00,3.748239768
4/29/2021 11:10,3.616947079
4/29/2021 11:20,2.881779295
4/29/2021 11:30,3.353192532
4/29/2021 11:40,3.287722564
4/29/2021 11:50,4.011919999
4/29/2021 12:00,3.605310327
4/29/2021 12:10,2.790284723
4/29/2021 12:20,2.943685168
4/29/2021 12:30,3.52558251
4/29/2021 12:40,2.899379408
4/29/2021 12:50,3.454845163
4/29/2021 13:00,4.807100344
4/29/2021 13:10,3.466869271
4/29/2021 13:20,2.235674474
4/29/2021 13:30,2.61337496
4/29/2021 13:40,6.515694208
4/29/2021 13:50,7.340566039
4/29/2021 14:00,3.083906341
4/29/2021 14:10,2.15175547
4/29/2021 14:20,1.871475005
4/29/2021 14:30,1.913231191
4/29/2021 14:40,3.488901985
4/29/2021 14:50,4.052850282
4/29/2021 15:00,4.0910519
4/29/2021 15:10,5.279163337
4/29/2021 15:20,4.308117151
4/29/2021 15:30,3.907413089
4/29/2021 15:40,3.697898161
4/29/2021 15:50,2.645570504
4/29/2021 16:00,3.368098235
4/29/2021 16:10,4.13465519
4/29/2021 16:20,5.410734296
4/29/2021 16:30,5.677811527
4/29/2021 16:40,4.009729636
4/29/2021 16:50,3.809347391
4/29/2021 17:00,3.51084373
4/29/2021 17:10,2.834890372
4/29/2021 17:20,3.300994766
4/29/2021 17:30,5.956193423
4/29/2021 17:40,5.457084906
4/29/2021 17:50,5.196541667
4/29/2021 18:00,4.24304167
4/29/2021 18:10,4.924118423
4/29/2021 18:20,3.846286821
4/29/2021 18:30,3.767841709
4/29/2021 18:40,3.19095634
4/29/2021 18:50,2.946209788
4/29/2021 19:00,2.988734214
4/29/2021 19:10,2.935692624
4/29/2021 19:20,4.126060796
4/29/2021 19:30,3.503158927
4/29/2021 19:40,3.707476366
4/29/2021 19:50,3.319464469
4/29/2021 20:00,2.827873766
4/29/2021 20:10,3.047746634
4/29/2021 20:20,3.016450286
4/29/2021 20:30,2.053988183
4/29/2021 20:40,2.337749982
4/29/2021 20:50,1.67780602
4/29/2021 21:00,1.414931193
4/29/2021 21:10,1.277831316
4/29/2021 21:20,1.214006439
4/29/2021 21:30,1.592662293
4/29/2021 21:40,1.79287504
4/29/2021 21:50,1.872393698
4/29/2021 22:00,2.501812506
4/29/2021 22:10,1.943025094
4/29/2021 22:20,1.802643803
4/29/2021 22:30,2.059200102
4/29/2021 22:40,2.173031294
4/29/2021 22:50,2.71284371
4/29/2021 23:00,3.075524521
4/29/2021 23:10,2.560406685
4/29/2021 23:20,1.962250513
4/29/2021 23:30,2.606606066
4/29/2021 23:40,3.229186416
4/29/2021 23:50,3.1268785
4/30/2021 0:00,2.538243133
4/30/2021 0:10,3.198177063
4/30/2021 0:20,3.429317415
4/30/2021 0:30,2.504533619
4/30/2021 0:40,2.54540813
4/30/2021 0:50,2.845990825
4/30/2021 1:00,2.284289497
4/30/2021 1:10,2.463621891
4/30/2021 1:20,2.656393337
4/30/2021 1:30,3.231236935
4/30/2021 1:40,3.760102021
4/30/2021 1:50,2.892940126
4/30/2021 2:00,2.450776637
4/30/2021 2:10,2.350799972
4/30/2021 2:20,2.486437422
4/30/2021 2:30,2.51718744
4/30/2021 2:40,2.95700165
4/30/2021 2:50,2.370382428
4/30/2021 3:00,2.363625556
4/30/2021 3:10,2.561520505
4/30/2021 3:20,2.268251479
4/30/2021 3:30,2.44084568
4/30/2021 3:40,2.224926651
4/30/2021 3:50,1.969525158
4/30/2021 4:00,2.028875172
4/30/2021 4:10,1.8567563
4/30/2021 4:20,1.907849944
4/30/2021 4:30,2.450175041
4/30/2021 4:40,2.700117701
4/30/2021 4:50,2.109056771
4/30/2021 5:00,2.323274958
4/30/2021 5:10,2.826975018
4/30/2021 5:20,2.402526291
4/30/2021 5:30,2.574431205
4/30/2021 5:40,2.672362351
4/30/2021 5:50,1.978050041
4/30/2021 6:00,2.153962582
4/30/2021 6:10,2.594062448
4/30/2021 6:20,2.157879841
4/30/2021 6:30,2.237831238
4/30/2021 6:40,2.231737474
4/30/2021 6:50,2.379393724
4/30/2021 7:00,2.175487569
4/30/2021 7:10,2.447437528
4/30/2021 7:20,2.425968736
4/30/2021 7:30,2.654453529
4/30/2021 7:40,3.338917968
4/30/2021 7:50,3.203857082
4/30/2021 8:00,3.817682004
4/30/2021 8:10,3.933177805
4/30/2021 8:20,4.005961382
4/30/2021 8:30,3.507706809
4/30/2021 8:40,3.225408268
4/30/2021 8:50,3.70116514
4/30/2021 9:00,3.859744573
4/30/2021 9:10,3.206010532
4/30/2021 9:20,3.043291533
4/30/2021 9:30,2.681712633
4/30/2021 9:40,3.042054105
4/30/2021 9:50,2.81075868
4/30/2021 10:00,2.217666942
4/30/2021 10:10,3.602956903
4/30/2021 10:20,2.353456408
4/30/2021 10:30,3.305752712
4/30/2021 10:40,4.251833057
4/30/2021 10:50,3.28464229
4/30/2021 11:00,2.932197434
4/30/2021 11:10,2.729331064
4/30/2021 11:20,2.241992915
4/30/2021 11:30,1.311450092
4/30/2021 11:40,4.264504599
4/30/2021 11:50,4.956064415
4/30/2021 12:00,3.530513274
4/30/2021 12:10,3.248694488
4/30/2021 12:20,2.345835786
4/30/2021 12:30,2.507463276
4/30/2021 12:40,3.14603644
4/30/2021 12:50,2.692943037
4/30/2021 13:00,2.084788036
4/30/2021 13:10,3.840902424
4/30/2021 13:20,3.90297671
4/30/2021 13:30,3.540029024
4/30/2021 13:40,3.467113313
4/30/2021 13:50,2.411405018
4/30/2021 14:00,3.657264421
4/30/2021 14:10,1.856692206
4/30/2021 14:20,1.804781269
4/30/2021 14:30,2.075427714
4/30/2021 14:40,2.097749981
4/30/2021 14:50,3.045732211
4/30/2021 15:00,3.138390412
4/30/2021 15:10,1.990491429
4/30/2021 15:20,2.408137411
4/30/2021 15:30,2.666643733
4/30/2021 15:40,2.459416671
4/30/2021 15:50,3.675077343
4/30/2021 16:00,3.230717164
4/30/2021 16:10,1.937894949
4/30/2021 16:20,1.756087547
4/30/2021 16:30,0.996393713
4/30/2021 16:40,2.802318764
4/30/2021 16:50,1.438049959
4/30/2021 17:00,2.510493726
4/30/2021 17:10,6.33180933
4/30/2021 17:20,6.434381938
4/30/2021 17:30,5.925825095
4/30/2021 17:40,5.048709941
4/30/2021 17:50,5.258224761
4/30/2021 18:00,5.051457095
4/30/2021 18:10,4.155500913
4/30/2021 18:20,3.772849388
4/30/2021 18:30,4.196189976
4/30/2021 18:40,3.799286556
4/30/2021 18:50,3.960909216
4/30/2021 19:00,3.371136301
4/30/2021 19:10,2.592297137
4/30/2021 19:20,2.054504335
4/30/2021 19:30,3.650340909
4/30/2021 19:40,3.825274003
4/30/2021 19:50,4.104027104
4/30/2021 20:00,3.994415498
4/30/2021 20:10,4.285345674
4/30/2021 20:20,3.616891402
4/30/2021 20:30,3.922188783
4/30/2021 20:40,3.08011961
4/30/2021 20:50,3.491512474
4/30/2021 21:00,4.310200799
4/30/2021 21:10,4.323101664
4/30/2021 21:20,4.764369535
4/30/2021 21:30,5.515779614
4/30/2021 21:40,5.844985437
4/30/2021 21:50,5.44390552
4/30/2021 22:00,5.339157319
4/30/2021 22:10,4.555708373
4/30/2021 22:20,3.465495718
4/30/2021 22:30,1.952874374
4/30/2021 22:40,1.995018876
4/30/2021 22:50,2.565412343
4/30/2021 23:00,2.466731071
4/30/2021 23:10,2.475993645
4/30/2021 23:20,2.530031085
4/30/2021 23:30,2.899012649
4/30/2021 23:40,2.312981325
4/30/2021 23:50,2.395781225
5/1/2021 0:00,2.019881362
5/1/2021 0:10,1.722243726
5/1/2021 0:20,1.764506298
5/1/2021 0:30,2.435171115
5/1/2021 0:40,3.363031889
5/1/2021 0:50,3.190510821
5/1/2021 1:00,2.729770917
5/1/2021 1:10,1.975743735
5/1/2021 1:20,2.127758539
5/1/2021 1:30,2.978343761
5/1/2021 1:40,3.076181352
5/1/2021 1:50,3.02400521
5/1/2021 2:00,3.586560273
5/1/2021 2:10,3.923098481
5/1/2021 2:20,3.715569639
5/1/2021 2:30,3.533230197
5/1/2021 2:40,3.797968614
5/1/2021 2:50,3.738327301
5/1/2021 3:00,4.201257384
5/1/2021 3:10,4.452556551
5/1/2021 3:20,4.189878619
5/1/2021 3:30,4.395421112
5/1/2021 3:40,4.389870954
5/1/2021 3:50,3.737343371
5/1/2021 4:00,4.047430038
5/1/2021 4:10,4.457345724
5/1/2021 4:20,4.922670603
5/1/2021 4:30,4.640594721
5/1/2021 4:40,4.533099246
5/1/2021 4:50,4.838471055
5/1/2021 5:00,5.255848813
5/1/2021 5:10,4.948398161
5/1/2021 5:20,4.895736337
5/1/2021 5:30,5.303220296
5/1/2021 5:40,5.173598337
5/1/2021 5:50,4.04657619
5/1/2021 6:00,3.292177546
5/1/2021 6:10,2.8300641
5/1/2021 6:20,3.189229929
5/1/2021 6:30,3.281634051
5/1/2021 6:40,3.633300674
5/1/2021 6:50,3.704691982
5/1/2021 7:00,3.194390333
5/1/2021 7:10,3.221770024
5/1/2021 7:20,2.982220912
5/1/2021 7:30,3.059812224
5/1/2021 7:40,3.494712991
5/1/2021 7:50,4.115554452
5/1/2021 8:00,3.725296396
5/1/2021 8:10,3.876228055
5/1/2021 8:20,3.978340387
5/1/2021 8:30,3.328615731
5/1/2021 8:40,4.148113024
5/1/2021 8:50,3.981904411
5/1/2021 9:00,3.989663601
5/1/2021 9:10,4.083088601
5/1/2021 9:20,3.362084007
5/1/2021 9:30,3.470470405
5/1/2021 9:40,3.26398111
5/1/2021 9:50,3.669200474
5/1/2021 10:00,4.113586807
5/1/2021 10:10,4.686611152
5/1/2021 10:20,4.680764043
5/1/2021 10:30,4.311314583
5/1/2021 10:40,3.629105508
5/1/2021 10:50,4.188115346
5/1/2021 11:00,4.050362933
5/1/2021 11:10,4.386232877
5/1/2021 11:20,4.284881532
5/1/2021 11:30,3.914596725
5/1/2021 11:40,3.566475672
5/1/2021 11:50,4.365981102
5/1/2021 12:00,4.386474073
5/1/2021 12:10,3.841171315
5/1/2021 12:20,4.699327321
5/1/2021 12:30,3.746439099
5/1/2021 12:40,3.866000128
5/1/2021 12:50,3.471008676
5/1/2021 13:00,4.062221439
5/1/2021 13:10,3.804261243
5/1/2021 13:20,3.782487458
5/1/2021 13:30,3.710947561
5/1/2021 13:40,3.705781931
5/1/2021 13:50,3.907598734
5/1/2021 14:00,4.045852149
5/1/2021 14:10,4.534751344
5/1/2021 14:20,4.695001423
5/1/2021 14:30,4.565156758
5/1/2021 14:40,4.699813956
5/1/2021 14:50,3.299509799
5/1/2021 15:00,4.223142684
5/1/2021 15:10,5.3470649
5/1/2021 15:20,3.791898578
5/1/2021 15:30,3.634952712
5/1/2021 15:40,4.058196229
5/1/2021 15:50,5.271552765
5/1/2021 16:00,4.442699921
5/1/2021 16:10,3.878102922
5/1/2021 16:20,3.341442549
5/1/2021 16:30,3.888015234
5/1/2021 16:40,3.549602318
5/1/2021 16:50,3.772649348
5/1/2021 17:00,3.168477106
5/1/2021 17:10,2.197296637
5/1/2021 17:20,2.237006319
5/1/2021 17:30,2.53456876
5/1/2021 17:40,2.234015912
5/1/2021 17:50,2.861750382
5/1/2021 18:00,3.689489371
5/1/2021 18:10,4.546074474
5/1/2021 18:20,4.851186299
5/1/2021 18:30,5.156550351
5/1/2021 18:40,4.180040538
5/1/2021 18:50,4.779739225
5/1/2021 19:00,3.033100724
5/1/2021 19:10,2.616911817
5/1/2021 19:20,3.131352144
5/1/2021 19:30,2.804447895
5/1/2021 19:40,2.259331556
5/1/2021 19:50,2.808098584
5/1/2021 20:00,2.670036805
5/1/2021 20:10,2.64983846
5/1/2021 20:20,3.352204561
5/1/2021 20:30,2.362429017
5/1/2021 20:40,3.737398869
5/1/2021 20:50,3.872923958
5/1/2021 21:00,3.671446645
5/1/2021 21:10,2.619396249
5/1/2021 21:20,2.889445555
5/1/2021 21:30,2.514724392
5/1/2021 21:40,2.199057055
5/1/2021 21:50,1.852781236
5/1/2021 22:00,2.6962313
5/1/2021 22:10,2.305312628
5/1/2021 22:20,2.147100186
5/1/2021 22:30,2.573924768
5/1/2021 22:40,2.346731305
5/1/2021 22:50,2.162793761
5/1/2021 23:00,2.227706289
5/1/2021 23:10,2.219306302
5/1/2021 23:20,1.983675307
5/1/2021 23:30,2.071012646
5/1/2021 23:40,2.28594383
5/1/2021 23:50,1.875900078
5/2/2021 0:00,2.471921055
5/2/2021 0:10,1.640482131
5/2/2021 0:20,1.986506295
5/2/2021 0:30,2.383724898
5/2/2021 0:40,2.306587553
5/2/2021 0:50,2.297081321
5/2/2021 1:00,2.168099982
5/2/2021 1:10,2.59824366
5/2/2021 1:20,2.117242616
5/2/2021 1:30,2.084797913
5/2/2021 1:40,1.607212234
5/2/2021 1:50,1.503599903
5/2/2021 2:00,2.466927698
5/2/2021 2:10,2.598428181
5/2/2021 2:20,2.428263175
5/2/2021 2:30,1.825517816
5/2/2021 2:40,2.023424989
5/2/2021 2:50,2.028412765
5/2/2021 3:00,1.992262518
5/2/2021 3:10,2.142093831
5/2/2021 3:20,2.680575049
5/2/2021 3:30,2.718487453
5/2/2021 3:40,2.297587538
5/2/2021 3:50,2.561092076
5/2/2021 4:00,2.771812403
5/2/2021 4:10,3.623837662
5/2/2021 4:20,3.598737288
5/2/2021 4:30,3.706492531
5/2/2021 4:40,3.208107996
5/2/2021 4:50,3.12351867
5/2/2021 5:00,3.409102726
5/2/2021 5:10,3.690014049
5/2/2021 5:20,2.787853014
5/2/2021 5:30,3.061315787
5/2/2021 5:40,3.219115603
5/2/2021 5:50,3.871869961
5/2/2021 6:00,4.63786608
5/2/2021 6:10,3.850834584
5/2/2021 6:20,2.230969739
5/2/2021 6:30,1.648481271
5/2/2021 6:40,2.180812395
5/2/2021 6:50,1.762481165
5/2/2021 7:00,1.723837454
5/2/2021 7:10,1.447106138
5/2/2021 7:20,1.891837472
5/2/2021 7:30,1.392468753
5/2/2021 7:40,1.352531268
5/2/2021 7:50,1.618424922
5/2/2021 8:00,2.10431245
5/2/2021 8:10,1.995918758
5/2/2021 8:20,2.242575032
5/2/2021 8:30,2.561925057
5/2/2021 8:40,1.884881209
5/2/2021 8:50,2.780397916
5/2/2021 9:00,2.422887802
5/2/2021 9:10,2.810381195
5/2/2021 9:20,2.579070577
5/2/2021 9:30,1.913006261
5/2/2021 9:40,2.357475056
5/2/2021 9:50,2.847487426
5/2/2021 10:00,2.140672338
5/2/2021 10:10,2.400535199
5/2/2021 10:20,2.777754972
5/2/2021 10:30,2.822676318
5/2/2021 10:40,2.727406502
5/2/2021 10:50,3.497156292
5/2/2021 11:00,2.7159154
5/2/2021 11:10,3.909329572
5/2/2021 11:20,4.924381131
5/2/2021 11:30,4.160308611
5/2/2021 11:40,4.870676887
5/2/2021 11:50,4.40306899
5/2/2021 12:00,4.166378558
5/2/2021 12:10,4.902901459
5/2/2021 12:20,4.149653709
5/2/2021 12:30,4.166638434
5/2/2021 12:40,4.711299253
5/2/2021 12:50,6.686590576
5/2/2021 13:00,6.137920225
5/2/2021 13:10,5.214825749
5/2/2021 13:20,4.167696536
5/2/2021 13:30,4.396850562
5/2/2021 13:40,5.206416917
5/2/2021 13:50,4.339882147
5/2/2021 14:00,4.33104645
5/2/2021 14:10,3.337859869
5/2/2021 14:20,3.892303133
5/2/2021 14:30,3.537759441
5/2/2021 14:40,4.656818402
5/2/2021 14:50,4.219782829
5/2/2021 15:00,2.734652942
5/2/2021 15:10,2.901664829
5/2/2021 15:20,3.246956629
5/2/2021 15:30,2.409713325
5/2/2021 15:40,3.659591842
5/2/2021 15:50,4.959832597
5/2/2021 16:00,3.050141186
5/2/2021 16:10,3.268231931
5/2/2021 16:20,4.24859181
5/2/2021 16:30,5.232664251
5/2/2021 16:40,3.725222182
5/2/2021 16:50,3.655445623
5/2/2021 17:00,4.561518419
5/2/2021 17:10,6.185644388
5/2/2021 17:20,5.471192396
5/2/2021 17:30,5.358072531
5/2/2021 17:40,4.182880592
5/2/2021 17:50,3.886734486
5/2/2021 18:00,3.470062047
5/2/2021 18:10,3.691067088
5/2/2021 18:20,2.628289717
5/2/2021 18:30,2.10827325
5/2/2021 18:40,1.458206242
5/2/2021 18:50,1.999425089
5/2/2021 19:00,2.225437647
5/2/2021 19:10,2.943431211
5/2/2021 19:20,4.883800638
5/2/2021 19:30,6.131998777
5/2/2021 19:40,5.536532354
5/2/2021 19:50,4.622570491
5/2/2021 20:00,2.88085112
5/2/2021 20:10,2.229663694
5/2/2021 20:20,1.848899931
5/2/2021 20:30,1.620150045
5/2/2021 20:40,2.404724997
5/2/2021 20:50,1.779956156
5/2/2021 21:00,1.700287351
5/2/2021 21:10,2.433611901
5/2/2021 21:20,2.817099315
5/2/2021 21:30,3.519308412
5/2/2021 21:40,3.599108529
5/2/2021 21:50,4.488122332
5/2/2021 22:00,4.330006993
5/2/2021 22:10,5.475201917
5/2/2021 22:20,5.600053239
5/2/2021 22:30,6.146756029
5/2/2021 22:40,6.01631732
5/2/2021 22:50,6.370508337
5/2/2021 23:00,6.180855203
5/2/2021 23:10,5.451052046
5/2/2021 23:20,5.693478274
5/2/2021 23:30,5.919699454
5/2/2021 23:40,5.67740314
5/2/2021 23:50,6.390017629
5/3/2021 0:00,6.437630343
5/3/2021 0:10,6.24916532
5/3/2021 0:20,6.151545191
5/3/2021 0:30,5.4411026
5/3/2021 0:40,5.547187257
5/3/2021 0:50,5.978438227
5/3/2021 1:00,6.171796894
5/3/2021 1:10,6.577907133
5/3/2021 1:20,6.671239376
5/3/2021 1:30,7.313966036
5/3/2021 1:40,5.903836426
5/3/2021 1:50,6.465808225
5/3/2021 2:00,6.121381044
5/3/2021 2:10,6.450345659
5/3/2021 2:20,6.26056273
5/3/2021 2:30,6.151767921
5/3/2021 2:40,6.211000752
5/3/2021 2:50,5.573304653
5/3/2021 3:00,6.014238286
5/3/2021 3:10,5.659843016
5/3/2021 3:20,6.113287783
5/3/2021 3:30,6.38121891
5/3/2021 3:40,6.975200438
5/3/2021 3:50,6.53146379
5/3/2021 4:00,6.269305634
5/3/2021 4:10,5.769046211
5/3/2021 4:20,5.716681409
5/3/2021 4:30,6.230008817
5/3/2021 4:40,7.168921891
5/3/2021 4:50,6.705703849
5/3/2021 5:00,6.638989449
5/3/2021 5:10,6.987748575
5/3/2021 5:20,6.604692912
5/3/2021 5:30,6.235818863
5/3/2021 5:40,6.492501092
5/3/2021 5:50,6.306282139
5/3/2021 6:00,6.242389989
5/3/2021 6:10,6.163982034
5/3/2021 6:20,5.99448781
5/3/2021 6:30,5.638548926
5/3/2021 6:40,6.219613761
5/3/2021 6:50,6.080824927
5/3/2021 7:00,6.275746799
5/3/2021 7:10,5.641206145
5/3/2021 7:20,7.056151485
5/3/2021 7:30,6.854711175
5/3/2021 7:40,7.073099065
5/3/2021 7:50,6.358405638
5/3/2021 8:00,6.620545232
5/3/2021 8:10,5.58795054
5/3/2021 8:20,5.508855641
5/3/2021 8:30,6.278271317
5/3/2021 8:40,5.621455812
5/3/2021 8:50,6.558057133
5/3/2021 9:00,7.270870118
5/3/2021 9:10,7.777991462
5/3/2021 9:20,7.603829309
5/3/2021 9:30,7.937888861
5/3/2021 9:40,10.27284311
5/3/2021 9:50,9.460607743
5/3/2021 10:00,10.10110681
5/3/2021 10:10,9.663161802
5/3/2021 10:20,9.038310981
5/3/2021 10:30,9.499384761
5/3/2021 10:40,6.711204576
5/3/2021 10:50,8.20401926
5/3/2021 11:00,7.26202817
5/3/2021 11:10,9.11925218
5/3/2021 11:20,10.55300288
5/3/2021 11:30,10.42329621
5/3/2021 11:40,9.78342824
5/3/2021 11:50,7.688260269
5/3/2021 12:00,9.299336743
5/3/2021 12:10,9.496581936
5/3/2021 12:20,8.999385357
5/3/2021 12:30,9.137091687
5/3/2021 12:40,8.307709479
5/3/2021 12:50,9.515719962
5/3/2021 13:00,11.18467417
5/3/2021 13:10,10.1076221
5/3/2021 13:20,9.435288453
5/3/2021 13:30,9.100012708
5/3/2021 13:40,10.21485789
5/3/2021 13:50,10.71266694
5/3/2021 14:00,12.030883
5/3/2021 14:10,12.69994965
5/3/2021 14:20,13.30818715
5/3/2021 14:30,12.78704495
5/3/2021 14:40,13.09276929
5/3/2021 14:50,14.1614156
5/3/2021 15:00,13.05959806
5/3/2021 15:10,12.27446005
5/3/2021 15:20,12.99314446
5/3/2021 15:30,13.46698063
5/3/2021 15:40,13.29717956
5/3/2021 15:50,13.80926342
5/3/2021 16:00,12.5890573
5/3/2021 16:10,13.24906554
5/3/2021 16:20,14.01417465
5/3/2021 16:30,12.75482049
5/3/2021 16:40,13.78320141
5/3/2021 16:50,13.67789655
5/3/2021 17:00,14.49408937
5/3/2021 17:10,13.82177434
5/3/2021 17:20,13.5152236
5/3/2021 17:30,14.25982825
5/3/2021 17:40,14.54307797
5/3/2021 17:50,14.87712655
5/3/2021 18:00,13.95486751
5/3/2021 18:10,14.37480707
5/3/2021 18:20,14.89078865
5/3/2021 18:30,14.55495582
5/3/2021 18:40,14.0092742
5/3/2021 18:50,13.35099216
5/3/2021 19:00,15.11255488
5/3/2021 19:10,14.82038116
5/3/2021 19:20,13.18302026
5/3/2021 19:30,14.89193983
5/3/2021 19:40,12.63871195
5/3/2021 19:50,13.54556437
5/3/2021 20:00,13.00483894
5/3/2021 20:10,14.40515656
5/3/2021 20:20,12.37605262
5/3/2021 20:30,12.40666227
5/3/2021 20:40,10.40944858
5/3/2021 20:50,10.60201592
5/3/2021 21:00,11.78103653
5/3/2021 21:10,11.73868702
5/3/2021 21:20,12.37540283
5/3/2021 21:30,12.08207831
5/3/2021 21:40,12.15637031
5/3/2021 21:50,13.02479339
5/3/2021 22:00,13.38793163
5/3/2021 22:10,11.84720693
5/3/2021 22:20,11.53131049
5/3/2021 22:30,11.82697387
5/3/2021 22:40,11.10927348
5/3/2021 22:50,12.03814073
5/3/2021 23:00,12.4173727
5/3/2021 23:10,12.46908002
5/3/2021 23:20,12.04977946
5/3/2021 23:30,13.04567623
5/3/2021 23:40,12.87631207
5/3/2021 23:50,12.81475887
5/4/2021 0:00,12.35127163
5/4/2021 0:10,13.45093265
5/4/2021 0:20,13.86663995
5/4/2021 0:30,14.71385102
5/4/2021 0:40,14.1765223
5/4/2021 0:50,13.15680985
5/4/2021 1:00,13.49678211
5/4/2021 1:10,14.15716162
5/4/2021 1:20,15.48087206
5/4/2021 1:30,14.44421215
5/4/2021 1:40,14.53891783
5/4/2021 1:50,12.06273615
5/4/2021 2:00,13.35195742
5/4/2021 2:10,13.34536781
5/4/2021 2:20,12.53691516
5/4/2021 2:30,11.58334105
5/4/2021 2:40,11.02590914
5/4/2021 2:50,10.60227578
5/4/2021 3:00,10.51380696
5/4/2021 3:10,9.367052722
5/4/2021 3:20,9.600234938
5/4/2021 3:30,9.798296714
5/4/2021 3:40,11.0235702
5/4/2021 3:50,11.00704975
5/4/2021 4:00,10.94954309
5/4/2021 4:10,12.45607553
5/4/2021 4:20,12.86433933
5/4/2021 4:30,12.37191315
5/4/2021 4:40,10.53873629
5/4/2021 4:50,10.57608409
5/4/2021 5:00,11.75248251
5/4/2021 5:10,10.96372485
5/4/2021 5:20,12.92999473
5/4/2021 5:30,12.94189327
5/4/2021 5:40,12.68368878
5/4/2021 5:50,13.6367619
5/4/2021 6:00,12.56316259
5/4/2021 6:10,12.09765632
5/4/2021 6:20,12.43383765
5/4/2021 6:30,13.93550677
5/4/2021 6:40,13.45006032
5/4/2021 6:50,14.09276843
5/4/2021 7:00,12.44250627
5/4/2021 7:10,13.40036845
5/4/2021 7:20,15.45336256
5/4/2021 7:30,13.59713082
5/4/2021 7:40,13.20076609
5/4/2021 7:50,11.91213849
5/4/2021 8:00,12.98703244
5/4/2021 8:10,11.98637681
5/4/2021 8:20,12.91979714
5/4/2021 8:30,12.57192407
5/4/2021 8:40,11.47036972
5/4/2021 8:50,11.455334
5/4/2021 9:00,11.39994349
5/4/2021 9:10,13.33703327
5/4/2021 9:20,12.72840605
5/4/2021 9:30,13.49889836
5/4/2021 9:40,10.9600492
5/4/2021 9:50,10.3417696
5/4/2021 10:00,11.57081132
5/4/2021 10:10,11.14194345
5/4/2021 10:20,12.61926031
5/4/2021 10:30,12.66922874
5/4/2021 10:40,12.8814724
5/4/2021 10:50,12.45327268
5/4/2021 11:00,11.6053376
5/4/2021 11:10,10.99964314
5/4/2021 11:20,10.43615994
5/4/2021 11:30,9.971930408
5/4/2021 11:40,9.461554337
5/4/2021 11:50,10.51686966
5/4/2021 12:00,9.679682326
5/4/2021 12:10,11.83217139
5/4/2021 12:20,11.08620019
5/4/2021 12:30,11.82431936
5/4/2021 12:40,13.72471118
5/4/2021 12:50,11.44605274
5/4/2021 13:00,12.67140057
5/4/2021 13:10,9.297462034
5/4/2021 13:20,13.03179164
5/4/2021 13:30,9.959066606
5/4/2021 13:40,11.50448751
5/4/2021 13:50,10.6209497
5/4/2021 14:00,10.4042326
5/4/2021 14:10,10.68920393
5/4/2021 14:20,9.12187922
5/4/2021 14:30,10.55986056
5/4/2021 14:40,11.5960192
5/4/2021 14:50,11.13596621
5/4/2021 15:00,11.0954257
5/4/2021 15:10,13.25246243
5/4/2021 15:20,9.712705088
5/4/2021 15:30,10.09097168
5/4/2021 15:40,11.09913812
5/4/2021 15:50,11.11658695
5/4/2021 16:00,11.03394685
5/4/2021 16:10,10.44070776
5/4/2021 16:20,9.971559215
5/4/2021 16:30,10.51186961
5/4/2021 16:40,11.12343645
5/4/2021 16:50,8.866440701
5/4/2021 17:00,8.686291623
5/4/2021 17:10,9.120524216
5/4/2021 17:20,8.677957106
5/4/2021 17:30,9.43942802
5/4/2021 17:40,7.511174011
5/4/2021 17:50,7.12167716
5/4/2021 18:00,7.214322495
5/4/2021 18:10,6.675694335
5/4/2021 18:20,6.084367466
5/4/2021 18:30,6.44992809
5/4/2021 18:40,8.917431974
5/4/2021 18:50,7.988712788
5/4/2021 19:00,6.494227457
5/4/2021 19:10,7.381477857
5/4/2021 19:20,6.988621092
5/4/2021 19:30,7.270696807
5/4/2021 19:40,6.563586637
5/4/2021 19:50,6.135622978
5/4/2021 20:00,6.235304054
5/4/2021 20:10,6.920273948
5/4/2021 20:20,7.856102347
5/4/2021 20:30,8.373420715
5/4/2021 20:40,7.437091088
5/4/2021 20:50,7.338319993
5/4/2021 21:00,6.891669106
5/4/2021 21:10,3.685591197
5/4/2021 21:20,3.231645197
5/4/2021 21:30,4.838340986
5/4/2021 21:40,5.669087124
5/4/2021 21:50,5.517728591
5/4/2021 22:00,5.465400946
5/4/2021 22:10,7.340621758
5/4/2021 22:20,7.608812785
5/4/2021 22:30,8.552901554
5/4/2021 22:40,7.154384255
5/4/2021 22:50,6.80087986
5/4/2021 23:00,6.881496882
5/4/2021 23:10,7.479098034
5/4/2021 23:20,8.289035559
5/4/2021 23:30,7.143822217
5/4/2021 23:40,6.799023676
5/4/2021 23:50,6.991869473
5/5/2021 0:00,6.277009082
5/5/2021 0:10,5.912868464
5/5/2021 0:20,5.746177197
5/5/2021 0:30,5.989847136
5/5/2021 0:40,5.614866161
5/5/2021 0:50,5.831620431
5/5/2021 1:00,5.231030774
5/5/2021 1:10,5.153643715
5/5/2021 1:20,4.869396114
5/5/2021 1:30,5.79332602
5/5/2021 1:40,5.953334868
5/5/2021 1:50,5.246957302
5/5/2021 2:00,5.634356821
5/5/2021 2:10,5.409342027
5/5/2021 2:20,5.915244555
5/5/2021 2:30,6.144769835
5/5/2021 2:40,5.607700944
5/5/2021 2:50,5.388719225
5/5/2021 3:00,5.188466895
5/5/2021 3:10,5.567030573
5/5/2021 3:20,5.686610222
5/5/2021 3:30,5.90804224
5/5/2021 3:40,5.909490132
5/5/2021 3:50,6.550360513
5/5/2021 4:00,6.596256808
5/5/2021 4:10,6.409972382
5/5/2021 4:20,6.33304925
5/5/2021 4:30,6.253750324
5/5/2021 4:40,6.372977257
5/5/2021 4:50,6.2845083
5/5/2021 5:00,5.99792192
5/5/2021 5:10,5.950754499
5/5/2021 5:20,5.896255147
5/5/2021 5:30,5.651341438
5/5/2021 5:40,4.795406115
5/5/2021 5:50,4.47947222
5/5/2021 6:00,4.8483091
5/5/2021 6:10,3.982851171
5/5/2021 6:20,3.550159156
5/5/2021 6:30,4.826962149
5/5/2021 6:40,5.158432782
5/5/2021 6:50,4.637828875
5/5/2021 7:00,5.144418156
5/5/2021 7:10,5.396478212
5/5/2021 7:20,5.954968333
5/5/2021 7:30,5.488474083
5/5/2021 7:40,5.03541913
5/5/2021 7:50,5.322469687
5/5/2021 8:00,4.820929527
5/5/2021 8:10,5.357886881
5/5/2021 8:20,5.909712863
5/5/2021 8:30,4.333515257
5/5/2021 8:40,5.645308566
5/5/2021 8:50,5.040449572
5/5/2021 9:00,5.332456303
5/5/2021 9:10,6.026248312
5/5/2021 9:20,5.945185792
5/5/2021 9:30,4.466385734
5/5/2021 9:40,5.303127515
5/5/2021 9:50,6.440507627
5/5/2021 10:00,5.069091451
5/5/2021 10:10,4.922057962
5/5/2021 10:20,5.838692808
5/5/2021 10:30,6.075902867
5/5/2021 10:40,5.383391738
5/5/2021 10:50,6.431504822
5/5/2021 11:00,5.365367568
5/5/2021 11:10,6.000372124
5/5/2021 11:20,5.816065023
5/5/2021 11:30,8.3886976
5/5/2021 11:40,6.836575651
5/5/2021 11:50,8.127653193
5/5/2021 12:00,8.105823731
5/5/2021 12:10,6.490700626
5/5/2021 12:20,5.386807239
5/5/2021 12:30,5.372458529
5/5/2021 12:40,5.682415044
5/5/2021 12:50,5.927347207
5/5/2021 13:00,4.921983635
5/5/2021 13:10,5.123331201
5/5/2021 13:20,6.083921981
5/5/2021 13:30,3.017692161
5/5/2021 13:40,3.19531734
5/5/2021 13:50,3.342259133
5/5/2021 14:00,3.76969794
5/5/2021 14:10,4.063653612
5/5/2021 14:20,4.93659234
5/5/2021 14:30,5.585110378
5/5/2021 14:40,5.802143121
5/5/2021 14:50,4.778068554
5/5/2021 15:00,5.631885918
5/5/2021 15:10,7.42090811
5/5/2021 15:20,4.120065069
5/5/2021 15:30,3.842667103
5/5/2021 15:40,5.861904621
5/5/2021 15:50,5.510080731
5/5/2021 16:00,5.766651702
5/5/2021 16:10,5.616648114
5/5/2021 16:20,5.342684031
5/5/2021 16:30,5.523909879
5/5/2021 16:40,5.091236615
5/5/2021 16:50,5.495138037
5/5/2021 17:00,6.395994747
5/5/2021 17:10,5.311350656
5/5/2021 17:20,5.195372188
5/5/2021 17:30,5.755179924
5/5/2021 17:40,6.870809674
5/5/2021 17:50,6.394064224
5/5/2021 18:00,5.843674359
5/5/2021 18:10,5.318377881
5/5/2021 18:20,5.3046193
5/5/2021 18:30,4.9585518
5/5/2021 18:40,4.104175591
5/5/2021 18:50,4.863975906
5/5/2021 19:00,5.947784591
5/5/2021 19:10,5.46651454
5/5/2021 19:20,5.50735209
5/5/2021 19:30,5.355473757
5/5/2021 19:40,5.669272828
5/5/2021 19:50,6.051697397
5/5/2021 20:00,6.43824296
5/5/2021 20:10,6.351723218
5/5/2021 20:20,5.980046225
5/5/2021 20:30,5.762141109
5/5/2021 20:40,5.851649404
5/5/2021 20:50,6.356567883
5/5/2021 21:00,6.720188785
5/5/2021 21:10,6.137381959
5/5/2021 21:20,6.114624262
5/5/2021 21:30,5.714026976
5/5/2021 21:40,5.504846168
5/5/2021 21:50,5.6692729
5/5/2021 22:00,5.938763165
5/5/2021 22:10,6.586204624
5/5/2021 22:20,6.030090761
5/5/2021 22:30,5.720208263
5/5/2021 22:40,5.803813791
5/5/2021 22:50,5.751746011
5/5/2021 23:00,6.486319876
5/5/2021 23:10,6.275477209
5/5/2021 23:20,5.722138834
5/5/2021 23:30,5.980436063
5/5/2021 23:40,6.463376546
5/5/2021 23:50,5.949510884
5/6/2021 0:00,5.712987542
5/6/2021 0:10,5.338284898
5/6/2021 0:20,5.278346491
5/6/2021 0:30,5.842330909
5/6/2021 0:40,5.477967715
5/6/2021 0:50,5.124222159
5/6/2021 1:00,4.619990337
5/6/2021 1:10,3.890391278
5/6/2021 1:20,3.417028964
5/6/2021 1:30,3.531188309
5/6/2021 1:40,4.30541153
5/6/2021 1:50,4.46781491
5/6/2021 2:00,3.819723856
5/6/2021 2:10,3.506166124
5/6/2021 2:20,3.151789367
5/6/2021 2:30,2.677109134
5/6/2021 2:40,2.317293662
5/6/2021 2:50,2.575460863
5/6/2021 3:00,2.128884172
5/6/2021 3:10,1.691904438
5/6/2021 3:20,1.959107634
5/6/2021 3:30,2.921343756
5/6/2021 3:40,3.219284511
5/6/2021 3:50,3.264853585
5/6/2021 4:00,3.550883102
5/6/2021 4:10,3.559421873
5/6/2021 4:20,3.183160031
5/6/2021 4:30,3.244509017
5/6/2021 4:40,3.75735383
5/6/2021 4:50,3.569130105
5/6/2021 5:00,2.721362126
5/6/2021 5:10,2.083109075
5/6/2021 5:20,1.814922741
5/6/2021 5:30,1.549203961
5/6/2021 5:40,1.640624937
5/6/2021 5:50,1.460493666
5/6/2021 6:00,2.275349969
5/6/2021 6:10,2.540118778
5/6/2021 6:20,2.678831267
5/6/2021 6:30,2.086087483
5/6/2021 6:40,2.388993746
5/6/2021 6:50,2.208446926
5/6/2021 7:00,2.629459262
5/6/2021 7:10,2.387181443
5/6/2021 7:20,2.601522601
5/6/2021 7:30,2.216013861
5/6/2021 7:40,2.344706288
5/6/2021 7:50,2.60836876
5/6/2021 8:00,3.586565489
5/6/2021 8:10,3.132874203
5/6/2021 8:20,1.792031065
5/6/2021 8:30,1.800236969
5/6/2021 8:40,1.844399992
5/6/2021 8:50,1.660499889
5/6/2021 9:00,2.002559245
5/6/2021 9:10,2.196562564
5/6/2021 9:20,1.802493787
5/6/2021 9:30,2.228099993
5/6/2021 9:40,2.718093753
5/6/2021 9:50,2.905418456
5/6/2021 10:00,3.089419365
5/6/2021 10:10,3.046558625
5/6/2021 10:20,2.744686612
5/6/2021 10:30,3.023025036
5/6/2021 10:40,2.360102414
5/6/2021 10:50,3.309209388
5/6/2021 11:00,3.668763661
5/6/2021 11:10,4.405537856
5/6/2021 11:20,4.871122408
5/6/2021 11:30,4.621828079
5/6/2021 11:40,6.352836752
5/6/2021 11:50,5.979155171
5/6/2021 12:00,5.448568808
5/6/2021 12:10,5.17146368
5/6/2021 12:20,5.964620697
5/6/2021 12:30,6.500111771
5/6/2021 12:40,6.372772908
5/6/2021 12:50,6.188039052
5/6/2021 13:00,6.963784456
5/6/2021 13:10,6.426622796
5/6/2021 13:20,6.108016086
5/6/2021 13:30,4.847121072
5/6/2021 13:40,4.638812768
5/6/2021 13:50,6.488547325
5/6/2021 14:00,6.114327359
5/6/2021 14:10,7.788868952
5/6/2021 14:20,8.100124931
5/6/2021 14:30,7.684399247
5/6/2021 14:40,6.018340671
5/6/2021 14:50,5.376876301
5/6/2021 15:00,6.356122446
5/6/2021 15:10,5.220097506
5/6/2021 15:20,6.777027142
5/6/2021 15:30,7.083679581
5/6/2021 15:40,5.027511513
5/6/2021 15:50,6.527602684
5/6/2021 16:00,7.595057917
5/6/2021 16:10,6.496343482
5/6/2021 16:20,8.288812864
5/6/2021 16:30,9.304274535
5/6/2021 16:40,8.191452551
5/6/2021 16:50,8.012806892
5/6/2021 17:00,8.989565754
5/6/2021 17:10,7.549988151
5/6/2021 17:20,6.466160905
5/6/2021 17:30,6.686534905
5/6/2021 17:40,5.957845449
5/6/2021 17:50,6.609240782
5/6/2021 18:00,6.24979651
5/6/2021 18:10,7.546944022
5/6/2021 18:20,6.878211308
5/6/2021 18:30,6.767597365
5/6/2021 18:40,6.42664023
5/6/2021 18:50,5.431412947
5/6/2021 19:00,6.551288509
5/6/2021 19:10,6.830524254
5/6/2021 19:20,7.56910758
5/6/2021 19:30,9.350439525
5/6/2021 19:40,7.705987382
5/6/2021 19:50,8.647904372
5/6/2021 20:00,9.758090401
5/6/2021 20:10,10.25970483
5/6/2021 20:20,11.0175561
5/6/2021 20:30,10.03398488
5/6/2021 20:40,9.160841894
5/6/2021 20:50,10.50131435
5/6/2021 21:00,10.26419697
5/6/2021 21:10,9.26484766
5/6/2021 21:20,8.797128367
5/6/2021 21:30,8.7857867
5/6/2021 21:40,7.83056035
5/6/2021 21:50,7.818123507
5/6/2021 22:00,8.420235395
5/6/2021 22:10,7.584495902
5/6/2021 22:20,7.522701263
5/6/2021 22:30,7.593591452
5/6/2021 22:40,7.424765658
5/6/2021 22:50,7.572801495
5/6/2021 23:00,7.725942087
5/6/2021 23:10,7.382925725
5/6/2021 23:20,7.887992835
5/6/2021 23:30,6.750928259
5/6/2021 23:40,9.20119679
5/6/2021 23:50,8.314763236
5/7/2021 0:00,7.909803748
5/7/2021 0:10,7.677605391
5/7/2021 0:20,7.740216732
5/7/2021 0:30,7.942102575
5/7/2021 0:40,7.633964896
5/7/2021 0:50,6.485187578
5/7/2021 1:00,5.950141978
5/7/2021 1:10,6.21358099
5/7/2021 1:20,6.805167961
5/7/2021 1:30,7.893320179
5/7/2021 1:40,7.898220751
5/7/2021 1:50,8.048966837
5/7/2021 2:00,6.802867162
5/7/2021 2:10,7.708196473
5/7/2021 2:20,7.209997439
5/7/2021 2:30,8.063853884
5/7/2021 2:40,7.322059274
5/7/2021 2:50,6.586278796
5/7/2021 3:00,7.027620912
5/7/2021 3:10,6.894973207
5/7/2021 3:20,6.655554128
5/7/2021 3:30,6.565860128
5/7/2021 3:40,6.730379534
5/7/2021 3:50,7.144935942
5/7/2021 4:00,6.271960068
5/7/2021 4:10,5.561665869
5/7/2021 4:20,6.15817194
5/7/2021 4:30,5.999202657
5/7/2021 4:40,7.040586799
5/7/2021 4:50,7.484499764
5/7/2021 5:00,6.994189835
5/7/2021 5:10,5.97826426
5/7/2021 5:20,6.237452388
5/7/2021 5:30,5.828780293
5/7/2021 5:40,6.102521586
5/7/2021 5:50,5.657875526
5/7/2021 6:00,5.293753362
5/7/2021 6:10,4.665171492
5/7/2021 6:20,4.948602283
5/7/2021 6:30,5.662701631
5/7/2021 6:40,5.200643921
5/7/2021 6:50,5.115553403
5/7/2021 7:00,5.246066391
5/7/2021 7:10,4.767655063
5/7/2021 7:20,6.044439483
5/7/2021 7:30,5.202927077
5/7/2021 7:40,5.607292652
5/7/2021 7:50,4.810645735
5/7/2021 8:00,4.169571322
5/7/2021 8:10,4.821393442
5/7/2021 8:20,5.070520723
5/7/2021 8:30,3.777809715
5/7/2021 8:40,4.385416067
5/7/2021 8:50,3.443425693
5/7/2021 9:00,4.463805449
5/7/2021 9:10,4.253492296
5/7/2021 9:20,4.861210036
5/7/2021 9:30,5.143898427
5/7/2021 9:40,5.298022735
5/7/2021 9:50,5.043827918
5/7/2021 10:00,6.254307055
5/7/2021 10:10,5.354406018
5/7/2021 10:20,4.628921738
5/7/2021 10:30,4.693739176
5/7/2021 10:40,5.222696209
5/7/2021 10:50,4.682156157
5/7/2021 11:00,4.817959368
5/7/2021 11:10,4.630088353
5/7/2021 11:20,4.47676208
5/7/2021 11:30,3.809573082
5/7/2021 11:40,5.163890195
5/7/2021 11:50,4.569685924
5/7/2021 12:00,4.56898067
5/7/2021 12:10,5.50857718
5/7/2021 12:20,6.246696436
5/7/2021 12:30,5.127154958
5/7/2021 12:40,4.279572725
5/7/2021 12:50,4.315899348
5/7/2021 13:00,4.687427902
5/7/2021 13:10,4.027233958
5/7/2021 13:20,5.482366991
5/7/2021 13:30,6.289520168
5/7/2021 13:40,5.553943932
5/7/2021 13:50,3.796743453
5/7/2021 14:00,3.945169258
5/7/2021 14:10,5.042101622
5/7/2021 14:20,3.174658346
5/7/2021 14:30,5.150339603
5/7/2021 14:40,5.174006748
5/7/2021 14:50,6.762678337
5/7/2021 15:00,6.736245346
5/7/2021 15:10,5.999184084
5/7/2021 15:20,5.630792761
5/7/2021 15:30,4.262216651
5/7/2021 15:40,4.471564543
5/7/2021 15:50,4.710593987
5/7/2021 16:00,3.39117142
5/7/2021 16:10,3.602821106
5/7/2021 16:20,5.226297295
5/7/2021 16:30,5.590345097
5/7/2021 16:40,4.758256624
5/7/2021 16:50,5.414613914
5/7/2021 17:00,6.223493457
5/7/2021 17:10,5.014257896
5/7/2021 17:20,5.733350587
5/7/2021 17:30,4.757928312
5/7/2021 17:40,4.422708142
5/7/2021 17:50,4.332457256
5/7/2021 18:00,4.409825754
5/7/2021 18:10,4.27678833
5/7/2021 18:20,4.692495489
5/7/2021 18:30,4.542510474
5/7/2021 18:40,4.39803859
5/7/2021 18:50,3.750634146
5/7/2021 19:00,3.909751976
5/7/2021 19:10,4.005553043
5/7/2021 19:20,3.943906963
5/7/2021 19:30,4.138980305
5/7/2021 19:40,4.281632984
5/7/2021 19:50,5.027493095
5/7/2021 20:00,4.708700418
5/7/2021 20:10,4.651787901
5/7/2021 20:20,4.072805071
5/7/2021 20:30,3.906949115
5/7/2021 20:40,3.983593559
5/7/2021 20:50,4.776486961
5/7/2021 21:00,4.896266687
5/7/2021 21:10,5.604842377
5/7/2021 21:20,6.47863493
5/7/2021 21:30,6.45062418
5/7/2021 21:40,6.280925679
5/7/2021 21:50,5.717813826
5/7/2021 22:00,5.911179304
5/7/2021 22:10,5.141875196
5/7/2021 22:20,5.047874546
5/7/2021 22:30,5.011139405
5/7/2021 22:40,4.597214174
5/7/2021 22:50,5.409230685
5/7/2021 23:00,4.773888136
5/7/2021 23:10,4.89232438
5/7/2021 23:20,4.937550796
5/7/2021 23:30,4.885118532
5/7/2021 23:40,4.844076872
5/7/2021 23:50,4.410238994
5/8/2021 0:00,4.365591216
5/8/2021 0:10,5.266299582
5/8/2021 0:20,6.328501439
5/8/2021 0:30,6.070204186
5/8/2021 0:40,5.757333255
5/8/2021 0:50,5.358852124
5/8/2021 1:00,5.414836621
5/8/2021 1:10,5.313077021
5/8/2021 1:20,5.017005062
5/8/2021 1:30,4.771767268
5/8/2021 1:40,5.55415908
5/8/2021 1:50,6.086446428
5/8/2021 2:00,5.272072482
5/8/2021 2:10,5.016262627
5/8/2021 2:20,5.242353845
5/8/2021 2:30,5.29458878
5/8/2021 2:40,4.890111828
5/8/2021 2:50,5.270049191
5/8/2021 3:00,5.529719901
5/8/2021 3:10,5.642784166
5/8/2021 3:20,5.415801907
5/8/2021 3:30,5.652473688
5/8/2021 3:40,5.877822471
5/8/2021 3:50,5.378584075
5/8/2021 4:00,6.052941108
5/8/2021 4:10,6.274428868
5/8/2021 4:20,6.701830411
5/8/2021 4:30,6.952201414
5/8/2021 4:40,7.292303586
5/8/2021 4:50,6.928330016
5/8/2021 5:00,7.336649346
5/8/2021 5:10,7.301343417
5/8/2021 5:20,7.851647425
5/8/2021 5:30,8.274521677
5/8/2021 5:40,8.724419069
5/8/2021 5:50,7.66492722
5/8/2021 6:00,7.276228452
5/8/2021 6:10,5.758242893
5/8/2021 6:20,6.682543969
5/8/2021 6:30,6.050936317
5/8/2021 6:40,7.185420656
5/8/2021 6:50,7.939503694
5/8/2021 7:00,8.96430223
5/8/2021 7:10,8.409339166
5/8/2021 7:20,8.087817955
5/8/2021 7:30,7.900708103
5/8/2021 7:40,8.635913038
5/8/2021 7:50,8.680778551
5/8/2021 8:00,7.985798597
5/8/2021 8:10,7.774390268
5/8/2021 8:20,7.658931661
5/8/2021 8:30,8.744002461
5/8/2021 8:40,8.101758552
5/8/2021 8:50,7.701718068
5/8/2021 9:00,7.485984707
5/8/2021 9:10,7.184102869
5/8/2021 9:20,7.74305675
5/8/2021 9:30,7.800359201
5/8/2021 9:40,7.693197894
5/8/2021 9:50,7.572857261
5/8/2021 10:00,7.911344385
5/8/2021 10:10,7.230583262
5/8/2021 10:20,6.922000194
5/8/2021 10:30,8.014681816
5/8/2021 10:40,7.705727649
5/8/2021 10:50,8.307969332
5/8/2021 11:00,9.39500792
5/8/2021 11:10,9.194328594
5/8/2021 11:20,9.913272953
5/8/2021 11:30,10.47766571
5/8/2021 11:40,10.70579884
5/8/2021 11:50,10.16002412
5/8/2021 12:00,9.647272301
5/8/2021 12:10,11.42622805
5/8/2021 12:20,9.70513165
5/8/2021 12:30,11.08477082
5/8/2021 12:40,9.631635791
5/8/2021 12:50,11.32038465
5/8/2021 13:00,11.01245139
5/8/2021 13:10,11.23440306
5/8/2021 13:20,9.718032575
5/8/2021 13:30,10.56761944
5/8/2021 13:40,10.86838777
5/8/2021 13:50,10.77410893
5/8/2021 14:00,11.24468679
5/8/2021 14:10,10.58438163
5/8/2021 14:20,10.67569041
5/8/2021 14:30,10.31496544
5/8/2021 14:40,10.20678315
5/8/2021 14:50,10.60077224
5/8/2021 15:00,10.5701442
5/8/2021 15:10,10.03357649
5/8/2021 15:20,10.20292218
5/8/2021 15:30,9.490456319
5/8/2021 15:40,10.094907
5/8/2021 15:50,9.522718
5/8/2021 16:00,10.65681241
5/8/2021 16:10,10.95865717
5/8/2021 16:20,10.07190807
5/8/2021 16:30,9.236112881
5/8/2021 16:40,9.38327632
5/8/2021 16:50,9.553438789
5/8/2021 17:00,10.43090682
5/8/2021 17:10,10.46005001
5/8/2021 17:20,10.50137017
5/8/2021 17:30,9.504990792
5/8/2021 17:40,8.990586662
5/8/2021 17:50,10.30217586
5/8/2021 18:00,9.288960433
5/8/2021 18:10,10.15011182
5/8/2021 18:20,9.023201013
5/8/2021 18:30,9.991291046
5/8/2021 18:40,10.98655663
5/8/2021 18:50,9.07346828
5/8/2021 19:00,10.25518883
5/8/2021 19:10,10.17199712
5/8/2021 19:20,8.936105752
5/8/2021 19:30,10.39285364
5/8/2021 19:40,9.770694256
5/8/2021 19:50,9.522922158
5/8/2021 20:00,9.221467185
5/8/2021 20:10,9.015014935
5/8/2021 20:20,10.02795198
5/8/2021 20:30,9.630658817
5/8/2021 20:40,9.536287093
5/8/2021 20:50,9.345204639
5/8/2021 21:00,9.381754255
5/8/2021 21:10,9.101534754
5/8/2021 21:20,10.34031388
5/8/2021 21:30,9.785098863
5/8/2021 21:40,10.05586998
5/8/2021 21:50,10.10056853
5/8/2021 22:00,10.39470992
5/8/2021 22:10,10.008443
5/8/2021 22:20,9.44417994
5/8/2021 22:30,10.13771205
5/8/2021 22:40,10.66911933
5/8/2021 22:50,10.46972098
5/8/2021 23:00,11.42671065
5/8/2021 23:10,11.98709397
5/8/2021 23:20,11.41607432
5/8/2021 23:30,10.84321709
5/8/2021 23:40,11.68990841
5/8/2021 23:50,10.12607348
5/9/2021 0:00,10.16468339
5/9/2021 0:10,10.36304224
5/9/2021 0:20,10.20715437
5/9/2021 0:30,9.71998167
5/9/2021 0:40,9.066767192
5/9/2021 0:50,9.56520741
5/9/2021 1:00,9.709085417
5/9/2021 1:10,9.201085472
5/9/2021 1:20,8.802102947
5/9/2021 1:30,8.63450222
5/9/2021 1:40,9.204055429
5/9/2021 1:50,10.14786577
5/9/2021 2:00,10.50343041
5/9/2021 2:10,10.23975015
5/9/2021 2:20,9.531052566
5/9/2021 2:30,9.592104554
5/9/2021 2:40,9.991718197
5/9/2021 2:50,9.10782169
5/9/2021 3:00,9.731713152
5/9/2021 3:10,10.1607296
5/9/2021 3:20,10.30345664
5/9/2021 3:30,10.62815462
5/9/2021 3:40,10.74427218
5/9/2021 3:50,9.65197641
5/9/2021 4:00,10.07784801
5/9/2021 4:10,10.00547287
5/9/2021 4:20,10.20728431
5/9/2021 4:30,9.58460536
5/9/2021 4:40,9.919806957
5/9/2021 4:50,8.780830598
5/9/2021 5:00,8.878116465
5/9/2021 5:10,8.820554233
5/9/2021 5:20,8.226665568
5/9/2021 5:30,8.227983451
5/9/2021 5:40,8.767669678
5/9/2021 5:50,9.133944988
5/9/2021 6:00,9.97889142
5/9/2021 6:10,9.842939591
5/9/2021 6:20,8.377374458
5/9/2021 6:30,9.152563071
5/9/2021 6:40,9.722877455
5/9/2021 6:50,8.140479922
5/9/2021 7:00,9.059676313
5/9/2021 7:10,9.296069717
5/9/2021 7:20,8.115123391
5/9/2021 7:30,8.294158792
5/9/2021 7:40,9.0911026
5/9/2021 7:50,9.959901834
5/9/2021 8:00,9.021641779
5/9/2021 8:10,10.06832547
5/9/2021 8:20,9.520620346
5/9/2021 8:30,7.97243371
5/9/2021 8:40,8.175971437
5/9/2021 8:50,7.651450849
5/9/2021 9:00,8.039666891
5/9/2021 9:10,8.339488649
5/9/2021 9:20,7.742407131
5/9/2021 9:30,9.224789762
5/9/2021 9:40,7.949545956
5/9/2021 9:50,7.193365455
5/9/2021 10:00,6.82586503
5/9/2021 10:10,6.776024652
5/9/2021 10:20,7.22592411
5/9/2021 10:30,8.588522887
5/9/2021 10:40,7.934584713
5/9/2021 10:50,8.601275349
5/9/2021 11:00,8.397719049
5/9/2021 11:10,8.631031156
5/9/2021 11:20,7.499850893
5/9/2021 11:30,9.732734156
5/9/2021 11:40,9.001055932
5/9/2021 11:50,9.313444281
5/9/2021 12:00,10.74871535
5/9/2021 12:10,9.615678954
5/9/2021 12:20,6.71640203
5/9/2021 12:30,8.365420091
5/9/2021 12:40,9.040631342
5/9/2021 12:50,9.383963227
5/9/2021 13:00,7.936144018
5/9/2021 13:10,8.1862921
5/9/2021 13:20,9.312595367
5/9/2021 13:30,8.887991786
5/9/2021 13:40,8.332935786
5/9/2021 13:50,9.022781304
5/9/2021 14:00,9.668057392
5/9/2021 14:10,9.963670004
5/9/2021 14:20,10.31192222
5/9/2021 14:30,9.51442039
5/9/2021 14:40,7.95812192
5/9/2021 14:50,8.540278008
5/9/2021 15:00,9.94606227
5/9/2021 15:10,11.25675244
5/9/2021 15:20,9.697522966
5/9/2021 15:30,11.45887071
5/9/2021 15:40,10.91451956
5/9/2021 15:50,8.634817815
5/9/2021 16:00,9.018523383
5/9/2021 16:10,8.718516183
5/9/2021 16:20,9.235723114
5/9/2021 16:30,9.327915472
5/9/2021 16:40,9.776627627
5/9/2021 16:50,9.211476326
5/9/2021 17:00,8.889940715
5/9/2021 17:10,6.67493341
5/9/2021 17:20,7.702999032
5/9/2021 17:30,7.54111526
5/9/2021 17:40,6.657057571
5/9/2021 17:50,8.073172188
5/9/2021 18:00,7.525504303
5/9/2021 18:10,7.956395555
5/9/2021 18:20,7.292194166
5/9/2021 18:30,7.518691826
5/9/2021 18:40,6.765351272
5/9/2021 18:50,6.106790888
5/9/2021 19:00,5.690322685
5/9/2021 19:10,5.037397485
5/9/2021 19:20,5.972769642
5/9/2021 19:30,6.21417501
5/9/2021 19:40,6.199035962
5/9/2021 19:50,5.820612836
5/9/2021 20:00,5.214503276
5/9/2021 20:10,4.408507752
5/9/2021 20:20,4.797800553
5/9/2021 20:30,4.892302215
5/9/2021 20:40,4.735987496
5/9/2021 20:50,4.609892392
5/9/2021 21:00,5.163648868
5/9/2021 21:10,5.609464383
5/9/2021 21:20,5.063838339
5/9/2021 21:30,5.178294706
5/9/2021 21:40,5.290857697
5/9/2021 21:50,4.550473762
5/9/2021 22:00,4.440602374
5/9/2021 22:10,4.654627991
5/9/2021 22:20,4.098235667
5/9/2021 22:30,4.366612208
5/9/2021 22:40,4.637903142
5/9/2021 22:50,5.305355024
5/9/2021 23:00,5.405202699
5/9/2021 23:10,4.904831982
5/9/2021 23:20,5.318163037
5/9/2021 23:30,4.914855719
5/9/2021 23:40,4.798932898
5/9/2021 23:50,4.974497104
5/10/2021 0:00,5.126245451
5/10/2021 0:10,5.215196991
5/10/2021 0:20,5.272220874
5/10/2021 0:30,4.841311049
5/10/2021 0:40,5.045832741
5/10/2021 0:50,5.613158321
5/10/2021 1:00,5.984519768
5/10/2021 1:10,5.831082106
5/10/2021 1:20,6.097218639
5/10/2021 1:30,6.396867132
5/10/2021 1:40,5.494172788
5/10/2021 1:50,5.349682224
5/10/2021 2:00,5.07917093
5/10/2021 2:10,6.085908198
5/10/2021 2:20,5.824511003
5/10/2021 2:30,5.110003233
5/10/2021 2:40,5.874518275
5/10/2021 2:50,6.449231958
5/10/2021 3:00,6.525913548
5/10/2021 3:10,6.051363277
5/10/2021 3:20,5.725721383
5/10/2021 3:30,6.511991787
5/10/2021 3:40,6.305298352
5/10/2021 3:50,5.66752789
5/10/2021 4:00,6.515834165
5/10/2021 4:10,6.319011136
5/10/2021 4:20,5.947097778
5/10/2021 4:30,6.084627318
5/10/2021 4:40,5.848512316
5/10/2021 4:50,5.781817234
5/10/2021 5:00,6.223901772
5/10/2021 5:10,6.5977319
5/10/2021 5:20,6.768655467
5/10/2021 5:30,6.317159796
5/10/2021 5:40,6.452220511
5/10/2021 5:50,7.514106917
5/10/2021 6:00,8.229115868
5/10/2021 6:10,7.045199525
5/10/2021 6:20,7.067216723
5/10/2021 6:30,7.414017916
5/10/2021 6:40,7.638382888
5/10/2021 6:50,7.727965426
5/10/2021 7:00,7.62214067
5/10/2021 7:10,8.410174441
5/10/2021 7:20,7.488063717
5/10/2021 7:30,6.346544194
5/10/2021 7:40,7.221011752
5/10/2021 7:50,6.830984367
5/10/2021 8:00,8.940950656
5/10/2021 8:10,8.786573084
5/10/2021 8:20,8.121241936
5/10/2021 8:30,8.930165768
5/10/2021 8:40,8.877039862
5/10/2021 8:50,8.837743044
5/10/2021 9:00,8.044808769
5/10/2021 9:10,7.316007972
5/10/2021 9:20,9.022922587
5/10/2021 9:30,8.602054906
5/10/2021 9:40,9.702514219
5/10/2021 9:50,7.51356864
5/10/2021 10:00,7.621416664
5/10/2021 10:10,6.027918816
5/10/2021 10:20,7.615142655
5/10/2021 10:30,10.53851359
5/10/2021 10:40,9.606230545
5/10/2021 10:50,8.127783179
5/10/2021 11:00,7.376985717
5/10/2021 11:10,8.063779557
5/10/2021 11:20,9.90629344
5/10/2021 11:30,9.5595644
5/10/2021 11:40,10.74448314
5/10/2021 11:50,10.28899658
5/10/2021 12:00,10.28628633
5/10/2021 12:10,12.99678259
5/10/2021 12:20,12.10251565
5/10/2021 12:30,12.16633346
5/10/2021 12:40,13.38859987
5/10/2021 12:50,15.10496283
5/10/2021 13:00,12.91158075
5/10/2021 13:10,12.14121835
5/10/2021 13:20,12.9566504
5/10/2021 13:30,12.26556864
5/10/2021 13:40,12.87939339
5/10/2021 13:50,12.60778219
5/10/2021 14:00,10.75924034
5/10/2021 14:10,10.91993585
5/10/2021 14:20,11.3551337
5/10/2021 14:30,11.01003826
5/10/2021 14:40,13.21732373
5/10/2021 14:50,13.1964222
5/10/2021 15:00,11.33035254
5/10/2021 15:10,11.65460463
5/10/2021 15:20,12.24461155
5/10/2021 15:30,12.28609865
5/10/2021 15:40,11.16915603
5/10/2021 15:50,13.38806148
5/10/2021 16:00,13.03864112
5/10/2021 16:10,11.47361822
5/10/2021 16:20,13.58790545
5/10/2021 16:30,13.23943162
5/10/2021 16:40,9.61619873
5/10/2021 16:50,9.424223238
5/10/2021 17:00,11.51688724
5/10/2021 17:10,12.9353406
5/10/2021 17:20,12.16547961
5/10/2021 17:30,12.06880608
5/10/2021 17:40,12.99449944
5/10/2021 17:50,11.52535181
5/10/2021 18:00,11.85429792
5/10/2021 18:10,10.78498635
5/10/2021 18:20,10.8957303
5/10/2021 18:30,10.94703708
5/10/2021 18:40,10.11215054
5/10/2021 18:50,10.63752429
5/10/2021 19:00,9.883030666
5/10/2021 19:10,10.638368
5/10/2021 19:20,9.172313523
5/10/2021 19:30,8.558340311
5/10/2021 19:40,8.708251071
5/10/2021 19:50,8.258968127
5/10/2021 20:00,7.526525164
5/10/2021 20:10,7.543979795
5/10/2021 20:20,7.687146497
5/10/2021 20:30,7.850051022
5/10/2021 20:40,7.804999828
5/10/2021 20:50,6.727632403
5/10/2021 21:00,6.550360394
5/10/2021 21:10,6.482774448
5/10/2021 21:20,6.71634624
5/10/2021 21:30,6.931225872
5/10/2021 21:40,7.083308434
5/10/2021 21:50,6.732068706
5/10/2021 22:00,5.867928696
5/10/2021 22:10,5.813986087
5/10/2021 22:20,5.963508386
5/10/2021 22:30,5.569647878
5/10/2021 22:40,5.5376091
5/10/2021 22:50,5.803850889
5/10/2021 23:00,5.955413771
5/10/2021 23:10,6.384390229
5/10/2021 23:20,5.884430754
5/10/2021 23:30,5.972862518
5/10/2021 23:40,5.779738283
5/10/2021 23:50,6.403679633
5/11/2021 0:00,6.341643667
5/11/2021 0:10,6.47876482
5/11/2021 0:20,6.060106301
5/11/2021 0:30,6.473882937
5/11/2021 0:40,6.204745245
5/11/2021 0:50,6.565897322
5/11/2021 1:00,7.225682783
5/11/2021 1:10,6.146737361
5/11/2021 1:20,5.611469245
5/11/2021 1:30,5.783320761
5/11/2021 1:40,5.436461902
5/11/2021 1:50,5.943979216
5/11/2021 2:00,5.854081082
5/11/2021 2:10,5.257742143
5/11/2021 2:20,5.807025123
5/11/2021 2:30,5.806579733
5/11/2021 2:40,5.578372264
5/11/2021 2:50,5.73464992
5/11/2021 3:00,5.021701396
5/11/2021 3:10,4.918326902
5/11/2021 3:20,5.207809043
5/11/2021 3:30,5.612861323
5/11/2021 3:40,5.379103827
5/11/2021 3:50,5.571169996
5/11/2021 4:00,5.601631021
5/11/2021 4:10,4.467833567
5/11/2021 4:20,4.197470772
5/11/2021 4:30,3.895124769
5/11/2021 4:40,3.248759913
5/11/2021 4:50,3.116278082
5/11/2021 5:00,3.748818779
5/11/2021 5:10,3.37962957
5/11/2021 5:20,3.812447286
5/11/2021 5:30,3.396276104
5/11/2021 5:40,2.968466079
5/11/2021 5:50,2.83669101
5/11/2021 6:00,2.606979996
5/11/2021 6:10,3.354859328
5/11/2021 6:20,2.067291322
5/11/2021 6:30,3.096992091
5/11/2021 6:40,2.674937326
5/11/2021 6:50,3.154035425
5/11/2021 7:00,3.419861204
5/11/2021 7:10,3.255123954
5/11/2021 7:20,3.111675858
5/11/2021 7:30,2.586969566
5/11/2021 7:40,2.45337534
5/11/2021 7:50,2.626303613
5/11/2021 8:00,2.25801121
5/11/2021 8:10,2.922124118
5/11/2021 8:20,1.819593634
5/11/2021 8:30,2.708473607
5/11/2021 8:40,3.201054323
5/11/2021 8:50,2.980197662
5/11/2021 9:00,3.049435782
5/11/2021 9:10,3.756388593
5/11/2021 9:20,3.482387531
5/11/2021 9:30,4.350741202
5/11/2021 9:40,3.928537226
5/11/2021 9:50,3.657301879
5/11/2021 10:00,4.147816062
5/11/2021 10:10,3.768769866
5/11/2021 10:20,3.746160638
5/11/2021 10:30,3.404542233
5/11/2021 10:40,3.587172878
5/11/2021 10:50,3.908248413
5/11/2021 11:00,3.796186578
5/11/2021 11:10,3.88846072
5/11/2021 11:20,4.291898143
5/11/2021 11:30,6.134467542
5/11/2021 11:40,6.441287184
5/11/2021 11:50,4.836169279
5/11/2021 12:00,6.716606212
5/11/2021 12:10,6.268618751
5/11/2021 12:20,5.07742604
5/11/2021 12:30,4.504216039
5/11/2021 12:40,2.820003313
5/11/2021 12:50,4.282635438
5/11/2021 13:00,3.713007987
5/11/2021 13:10,3.619323051
5/11/2021 13:20,3.468317199
5/11/2021 13:30,3.307955736
5/11/2021 13:40,5.247105873
5/11/2021 13:50,5.041953063
5/11/2021 14:00,4.941492891
5/11/2021 14:10,4.898409355
5/11/2021 14:20,3.93796708
5/11/2021 14:30,4.524245
5/11/2021 14:40,4.279387009
5/11/2021 14:50,7.349773192
5/11/2021 15:00,7.977482557
5/11/2021 15:10,5.998887181
5/11/2021 15:20,7.075233722
5/11/2021 15:30,7.16481626
5/11/2021 15:40,6.742018282
5/11/2021 15:50,7.275801635
5/11/2021 16:00,8.079223561
5/11/2021 16:10,8.344852996
5/11/2021 16:20,7.171071911
5/11/2021 16:30,6.688372612
5/11/2021 16:40,6.936590385
5/11/2021 16:50,5.851872134
5/11/2021 17:00,8.252931523
5/11/2021 17:10,7.873049903
5/11/2021 17:20,6.278048551
5/11/2021 17:30,4.733425844
5/11/2021 17:40,5.260081005
5/11/2021 17:50,5.886788154
5/11/2021 18:00,6.799617743
5/11/2021 18:10,6.738918257
5/11/2021 18:20,6.273110986
5/11/2021 18:30,7.056318474
5/11/2021 18:40,9.062516499
5/11/2021 18:50,8.921682715
5/11/2021 19:00,8.627856994
5/11/2021 19:10,5.092294645
5/11/2021 19:20,4.430838418
5/11/2021 19:30,4.474014902
5/11/2021 19:40,4.615403502
5/11/2021 19:50,4.780277419
5/11/2021 20:00,4.450700366
5/11/2021 20:10,4.88032937
5/11/2021 20:20,5.35268935
5/11/2021 20:30,6.22393887
5/11/2021 20:40,6.518247271
5/11/2021 20:50,5.56968503
5/11/2021 21:00,5.576441765
5/11/2021 21:10,6.177235675
5/11/2021 21:20,6.216235352
5/11/2021 21:30,6.618317795
5/11/2021 21:40,7.070054746
5/11/2021 21:50,6.773221803
5/11/2021 22:00,7.400300145
5/11/2021 22:10,6.826496148
5/11/2021 22:20,7.461686444
5/11/2021 22:30,7.233398628
5/11/2021 22:40,8.733718753
5/11/2021 22:50,7.939318109
5/11/2021 23:00,7.793658137
5/11/2021 23:10,7.937071991
5/11/2021 23:20,7.68827877
5/11/2021 23:30,8.145788813
5/11/2021 23:40,8.816878867
5/11/2021 23:50,9.335607839
5/12/2021 0:00,8.510910235
5/12/2021 0:10,8.227185225
5/12/2021 0:20,7.187555337
5/12/2021 0:30,7.351072478
5/12/2021 0:40,7.603615308
5/12/2021 0:50,7.060606456
5/12/2021 1:00,6.591773558
5/12/2021 1:10,7.082528758
5/12/2021 1:20,6.676307011
5/12/2021 1:30,6.355120063
5/12/2021 1:40,6.15044992
5/12/2021 1:50,5.113808584
5/12/2021 2:00,5.305633426
5/12/2021 2:10,5.343779325
5/12/2021 2:20,5.183547831
5/12/2021 2:30,5.108722472
5/12/2021 2:40,4.640798831
5/12/2021 2:50,5.103153634
5/12/2021 3:00,4.820149815
5/12/2021 3:10,5.330767035
5/12/2021 3:20,5.887939048
5/12/2021 3:30,6.092293644
5/12/2021 3:40,5.644343352
5/12/2021 3:50,5.884393597
5/12/2021 4:00,5.731178761
5/12/2021 4:10,6.120490074
5/12/2021 4:20,6.108688179
5/12/2021 4:30,5.354100156
5/12/2021 4:40,4.926735687
5/12/2021 4:50,6.372475934
5/12/2021 5:00,5.974830103
5/12/2021 5:10,5.050807393
5/12/2021 5:20,3.862454736
5/12/2021 5:30,4.419830847
5/12/2021 5:40,4.056525493
5/12/2021 5:50,3.826536191
5/12/2021 6:00,4.764814997
5/12/2021 6:10,4.045351005
5/12/2021 6:20,4.690954769
5/12/2021 6:30,5.940823579
5/12/2021 6:40,5.899206644
5/12/2021 6:50,5.095543051
5/12/2021 7:00,4.988381743
5/12/2021 7:10,5.319239724
5/12/2021 7:20,6.790819049
5/12/2021 7:30,6.553163409
5/12/2021 7:40,6.773129058
5/12/2021 7:50,6.746007267
5/12/2021 8:00,5.844447136
5/12/2021 8:10,5.378732526
5/12/2021 8:20,6.2995996
5/12/2021 8:30,5.981735361
5/12/2021 8:40,5.051419961
5/12/2021 8:50,6.022702789
5/12/2021 9:00,6.104749084
5/12/2021 9:10,6.451737905
5/12/2021 9:20,6.334515679
5/12/2021 9:30,5.046991449
5/12/2021 9:40,5.594855714
5/12/2021 9:50,5.391726291
5/12/2021 10:00,4.727485836
5/12/2021 10:10,4.351613736
5/12/2021 10:20,4.93714931
5/12/2021 10:30,4.298320746
5/12/2021 10:40,4.912392998
5/12/2021 10:50,4.260134501
5/12/2021 11:00,4.051012599
5/12/2021 11:10,4.524671876
5/12/2021 11:20,4.352244842
5/12/2021 11:30,4.234243053
5/12/2021 11:40,3.53985709
5/12/2021 11:50,4.020087445
5/12/2021 12:00,4.237621427
5/12/2021 12:10,3.528775167
5/12/2021 12:30,2.451243821
5/12/2021 12:40,1.739756252
5/12/2021 12:50,1.917506216
5/12/2021 13:00,2.141625068
5/12/2021 13:10,3.179587388
5/12/2021 13:20,4.475074446
5/12/2021 13:30,4.515613472
5/12/2021 13:40,3.647575253
5/12/2021 13:50,3.282636511
5/12/2021 14:00,3.376321346
5/12/2021 14:10,3.347048396
5/12/2021 14:20,3.662647951
5/12/2021 14:30,2.344311941
5/12/2021 14:40,2.525737423
5/12/2021 14:50,3.22407738
5/12/2021 15:00,3.603043824
5/12/2021 15:10,3.406007735
5/12/2021 15:20,3.86249783
5/12/2021 15:30,3.642897469
5/12/2021 15:40,3.167776322
5/12/2021 15:50,3.541935998
5/12/2021 16:00,3.126470113
5/12/2021 16:10,2.997482425
5/12/2021 16:20,1.952288562
5/12/2021 16:30,3.988633764
5/12/2021 16:40,2.902439356
5/12/2021 16:50,3.451313847
5/12/2021 17:00,2.668434769
5/12/2021 17:10,2.838862503
5/12/2021 17:20,2.592831117
5/12/2021 17:30,2.132062536
5/12/2021 17:40,2.461293778
5/12/2021 17:50,2.437499934
5/12/2021 18:00,2.037843841
5/12/2021 18:10,1.704262492
5/12/2021 18:20,1.890356177
5/12/2021 18:30,4.025945759
5/12/2021 18:40,3.46982069
5/12/2021 18:50,3.74131577
5/12/2021 19:00,3.10530892
5/12/2021 19:10,3.180746901
5/12/2021 19:20,3.185814524
5/12/2021 19:30,3.349888384
5/12/2021 19:40,3.128586328
5/12/2021 19:50,3.308096535
5/12/2021 20:00,3.359045211
5/12/2021 20:10,3.689303672
5/12/2021 20:20,2.730782189
5/12/2021 20:30,3.461096394
5/12/2021 20:40,3.248444307
5/12/2021 20:50,2.634062737
5/12/2021 21:00,3.807621109
5/12/2021 21:10,4.100964332
5/12/2021 21:20,3.785346079
5/12/2021 21:30,3.290562606
5/12/2021 21:40,3.509191847
5/12/2021 21:50,3.594094665
5/12/2021 22:00,3.032581031
5/12/2021 22:10,3.406411219
5/12/2021 22:20,3.44021349
5/12/2021 22:30,3.136695109
5/12/2021 22:40,3.428185024
5/12/2021 22:50,3.772470562
5/12/2021 23:00,2.40021233
5/12/2021 23:10,3.828411102
5/12/2021 23:20,4.271516502
5/12/2021 23:30,3.390459318
5/12/2021 23:40,1.731018779
5/12/2021 23:50,2.22924264
5/13/2021 0:00,2.831407949
5/13/2021 0:10,2.765019288
5/13/2021 0:20,3.027074794
5/13/2021 0:30,2.466319947
5/13/2021 0:40,2.466684663
5/13/2021 0:50,2.336580062
5/13/2021 1:00,3.213788116
5/13/2021 1:10,3.937094522
5/13/2021 1:20,3.622534382
5/13/2021 1:30,2.670131526
5/13/2021 1:40,3.018250716
5/13/2021 1:50,2.665006381
5/13/2021 2:00,3.085839408
5/13/2021 2:10,3.300730214
5/13/2021 2:20,3.209258878
5/13/2021 2:30,3.112603062
5/13/2021 2:40,2.59244563
5/13/2021 2:50,2.056304818
5/13/2021 3:00,2.498500711
5/13/2021 3:10,2.643863696
5/13/2021 3:20,2.827261198
5/13/2021 3:30,2.603508776
5/13/2021 3:40,2.279743734
5/13/2021 3:50,2.230975159
5/13/2021 4:00,2.437058736
5/13/2021 4:10,2.64132233
5/13/2021 4:20,2.574588478
5/13/2021 4:30,2.49593499
5/13/2021 4:40,2.749539892
5/13/2021 4:50,2.963454231
5/13/2021 5:00,3.443591886
5/13/2021 5:10,3.081251926
5/13/2021 5:20,2.790705085
5/13/2021 5:30,3.363020859
5/13/2021 5:40,3.343715894
5/13/2021 5:50,2.986983738
5/13/2021 6:00,2.669408623
5/13/2021 6:10,3.784018416
5/13/2021 6:20,3.655214272
5/13/2021 6:30,3.504916505
5/13/2021 6:40,3.679818332
5/13/2021 6:50,3.425976098
5/13/2021 7:00,3.330694687
5/13/2021 7:10,3.123407328
5/13/2021 7:20,3.496290863
5/13/2021 7:30,3.477691227
5/13/2021 7:40,3.503994262
5/13/2021 7:50,3.472809315
5/13/2021 8:00,3.749724698
5/13/2021 8:10,4.65347712
5/13/2021 8:20,5.010706513
5/13/2021 8:30,5.568311417
5/13/2021 8:40,5.415653348
5/13/2021 8:50,4.449122529
5/13/2021 9:00,4.789521706
5/13/2021 9:10,3.941772377
5/13/2021 9:20,4.461336792
5/13/2021 9:30,5.744413702
5/13/2021 9:40,4.936780055
5/13/2021 9:50,5.440174365
5/13/2021 10:00,5.645846963
5/13/2021 10:10,5.732775187
5/13/2021 10:20,5.975739789
5/13/2021 10:30,5.715827537
5/13/2021 10:40,6.551121545
5/13/2021 10:50,5.660511327
5/13/2021 11:00,5.950439024
5/13/2021 11:10,5.717516804
5/13/2021 11:20,5.752210093
5/13/2021 11:30,6.160603595
5/13/2021 11:40,6.065285206
5/13/2021 11:50,6.026044083
5/13/2021 12:00,5.549897337
5/13/2021 12:10,5.66101253
5/13/2021 12:20,6.111912225
5/13/2021 12:30,6.180685554
5/13/2021 12:40,5.687204123
5/13/2021 12:50,5.177700555
5/13/2021 13:00,5.275525022
5/13/2021 13:10,5.963666213
5/13/2021 13:20,5.536755037
5/13/2021 13:30,6.333314042
5/13/2021 13:40,7.4929456
5/13/2021 13:50,5.928386736
5/13/2021 14:00,6.393436997
5/13/2021 14:10,7.937109113
5/13/2021 14:20,7.478581152
5/13/2021 14:30,6.330225759
5/13/2021 14:40,6.985523171
5/13/2021 14:50,5.974139402
5/13/2021 15:00,5.545646513
5/13/2021 15:10,5.595226979
5/13/2021 15:20,6.236691425
5/13/2021 15:30,7.526908822
5/13/2021 15:40,7.217835337
5/13/2021 15:50,5.321774922
5/13/2021 16:00,3.390526464
5/13/2021 16:10,3.93299107
5/13/2021 16:20,3.1000891
5/13/2021 16:30,2.067726433
5/13/2021 16:40,0.882414487
5/13/2021 16:50,0.759236755
5/13/2021 17:00,1.545041713
5/13/2021 17:10,1.95527085
5/13/2021 17:20,1.952427569
5/13/2021 17:30,2.291375041
5/13/2021 17:40,2.299237454
5/13/2021 17:50,2.91282241
5/13/2021 18:00,2.365678128
5/13/2021 18:10,2.38985613
5/13/2021 18:20,2.244513254
5/13/2021 18:30,2.857077444
5/13/2021 18:40,3.211277309
5/13/2021 18:50,3.251717567
5/13/2021 19:00,2.735491113
5/13/2021 19:10,3.393658853
5/13/2021 19:20,4.335965574
5/13/2021 19:30,4.342778027
5/13/2021 19:40,4.55756458
5/13/2021 19:50,4.228878462
5/13/2021 20:00,5.323434961
5/13/2021 20:10,5.066678369
5/13/2021 20:20,4.982942963
5/13/2021 20:30,4.479249477
5/13/2021 20:40,4.386140001
5/13/2021 20:50,4.23377896
5/13/2021 21:00,5.419867015
5/13/2021 21:20,6.088500645
5/13/2021 21:30,6.075438929
5/13/2021 21:40,6.040578461
5/13/2021 21:50,6.568199015
5/13/2021 22:00,6.74996295
5/13/2021 22:10,6.262660241
5/13/2021 22:20,6.163870645
5/13/2021 22:30,6.031487703
5/13/2021 22:40,4.560479021
5/13/2021 22:50,5.174081087
5/13/2021 23:00,4.775247157
5/13/2021 23:10,4.548116374
5/13/2021 23:20,4.792584491
5/13/2021 23:30,4.606978011
5/13/2021 23:40,4.634784722
5/13/2021 23:50,4.55114212
5/14/2021 0:00,4.723049414
5/14/2021 0:10,4.719039845
5/14/2021 0:20,5.102429783
5/14/2021 0:30,4.076962936
5/14/2021 0:40,4.51808219
5/14/2021 0:50,3.919107389
5/14/2021 1:00,4.248588913
5/14/2021 1:10,4.626876998
5/14/2021 1:20,3.876395118
5/14/2021 1:30,4.312038529
5/14/2021 1:40,4.289039516
5/14/2021 1:50,3.605308366
5/14/2021 2:00,4.151992595
5/14/2021 2:10,3.751376677
5/14/2021 2:20,5.033210158
5/14/2021 2:30,4.251914537
5/14/2021 2:40,4.275785959
5/14/2021 2:50,4.642209733
5/14/2021 3:00,3.959990953
5/14/2021 3:10,3.441921246
5/14/2021 3:20,3.423977554
5/14/2021 3:30,5.331893106
5/14/2021 3:40,4.708489569
5/14/2021 3:50,3.782246137
5/14/2021 4:00,4.721248758
5/14/2021 4:10,4.001153708
5/14/2021 4:20,3.324810445
5/14/2021 4:30,3.655705607
5/14/2021 4:40,4.228952801
5/14/2021 4:50,4.829004073
5/14/2021 5:00,4.627823794
5/14/2021 5:10,4.042752373
5/14/2021 5:20,4.661282075
5/14/2021 5:30,4.679613137
5/14/2021 5:40,5.106866169
5/14/2021 5:50,4.818831801
5/14/2021 6:00,5.308622003
5/14/2021 6:10,4.432478136
5/14/2021 6:20,4.003231751
5/14/2021 6:30,4.157258153
5/14/2021 6:40,4.510553416
5/14/2021 6:50,4.795694113
5/14/2021 7:00,4.921331935
5/14/2021 7:10,4.188417757
5/14/2021 7:20,4.609717482
5/14/2021 7:30,4.336466694
5/14/2021 7:40,4.057936394
5/14/2021 7:50,4.496667274
5/14/2021 8:00,5.264837014
5/14/2021 8:10,4.341010709
5/14/2021 8:20,4.694017601
5/14/2021 8:30,5.01962235
5/14/2021 8:40,4.757000208
5/14/2021 8:50,3.799212313
5/14/2021 9:00,4.010342133
5/14/2021 9:10,4.340494835
5/14/2021 9:20,4.335111642
5/14/2021 9:30,4.531911361
5/14/2021 9:40,3.910772902
5/14/2021 9:50,3.920741057
5/14/2021 10:00,3.060443294
5/14/2021 10:10,2.710651505
5/14/2021 10:20,2.392249006
5/14/2021 10:30,1.47783739
5/14/2021 10:40,2.113521923
5/14/2021 10:50,2.547337466
5/14/2021 11:00,2.300793716
5/14/2021 11:10,0.867637531
5/14/2021 11:20,1.564087395
5/14/2021 11:30,1.525650001
5/14/2021 11:40,0.953212506
5/14/2021 11:50,1.175437482
5/14/2021 12:00,1.019568719
5/14/2021 12:10,0.50428139
5/14/2021 12:20,0.879956318
5/14/2021 12:30,0.721425027
5/14/2021 12:40,1.400399989
5/14/2021 12:50,0.959081252
5/14/2021 13:00,1.133287492
5/14/2021 13:10,0.879224958
5/14/2021 13:20,1.72123127
5/14/2021 13:30,1.555068755
5/14/2021 13:40,1.964343607
5/14/2021 13:50,1.883231384
5/14/2021 14:00,1.718775028
5/14/2021 14:10,1.534275076
5/14/2021 14:20,1.909518787
5/14/2021 14:30,1.316362521
5/14/2021 14:40,1.536506316
5/14/2021 14:50,1.146731278
5/14/2021 15:00,1.73056882
5/14/2021 15:10,1.31501255
5/14/2021 15:20,1.230693737
5/14/2021 15:30,1.018443793
5/14/2021 15:40,0.874143691
5/14/2021 15:50,1.420796012
5/14/2021 16:00,1.758729233
5/14/2021 16:10,2.202450109
5/14/2021 16:20,1.85551877
5/14/2021 16:30,1.869449991
5/14/2021 16:40,2.29736253
5/14/2021 16:50,2.422424996
5/14/2021 17:00,1.806562436
5/14/2021 17:10,1.755150038
5/14/2021 17:20,2.030587459
5/14/2021 17:30,2.390343744
5/14/2021 17:40,2.198568845
5/14/2021 17:50,2.680139381
5/14/2021 18:00,2.031022727
5/14/2021 18:10,2.056986839
5/14/2021 18:20,2.042250115
5/14/2021 18:30,2.060306358
5/14/2021 18:40,2.548068643
5/14/2021 18:50,2.547412431
5/14/2021 19:00,2.84550938
5/14/2021 19:10,2.451203573
5/14/2021 19:20,3.169479549
5/14/2021 19:30,3.183549786
5/14/2021 19:40,3.124651158
5/14/2021 19:50,2.787407601
5/14/2021 20:00,2.326862178
5/14/2021 20:10,2.513851923
5/14/2021 20:20,2.645978916
5/14/2021 20:30,3.410306404
5/14/2021 20:40,4.120807612
5/14/2021 20:50,4.186110389
5/14/2021 21:00,3.779498982
5/14/2021 21:10,4.054687977
5/14/2021 21:20,4.613549244
5/14/2021 21:30,4.685571623
5/14/2021 21:40,5.227949357
5/14/2021 21:50,5.258893061
5/14/2021 22:00,5.172577405
5/14/2021 22:10,4.606569803
5/14/2021 22:20,4.542417622
5/14/2021 22:30,4.679260397
5/14/2021 22:40,4.779683518
5/14/2021 22:50,4.786198974
5/14/2021 23:00,4.691455984
5/14/2021 23:10,5.015965712
5/14/2021 23:20,5.060292864
5/14/2021 23:30,5.252024937
5/14/2021 23:40,5.72212038
5/14/2021 23:50,6.233777046
5/15/2021 0:00,5.747550941
5/15/2021 0:10,5.003658724
5/15/2021 0:20,4.728116941
5/15/2021 0:30,4.267636955
5/15/2021 0:40,3.75620302
5/15/2021 0:50,4.029739928
5/15/2021 1:00,3.949475741
5/15/2021 1:10,3.325255966
5/15/2021 1:20,3.428574836
5/15/2021 1:30,2.895756841
5/15/2021 1:40,2.619169381
5/15/2021 1:50,2.3302055
5/15/2021 2:00,2.686837423
5/15/2021 2:10,2.103131258
5/15/2021 2:20,2.170162451
5/15/2021 2:30,2.41888119
5/15/2021 2:40,2.513231188
5/15/2021 2:50,2.348081225
5/15/2021 3:00,2.898460805
5/15/2021 3:10,3.645835174
5/15/2021 3:20,4.006539549
5/15/2021 3:30,4.020310307
5/15/2021 3:40,4.109131718
5/15/2021 3:50,3.974516618
5/15/2021 4:00,4.296353102
5/15/2021 4:10,4.065825474
5/15/2021 4:20,4.03383058
5/15/2021 4:30,3.635925861
5/15/2021 4:40,3.553333461
5/15/2021 4:50,3.365016842
5/15/2021 5:00,3.575825265
5/15/2021 5:10,3.776436067
5/15/2021 5:20,3.72800653
5/15/2021 5:30,3.582810712
5/15/2021 5:40,3.59602716
5/15/2021 5:50,2.902495044
5/15/2021 6:00,2.50328986
5/15/2021 6:10,2.75180465
5/15/2021 6:20,2.384090775
5/15/2021 6:30,3.342532128
5/15/2021 6:40,3.747942674
5/15/2021 6:50,4.782041001
5/15/2021 7:00,3.975574625
5/15/2021 7:10,5.146255767
5/15/2021 7:20,4.033136916
5/15/2021 7:30,4.592740631
5/15/2021 7:40,4.304223692
5/15/2021 7:50,4.0255077
5/15/2021 8:00,3.64120437
5/15/2021 8:10,3.498815227
5/15/2021 8:20,3.710843061
5/15/2021 8:30,3.848087358
5/15/2021 8:40,3.259340501
5/15/2021 8:50,4.257019186
5/15/2021 9:00,4.456194878
5/15/2021 9:10,4.682286131
5/15/2021 9:20,4.238456714
5/15/2021 9:30,4.685706515
5/15/2021 9:40,4.384095142
5/15/2021 9:50,4.046668899
5/15/2021 10:00,5.740552759
5/15/2021 10:10,5.068211254
5/15/2021 10:20,4.621085536
5/15/2021 10:30,3.921075118
5/15/2021 10:40,4.826349711
5/15/2021 10:50,5.02769711
5/15/2021 11:00,4.1638401
5/15/2021 11:10,3.884451298
5/15/2021 11:20,3.650526559
5/15/2021 11:30,3.557621312
5/15/2021 11:40,3.40622561
5/15/2021 11:50,3.430920488
5/15/2021 12:00,3.666768873
5/15/2021 12:10,3.649779982
5/15/2021 12:20,2.983464658
5/15/2021 12:30,2.013354141
5/15/2021 12:40,2.384099889
5/15/2021 12:50,2.499166628
5/15/2021 13:00,2.938509331
5/15/2021 13:10,2.968336195
5/15/2021 13:20,2.656059223
5/15/2021 13:30,2.423378277
5/15/2021 13:40,2.401454982
5/15/2021 13:50,2.636474967
5/15/2021 14:00,2.578526334
5/15/2021 14:10,3.100781626
5/15/2021 14:20,3.00121032
5/15/2021 14:30,2.778646058
5/15/2021 14:40,2.942979836
5/15/2021 14:50,2.740688691
5/15/2021 15:00,3.003810951
5/15/2021 15:10,3.209574497
5/15/2021 15:20,3.150079702
5/15/2021 15:30,3.352097368
5/15/2021 15:40,3.391951084
5/15/2021 15:50,3.032596271
5/15/2021 16:00,3.466776335
5/15/2021 16:10,2.860098249
5/15/2021 16:20,2.778497489
5/15/2021 16:30,2.932176447
5/15/2021 16:40,2.642694324
5/15/2021 16:50,2.803742552
5/15/2021 17:00,2.825961798
5/15/2021 17:10,1.999490559
5/15/2021 17:20,1.985118788
5/15/2021 17:30,2.640056199
5/15/2021 17:40,3.667050743
5/15/2021 17:50,5.43540273
5/15/2021 18:00,4.467136917
5/15/2021 18:10,3.546366188
5/15/2021 18:20,2.501076077
5/15/2021 18:30,2.472568923
5/15/2021 18:40,2.256903321
5/15/2021 18:50,2.16055284
5/15/2021 19:00,2.439168721
5/15/2021 19:10,2.570362252
5/15/2021 19:20,3.009281409
5/15/2021 19:30,3.103245592
5/15/2021 19:40,2.994268048
5/15/2021 19:50,3.44839958
5/15/2021 20:00,4.048191082
5/15/2021 20:10,3.830397391
5/15/2021 20:20,3.87923522
5/15/2021 20:30,3.694334114
5/15/2021 20:40,3.657580471
5/15/2021 20:50,3.427498257
5/15/2021 21:00,3.652958357
5/15/2021 21:10,3.66652751
5/15/2021 21:20,3.167493308
5/15/2021 21:30,3.196228075
5/15/2021 21:40,3.547300637
5/15/2021 21:50,4.010824752
5/15/2021 22:00,3.636289227
5/15/2021 22:10,3.622126007
5/15/2021 22:20,4.378529203
5/15/2021 22:30,5.630866957
5/15/2021 22:40,5.938948798
5/15/2021 22:50,5.356494665
5/15/2021 23:00,5.188058591
5/15/2021 23:10,4.348662293
5/15/2021 23:20,4.345376742
5/15/2021 23:30,4.638942587
5/15/2021 23:40,4.884561598
5/15/2021 23:50,4.401955223
5/16/2021 0:00,5.652418089
5/16/2021 0:10,5.667156696
5/16/2021 0:20,5.872420788
5/16/2021 0:30,5.67872113
5/16/2021 0:40,5.43564527
5/16/2021 0:50,5.275599337
5/16/2021 1:00,5.296946311
5/16/2021 1:10,5.163797379
5/16/2021 1:20,4.555504215
5/16/2021 1:30,4.408953226
5/16/2021 1:40,4.477650065
5/16/2021 1:50,4.087283754
5/16/2021 2:00,3.748016882
5/16/2021 2:10,3.720655799
5/16/2021 2:20,4.141467738
5/16/2021 2:30,4.168327618
5/16/2021 2:40,3.501125963
5/16/2021 2:50,3.894453175
5/16/2021 3:00,3.845470062
5/16/2021 3:10,4.340268135
5/16/2021 3:20,4.461197024
5/16/2021 3:30,3.755961704
5/16/2021 3:40,4.080002295
5/16/2021 3:50,5.025209689
5/16/2021 4:00,4.769659734
5/16/2021 4:10,6.031779885
5/16/2021 4:20,5.811275983
5/16/2021 4:30,4.980622673
5/16/2021 4:40,5.157560372
5/16/2021 4:50,5.595672488
5/16/2021 5:00,5.401453018
5/16/2021 5:10,4.871345103
5/16/2021 5:20,3.907546922
5/16/2021 5:30,4.641541493
5/16/2021 5:40,4.226428139
5/16/2021 5:50,4.177850223
5/16/2021 6:00,3.848384285
5/16/2021 6:10,4.664540315
5/16/2021 6:20,4.618709517
5/16/2021 6:30,4.219300163
5/16/2021 6:40,4.052959693
5/16/2021 6:50,3.968041144
5/16/2021 7:00,4.059904039
5/16/2021 7:10,3.393213248
5/16/2021 7:20,3.220767683
5/16/2021 7:30,3.508115172
5/16/2021 7:40,4.04733721
5/16/2021 7:50,3.79642136
5/16/2021 8:00,3.561203945
5/16/2021 8:10,3.778997648
5/16/2021 8:20,3.275174278
5/16/2021 8:30,3.135862774
5/16/2021 8:40,2.85818637
5/16/2021 8:50,3.562874484
5/16/2021 9:00,3.94735961
5/16/2021 9:10,3.341145474
5/16/2021 9:20,3.473050511
5/16/2021 9:30,4.372422206
5/16/2021 9:40,3.929539478
5/16/2021 9:50,3.946060187
5/16/2021 10:00,3.507465452
5/16/2021 10:10,3.92701509
5/16/2021 10:20,4.074698329
5/16/2021 10:30,2.959370422
5/16/2021 10:40,3.619880009
5/16/2021 10:50,3.761778033
5/16/2021 11:00,3.686184281
5/16/2021 11:10,3.839214504
5/16/2021 11:20,4.473462701
5/16/2021 11:30,3.947007
5/16/2021 11:40,4.667807329
5/16/2021 11:50,4.049917412
5/16/2021 12:00,6.975014782
5/16/2021 12:10,8.078759694
5/16/2021 12:20,6.707937598
5/16/2021 12:30,5.156279528
5/16/2021 12:40,4.857200575
5/16/2021 12:50,4.318201172
5/16/2021 13:00,4.890353155
5/16/2021 13:10,4.432620406
5/16/2021 13:20,3.65106501
5/16/2021 13:30,3.17967028
5/16/2021 13:40,4.924768007
5/16/2021 13:50,4.738159311
5/16/2021 14:00,4.998572516
5/16/2021 14:10,4.306321204
5/16/2021 14:20,5.139294827
5/16/2021 14:30,4.072804964
5/16/2021 14:40,3.80884617
5/16/2021 14:50,6.061108613
5/16/2021 15:00,6.119339192
5/16/2021 15:10,4.813597286
5/16/2021 15:20,5.095691454
5/16/2021 15:30,4.80775001
5/16/2021 15:40,5.568199933
5/16/2021 15:50,6.430966425
5/16/2021 16:00,6.036550379
5/16/2021 16:10,6.097583985
5/16/2021 16:20,4.069407988
5/16/2021 16:30,4.501468718
5/16/2021 16:40,3.900452173
5/16/2021 16:50,3.481663537
5/16/2021 17:00,3.33117736
5/16/2021 17:10,3.745232558
5/16/2021 17:20,3.411942875
5/16/2021 17:30,3.65694927
5/16/2021 17:40,1.980910279
5/16/2021 17:50,2.290106338
5/16/2021 18:00,2.144981322
5/16/2021 18:10,2.105493674
5/16/2021 18:20,2.288156199
5/16/2021 18:30,1.811568749
5/16/2021 18:40,1.326524976
5/16/2021 18:50,0.950137377
5/16/2021 19:00,0.610856082
5/16/2021 19:10,1.373718655
5/16/2021 19:20,2.036418688
5/16/2021 19:30,2.465568662
5/16/2021 19:40,2.405549854
5/16/2021 19:50,1.978556412
5/16/2021 20:00,1.223940899
5/16/2021 20:10,2.489812484
5/16/2021 20:20,3.01526081
5/16/2021 20:30,2.885955882
5/16/2021 20:40,2.540618587
5/16/2021 20:50,1.996421023
5/16/2021 21:00,2.69534995
5/16/2021 21:10,2.773898077
5/16/2021 21:20,3.206177592
5/16/2021 21:30,4.154517102
5/16/2021 21:40,4.989161372
5/16/2021 21:50,4.762995887
5/16/2021 22:00,4.521367824
5/16/2021 22:10,5.049638057
5/16/2021 22:20,5.082716393
5/16/2021 22:30,4.909602499
5/16/2021 22:40,4.84298172
5/16/2021 22:50,5.029664755
5/16/2021 23:00,4.783284664
5/16/2021 23:10,4.858314204
5/16/2021 23:20,4.929909873
5/16/2021 23:30,4.896868539
5/16/2021 23:40,5.317569101
5/16/2021 23:50,5.033043075
5/17/2021 0:00,5.292936599
5/17/2021 0:10,5.03991127
5/17/2021 0:20,5.100981879
5/17/2021 0:30,4.853061152
5/17/2021 0:40,3.816025257
5/17/2021 0:50,4.749854527
5/17/2021 1:00,4.354026866
5/17/2021 1:10,4.640093517
5/17/2021 1:20,2.866425125
5/17/2021 1:30,4.83412838
5/17/2021 1:40,2.730810493
5/17/2021 1:50,3.739236778
5/17/2021 2:00,3.852412415
5/17/2021 2:10,2.397372329
5/17/2021 2:20,3.838806051
5/17/2021 2:30,3.741871718
5/17/2021 2:40,3.939279042
5/17/2021 2:50,2.396425599
5/17/2021 3:00,4.135973155
5/17/2021 3:10,4.045536649
5/17/2021 3:20,3.892117643
5/17/2021 3:30,4.266671693
5/17/2021 3:40,4.03809309
5/17/2021 3:50,4.097121894
5/17/2021 4:00,5.571318483
5/17/2021 4:10,4.652994573
5/17/2021 4:20,4.647054458
5/17/2021 4:30,4.633203908
5/17/2021 4:40,3.598867154
5/17/2021 4:50,3.225501096
5/17/2021 5:00,2.495883417
5/17/2021 5:10,2.698827308
5/17/2021 5:20,2.28469789
5/17/2021 5:30,2.716405958
5/17/2021 5:40,3.667622793
5/17/2021 5:50,2.469710314
5/17/2021 6:00,3.924750519
5/17/2021 6:10,3.512700105
5/17/2021 6:20,3.16894111
5/17/2021 6:30,2.927480119
5/17/2021 6:40,1.612913193
5/17/2021 6:50,2.589281246
5/17/2021 7:00,2.635852349
5/17/2021 7:10,2.423174065
5/17/2021 7:20,2.799324685
5/17/2021 7:30,2.996811074
5/17/2021 7:40,2.421399307
5/17/2021 7:50,2.278649928
5/17/2021 8:00,2.345763175
5/17/2021 8:10,2.342210607
5/17/2021 8:20,2.344537491
5/17/2021 8:30,2.627587539
5/17/2021 8:40,2.591250068
5/17/2021 8:50,2.30186252
5/17/2021 9:00,2.508138243
5/17/2021 9:10,3.0691834
5/17/2021 9:20,2.841145974
5/17/2021 9:30,2.055227368
5/17/2021 9:40,3.0731686
5/17/2021 9:50,2.325702414
5/17/2021 10:00,3.612937635
5/17/2021 10:10,4.710761058
5/17/2021 10:20,5.653383362
5/17/2021 10:30,3.411682945
5/17/2021 10:40,2.433067888
5/17/2021 10:50,2.355049789
5/17/2021 11:00,2.670929837
5/17/2021 11:10,3.043904185
5/17/2021 11:20,3.352264416
5/17/2021 11:30,3.258579457
5/17/2021 11:40,2.945337278
5/17/2021 11:50,3.760936445
5/17/2021 12:00,4.059402859
5/17/2021 12:10,3.42241202
5/17/2021 12:20,5.772833037
5/17/2021 12:30,7.087633455
5/17/2021 12:40,5.621121657
5/17/2021 12:50,4.57939415
5/17/2021 13:00,3.172597969
5/17/2021 13:10,3.082736886
5/17/2021 13:20,3.112641084
5/17/2021 13:30,2.858223408
5/17/2021 13:40,4.571987748
5/17/2021 13:50,6.30312649
5/17/2021 14:00,4.771627414
5/17/2021 14:10,3.915413582
5/17/2021 14:20,4.363456655
5/17/2021 14:30,6.882666278
5/17/2021 14:40,5.981828228
5/17/2021 14:50,4.848754585
5/17/2021 15:00,6.737284756
5/17/2021 15:10,6.811349249
5/17/2021 15:20,5.599459243
5/17/2021 15:30,4.142822766
5/17/2021 15:40,3.871754509
5/17/2021 15:50,4.003065634
5/17/2021 16:00,5.229118824
5/17/2021 16:10,4.471601701
5/17/2021 16:20,6.332752252
5/17/2021 16:30,5.889479685
5/17/2021 16:40,6.200605774
5/17/2021 16:50,7.850570822
5/17/2021 17:00,8.386878562
5/17/2021 17:10,7.878989983
5/17/2021 17:20,4.141411972
5/17/2021 17:30,3.814637661
5/17/2021 17:40,4.539688957
5/17/2021 17:50,4.172819781
5/17/2021 18:00,3.600853348
5/17/2021 18:10,4.092239904
5/17/2021 18:20,3.538984585
5/17/2021 18:30,3.795416832
5/17/2021 18:40,5.015761435
5/17/2021 18:50,4.783730197
5/17/2021 19:00,5.0658988
5/17/2021 19:10,4.856847906
5/17/2021 19:20,4.626654291
5/17/2021 19:30,4.163260067
5/17/2021 19:40,4.565268075
5/17/2021 19:50,4.911254597
5/17/2021 20:00,5.584516454
5/17/2021 20:10,5.901118469
5/17/2021 20:20,6.098957491
5/17/2021 20:30,5.842126846
5/17/2021 20:40,5.465386643
5/17/2021 20:50,5.659397682
5/17/2021 21:00,4.517970765
5/17/2021 21:10,5.986041832
5/17/2021 21:20,5.944424725
5/17/2021 21:30,5.925472379
5/17/2021 21:40,6.220040679
5/17/2021 21:50,5.744710791
5/17/2021 22:00,4.939116836
5/17/2021 22:10,4.418791473
5/17/2021 22:20,5.192247893
5/17/2021 22:30,4.752628281
5/17/2021 22:40,4.769177163
5/17/2021 22:50,4.409691861
5/17/2021 23:00,5.046241021
5/17/2021 23:10,5.209124406
5/17/2021 23:20,5.396474261
5/17/2021 23:30,5.844966865
5/17/2021 23:40,6.007815671
5/17/2021 23:50,6.401489139
5/18/2021 0:00,6.412997961
5/18/2021 0:10,6.602780819
5/18/2021 0:20,6.651024938
5/18/2021 0:30,5.968481803
5/18/2021 0:40,6.054147601
5/18/2021 0:50,5.799507308
5/18/2021 1:00,5.541432905
5/18/2021 1:10,5.696726727
5/18/2021 1:20,6.051251829
5/18/2021 1:30,5.790597272
5/18/2021 1:40,6.161624599
5/18/2021 1:50,5.51975193
5/18/2021 2:00,5.443422842
5/18/2021 2:10,5.968444705
5/18/2021 2:20,6.441543077
5/18/2021 2:30,5.457496216
5/18/2021 2:40,4.552057711
5/18/2021 2:50,4.071320009
5/18/2021 3:00,4.992836702
5/18/2021 3:10,6.038221073
5/18/2021 3:20,6.289761519
5/18/2021 3:30,6.599179864
5/18/2021 3:40,6.492371225
5/18/2021 3:50,6.577573061
5/18/2021 4:00,7.117389083
5/18/2021 4:10,6.514794731
5/18/2021 4:20,7.853243756
5/18/2021 4:30,8.145046234
5/18/2021 4:40,6.70455904
5/18/2021 4:50,7.352427578
5/18/2021 5:00,7.212466192
5/18/2021 5:10,6.117538571
5/18/2021 5:20,5.444072509
5/18/2021 5:30,5.366481233
5/18/2021 5:40,5.616683112
5/18/2021 5:50,5.276595172
5/18/2021 6:00,5.791673923
5/18/2021 6:10,5.607661688
5/18/2021 6:20,5.436925936
5/18/2021 6:30,5.185237002
5/18/2021 6:40,5.161068773
5/18/2021 6:50,5.43711158
5/18/2021 7:00,4.493189907
5/18/2021 7:10,4.225964212
5/18/2021 7:20,4.999444973
5/18/2021 7:30,4.819908512
5/18/2021 7:40,4.766467071
5/18/2021 7:50,3.902382612
5/18/2021 8:00,4.042529571
5/18/2021 8:10,3.517637742
5/18/2021 8:20,3.795624821
5/18/2021 8:30,3.434036556
5/18/2021 8:40,3.569807115
5/18/2021 8:50,3.153805438
5/18/2021 9:00,2.575042856
5/18/2021 9:10,3.554985499
5/18/2021 9:20,3.722270703
5/18/2021 9:30,3.676514143
5/18/2021 9:40,2.986212462
5/18/2021 9:50,3.411907911
5/18/2021 10:00,2.157541989
5/18/2021 10:10,3.987780195
5/18/2021 10:20,3.67504766
5/18/2021 10:30,2.812429738
5/18/2021 10:40,3.200404611
5/18/2021 10:50,3.044750153
5/18/2021 11:00,3.258815795
5/18/2021 11:10,4.0148157
5/18/2021 11:20,3.811519253
5/18/2021 11:30,5.081825304
5/18/2021 11:40,4.150200582
5/18/2021 11:50,2.274225014
5/18/2021 12:00,2.222418782
5/18/2021 12:10,2.636942175
5/18/2021 12:20,3.419305158
5/18/2021 12:30,4.571286947
5/18/2021 12:40,6.388421249
5/18/2021 12:50,6.20186801
5/18/2021 13:00,5.536123919
5/18/2021 13:10,5.264016259
5/18/2021 13:20,5.866730928
5/18/2021 13:30,8.766105992
5/18/2021 13:40,8.321575618
5/18/2021 13:50,6.926640868
5/18/2021 14:00,4.997996974
5/18/2021 14:10,4.147980125
5/18/2021 14:20,2.74463948
5/18/2021 14:30,2.682854502
5/18/2021 14:40,2.79067058
5/18/2021 14:50,2.584104162
5/18/2021 15:00,2.273512498
5/18/2021 15:10,1.823231246
5/18/2021 15:20,3.026383406
5/18/2021 15:30,2.507718456
5/18/2021 15:40,1.723781284
5/18/2021 15:50,5.350520909
5/18/2021 16:00,4.838099742
5/18/2021 16:10,4.588174355
5/18/2021 16:20,2.627412286
5/18/2021 16:30,1.853032906
5/18/2021 16:40,4.209352743
5/18/2021 16:50,4.134432459
5/18/2021 17:00,3.508523422
5/18/2021 17:10,3.846992171
5/18/2021 17:20,3.26958315
5/18/2021 17:30,2.890837753
5/18/2021 17:40,2.432436776
5/18/2021 17:50,3.106571162
5/18/2021 18:00,3.364088738
5/18/2021 18:10,3.189508414
5/18/2021 18:20,3.569538426
5/18/2021 18:30,3.601317489
5/18/2021 18:40,4.239292026
5/18/2021 18:50,4.59983151
5/18/2021 19:00,3.391264224
5/18/2021 19:10,2.105022967
5/18/2021 19:20,2.691037488
5/18/2021 19:30,3.070134854
5/18/2021 19:40,2.752751255
5/18/2021 19:50,3.284993923
5/18/2021 20:00,3.825481101
5/18/2021 20:10,3.155298585
5/18/2021 20:20,3.170518085
5/18/2021 20:30,5.027865887
5/18/2021 20:40,4.57337985
5/18/2021 20:50,4.314163409
5/18/2021 21:00,5.602689195
5/18/2021 21:10,6.054937998
5/18/2021 21:20,4.593499711
5/18/2021 21:30,2.889148575
5/18/2021 21:40,2.404593211
5/18/2021 21:50,2.504422224
5/18/2021 22:00,3.772426593
5/18/2021 22:10,5.137085891
5/18/2021 22:20,4.241649449
5/18/2021 22:30,2.27156769
5/18/2021 22:40,1.824093676
5/18/2021 22:50,1.682493675
5/18/2021 23:00,2.060006255
5/18/2021 23:10,2.608068728
5/18/2021 23:20,3.120452797
5/18/2021 23:30,3.256203437
5/18/2021 23:40,2.491911125
5/18/2021 23:50,3.687447524
5/19/2021 0:00,4.314247429
5/19/2021 0:10,4.54019016
5/19/2021 0:20,4.935664248
5/19/2021 0:30,4.396497846
5/19/2021 0:40,4.427163124
5/19/2021 0:50,4.513293064
5/19/2021 1:00,4.543401456
5/19/2021 1:10,4.831417263
5/19/2021 1:20,4.32995137
5/19/2021 1:30,4.466441381
5/19/2021 1:40,4.040951777
5/19/2021 1:50,4.200013804
5/19/2021 2:00,4.286013889
5/19/2021 2:10,5.116834247
5/19/2021 2:20,4.860244703
5/19/2021 2:30,4.663445103
5/19/2021 2:40,4.937743306
5/19/2021 2:50,4.668419874
5/19/2021 3:00,4.450310612
5/19/2021 3:10,5.295034313
5/19/2021 3:20,5.202760077
5/19/2021 3:30,4.353581405
5/19/2021 3:40,3.358204424
5/19/2021 3:50,3.475667918
5/19/2021 4:00,4.560423291
5/19/2021 4:10,4.95415256
5/19/2021 4:20,4.967777407
5/19/2021 4:30,5.612545824
5/19/2021 4:40,5.437742734
5/19/2021 4:50,3.637662911
5/19/2021 5:00,3.668309546
5/19/2021 5:10,3.661088741
5/19/2021 5:20,3.088287103
5/19/2021 5:30,3.551904082
5/19/2021 5:40,3.43265847
5/19/2021 5:50,3.365518034
5/19/2021 6:00,4.709869999
5/19/2021 6:10,3.389129496
5/19/2021 6:20,2.700535065
5/19/2021 6:30,2.655910784
5/19/2021 6:40,2.804188043
5/19/2021 6:50,2.797431242
5/19/2021 7:00,3.120233208
5/19/2021 7:10,4.675733471
5/19/2021 7:20,4.67887063
5/19/2021 7:30,4.26078732
5/19/2021 7:40,3.101670578
5/19/2021 7:50,4.021813798
5/19/2021 8:00,2.614627773
5/19/2021 8:10,2.640448201
5/19/2021 8:20,2.688952047
5/19/2021 8:30,4.207587183
5/19/2021 8:40,2.635621989
5/19/2021 8:50,4.090123731
5/19/2021 9:00,3.583516014
5/19/2021 9:10,3.574383199
5/19/2021 9:20,4.50044781
5/19/2021 9:30,4.635626718
5/19/2021 9:40,5.267710161
5/19/2021 9:50,5.575012505
5/19/2021 10:00,5.557749343
5/19/2021 10:10,5.819833302
5/19/2021 10:20,3.948603237
5/19/2021 10:30,5.114124119
5/19/2021 10:40,5.410734248
5/19/2021 10:50,5.620249271
5/19/2021 11:00,5.573787272
5/19/2021 11:10,5.317977417
5/19/2021 11:20,4.816307282
5/19/2021 11:30,5.770791101
5/19/2021 11:40,4.093557835
5/19/2021 11:50,5.673672152
5/19/2021 12:00,3.648410529
5/19/2021 12:10,4.019996593
5/19/2021 12:20,5.315598292
5/19/2021 12:30,4.866685939
5/19/2021 12:40,4.95825479
5/19/2021 12:50,7.838004065
5/19/2021 13:00,6.901136017
5/19/2021 13:10,4.625169253
5/19/2021 13:20,4.714644394
5/19/2021 13:30,5.694666219
5/19/2021 13:40,4.516968513
5/19/2021 13:50,4.715717232
5/19/2021 14:00,5.18963635
5/19/2021 14:10,3.988716853
5/19/2021 14:20,5.219262099
5/19/2021 14:30,5.389090395
5/19/2021 14:40,6.484129417
5/19/2021 14:50,4.401955235
5/19/2021 15:00,3.588100946
5/19/2021 15:10,5.117224109
5/19/2021 15:20,3.62043137
5/19/2021 15:30,4.263072698
5/19/2021 15:40,4.762995851
5/19/2021 15:50,5.742780316
5/19/2021 16:00,5.363604188
5/19/2021 16:10,5.544254375
5/19/2021 16:20,4.865052509
5/19/2021 16:30,5.660474277
5/19/2021 16:40,5.12706213
5/19/2021 16:50,4.589213729
5/19/2021 17:00,3.768231469
5/19/2021 17:10,2.953560376
5/19/2021 17:20,2.919535339
5/19/2021 17:30,2.503472012
5/19/2021 17:40,2.112150055
5/19/2021 17:50,3.888313127
5/19/2021 18:00,2.50681681
5/19/2021 18:10,1.966387907
5/19/2021 18:20,2.867699969
5/19/2021 18:30,2.920543849
5/19/2021 18:40,2.893826318
5/19/2021 18:50,3.246068335
5/19/2021 19:00,2.181538546
5/19/2021 19:10,1.379081187
5/19/2021 19:20,1.312143689
5/19/2021 19:30,1.109531254
5/19/2021 19:40,1.120006615
5/19/2021 19:50,1.368107327
5/19/2021 20:00,2.371618396
5/19/2021 20:10,2.739817018
5/19/2021 20:20,2.725045776
5/19/2021 20:30,1.463425714
5/19/2021 20:40,1.087072617
5/19/2021 20:50,2.091393894
5/19/2021 21:00,2.534666724
5/19/2021 21:10,2.629762554
5/19/2021 21:20,2.073543775
5/19/2021 21:30,2.74736843
5/19/2021 21:40,2.244349885
5/19/2021 21:50,3.322917163
5/19/2021 22:00,2.563671058
5/19/2021 22:10,2.065818852
5/19/2021 22:20,1.964643884
5/19/2021 22:30,1.893224937
5/19/2021 22:40,1.759875107
5/19/2021 22:50,1.78209362
5/19/2021 23:00,1.888968772
5/19/2021 23:10,1.605787343
5/19/2021 23:20,1.054237604
5/19/2021 23:30,2.585549963
5/19/2021 23:40,5.144002175
5/19/2021 23:50,5.194778228
5/20/2021 0:00,5.135563803
5/20/2021 0:10,4.631443429
5/20/2021 0:20,4.398539782
5/20/2021 0:30,4.577927732
5/20/2021 0:40,4.032208765
5/20/2021 0:50,4.01693188
5/20/2021 1:00,4.151788342
5/20/2021 1:10,4.7793679
5/20/2021 1:20,4.959350085
5/20/2021 1:30,4.683492649
5/20/2021 1:40,4.823342538
5/20/2021 1:50,5.00512507
5/20/2021 2:00,5.151843119
5/20/2021 2:10,5.324678612
5/20/2021 2:20,4.748962712
5/20/2021 2:30,4.948268151
5/20/2021 2:40,5.529311514
5/20/2021 2:50,4.859075272
5/20/2021 3:00,3.686166608
5/20/2021 3:10,2.885064787
5/20/2021 3:20,2.474573696
5/20/2021 3:30,1.699660993
5/20/2021 3:40,1.391249999
5/20/2021 3:50,2.534812641
5/20/2021 4:00,2.849844801
5/20/2021 4:10,3.192329907
5/20/2021 4:20,3.117987084
5/20/2021 4:30,3.274394834
5/20/2021 4:40,4.30322125
5/20/2021 4:50,4.979174781
5/20/2021 5:00,5.606308794
5/20/2021 5:10,5.250465739
5/20/2021 5:20,5.898278308
5/20/2021 5:30,6.503717799
5/20/2021 5:40,6.413944602
5/20/2021 5:50,6.682265544
5/20/2021 6:00,6.592757177
5/20/2021 6:10,6.071243811
5/20/2021 6:20,5.607645297
5/20/2021 6:30,6.080135179
5/20/2021 6:40,5.187520194
5/20/2021 6:50,4.980084276
5/20/2021 7:00,4.369860625
5/20/2021 7:10,5.457678866
5/20/2021 7:20,5.381145668
5/20/2021 7:30,5.542101049
5/20/2021 7:40,6.151730776
5/20/2021 7:50,6.019900899
5/20/2021 8:00,5.775691628
5/20/2021 8:10,6.461854458
5/20/2021 8:20,7.10556488
5/20/2021 8:30,7.505048347
5/20/2021 8:40,9.048613095
5/20/2021 8:50,7.98813746
5/20/2021 9:00,7.853596473
5/20/2021 9:10,8.940653658
5/20/2021 9:20,8.721820331
5/20/2021 9:30,8.396790814
5/20/2021 9:40,8.665427351
5/20/2021 9:50,8.958993387
5/20/2021 10:00,9.403825092
5/20/2021 10:10,10.11725624
5/20/2021 10:20,9.347840643
5/20/2021 10:30,8.113861322
5/20/2021 10:40,8.552010465
5/20/2021 10:50,9.206505728
5/20/2021 11:00,9.019637108
5/20/2021 11:10,8.292599559
5/20/2021 11:20,8.491849422
5/20/2021 11:30,8.37893374
5/20/2021 11:40,8.395083022
5/20/2021 11:50,9.011729455
5/20/2021 12:00,9.605580997
5/20/2021 12:10,13.91527371
5/20/2021 12:20,12.76311789
5/20/2021 12:30,9.997286892
5/20/2021 12:40,12.05026207
5/20/2021 12:50,13.9862196
5/20/2021 13:00,11.82683709
5/20/2021 13:10,11.11692109
5/20/2021 13:20,12.74791524
5/20/2021 13:30,11.4371984
5/20/2021 13:40,11.56598506
5/20/2021 13:50,11.91859822
5/20/2021 14:00,11.04361792
5/20/2021 14:10,11.35455823
5/20/2021 14:20,11.49125242
5/20/2021 14:30,10.55677905
5/20/2021 14:40,11.84542494
5/20/2021 14:50,11.43534224
5/20/2021 15:00,10.01596065
5/20/2021 15:10,9.800617051
5/20/2021 15:20,10.59798791
5/20/2021 15:30,11.58725777
5/20/2021 15:40,11.72467585
5/20/2021 15:50,11.2767442
5/20/2021 16:00,10.70063853
5/20/2021 16:10,11.76226492
5/20/2021 16:20,11.64903364
5/20/2021 16:30,12.22229929
5/20/2021 16:40,11.5155879
5/20/2021 16:50,10.98336391
5/20/2021 17:00,9.333491826
5/20/2021 17:10,11.69421482
5/20/2021 17:20,12.63037744
5/20/2021 17:30,11.10875366
5/20/2021 17:40,11.85283155
5/20/2021 17:50,13.03843689
5/20/2021 18:00,10.08421504
5/20/2021 18:10,9.585663223
5/20/2021 18:20,10.13137732
5/20/2021 18:30,12.02965784
5/20/2021 18:40,12.64839118
5/20/2021 18:50,11.79714394
5/20/2021 19:00,11.1415535
5/20/2021 19:10,11.38381271
5/20/2021 19:20,11.48689036
5/20/2021 19:30,11.29335763
5/20/2021 19:40,11.05978582
5/20/2021 19:50,10.36551106
5/20/2021 20:00,11.39600837
5/20/2021 20:10,12.11164827
5/20/2021 20:20,11.86356068
5/20/2021 20:30,11.62495816
5/20/2021 20:40,11.17409363
5/20/2021 20:50,12.52871041
5/20/2021 21:00,12.07186899
5/20/2021 21:10,12.00057039
5/20/2021 21:20,11.43901768
5/20/2021 21:30,12.22513943
5/20/2021 21:40,11.10600638
5/20/2021 21:50,13.40948277
5/20/2021 22:00,12.00204759
5/20/2021 22:10,11.67995892
5/20/2021 22:20,11.29343185
5/20/2021 22:30,12.78394499
5/20/2021 22:40,11.84600039
5/20/2021 22:50,13.58371043
5/20/2021 23:00,13.81085944
5/20/2021 23:10,10.77821109
5/20/2021 23:20,11.7832777
5/20/2021 23:30,13.10451913
5/20/2021 23:40,13.35149336
5/20/2021 23:50,11.82574871
5/21/2021 0:00,11.46067986
5/21/2021 0:10,12.39649
5/21/2021 0:20,12.4041378
5/21/2021 0:30,13.85683889
5/21/2021 0:40,13.0740026
5/21/2021 0:50,11.41009719
5/21/2021 1:00,12.85223641
5/21/2021 1:10,12.63176961
5/21/2021 1:20,13.78611584
5/21/2021 1:30,12.01204188
5/21/2021 1:40,13.13108234
5/21/2021 1:50,11.93745785
5/21/2021 2:00,11.63995662
5/21/2021 2:10,11.86023007
5/21/2021 2:20,11.8908288
5/21/2021 2:30,11.81895485
5/21/2021 2:40,11.17383366
5/21/2021 2:50,12.04888854
5/21/2021 3:00,11.10485544
5/21/2021 3:10,11.58647804
5/21/2021 3:20,11.31611443
5/21/2021 3:30,11.74810181
5/21/2021 3:40,11.28379803
5/21/2021 3:50,11.36534309
5/21/2021 4:00,11.08603299
5/21/2021 4:10,11.22191062
5/21/2021 4:20,11.49323874
5/21/2021 4:30,11.02258654
5/21/2021 4:40,10.88914063
5/21/2021 4:50,11.15903938
5/21/2021 5:00,10.92309153
5/21/2021 5:10,10.85691612
5/21/2021 5:20,11.56847243
5/21/2021 5:30,10.27381239
5/21/2021 5:40,12.43775444
5/21/2021 5:50,11.93972242
5/21/2021 6:00,11.21376169
5/21/2021 6:10,11.42273822
5/21/2021 6:20,10.69984021
5/21/2021 6:30,10.79772041
5/21/2021 6:40,11.26258111
5/21/2021 6:50,10.89730806
5/21/2021 7:00,11.63706102
5/21/2021 7:10,12.40326519
5/21/2021 7:20,13.07316732
5/21/2021 7:30,13.14567254
5/21/2021 7:40,11.58974519
5/21/2021 7:50,12.28448374
5/21/2021 8:00,13.27620387
5/21/2021 8:10,12.85628304
5/21/2021 8:20,12.25968432
5/21/2021 8:30,12.9510818
5/21/2021 8:40,12.35208836
5/21/2021 8:50,13.33957629
5/21/2021 9:00,13.6801239
5/21/2021 9:10,12.75680666
5/21/2021 9:20,12.03351874
5/21/2021 9:30,12.40178034
5/21/2021 9:40,12.17509508
5/21/2021 9:50,12.9018168
5/21/2021 10:00,11.27160239
5/21/2021 10:10,13.61613908
5/21/2021 10:20,13.42949314
5/21/2021 10:30,12.44135547
5/21/2021 10:40,12.68469138
5/21/2021 10:50,12.26150346
5/21/2021 11:00,12.56978946
5/21/2021 11:10,11.39502444
5/21/2021 11:20,9.866458321
5/21/2021 11:30,10.46571143
5/21/2021 11:40,12.10743465
5/21/2021 11:50,12.28394542
5/21/2021 12:00,11.61606665
5/21/2021 12:10,12.48546002
5/21/2021 12:20,14.15068326
5/21/2021 12:30,11.71585865
5/21/2021 12:40,11.04924221
5/21/2021 12:50,10.68383939
5/21/2021 13:00,13.46689639
5/21/2021 13:10,11.07302079
5/21/2021 13:20,11.35257206
5/21/2021 13:30,13.65357971
5/21/2021 13:40,13.18662133
5/21/2021 13:50,12.64045696
5/21/2021 14:00,11.8337306
5/21/2021 14:10,10.99852953
5/21/2021 14:20,11.74175348
5/21/2021 14:30,12.83135357
5/21/2021 14:40,13.32816038
5/21/2021 14:50,13.26939149
5/21/2021 15:00,12.85069575
5/21/2021 15:10,12.42141919
5/21/2021 15:20,13.56939864
5/21/2021 15:30,12.77412543
5/21/2021 15:40,13.60290399
5/21/2021 15:50,14.05946736
5/21/2021 16:00,13.50682153
5/21/2021 16:10,12.37629399
5/21/2021 16:20,14.36357675
5/21/2021 16:30,12.28682246
5/21/2021 16:40,14.31290107
5/21/2021 16:50,13.48956137
5/21/2021 17:00,12.32118173
5/21/2021 17:10,12.78028817
5/21/2021 17:20,13.12293334
5/21/2021 17:30,12.78149471
5/21/2021 17:40,12.5308825
5/21/2021 17:50,13.01701567
5/21/2021 18:00,13.40719948
5/21/2021 18:10,12.3971209
5/21/2021 18:20,12.30669069
5/21/2021 18:30,12.4952796
5/21/2021 18:40,12.27442293
5/21/2021 18:50,12.29708772
5/21/2021 19:00,11.71376119
5/21/2021 19:10,11.64584084
5/21/2021 19:20,11.96920913
5/21/2021 19:30,11.98991542
5/21/2021 19:40,10.90833437
5/21/2021 19:50,11.75489559
5/21/2021 20:00,12.21836405
5/21/2021 20:10,11.543543
5/21/2021 20:20,10.8255456
5/21/2021 20:30,10.95754356
5/21/2021 20:40,9.089079309
5/21/2021 20:50,9.694513798
5/21/2021 21:00,10.49581966
5/21/2021 21:10,9.817119241
5/21/2021 21:20,9.254731011
5/21/2021 21:30,10.11560416
5/21/2021 21:40,9.534969211
5/21/2021 21:50,8.644823027
5/21/2021 22:00,8.575584888
5/21/2021 22:10,8.95947597
5/21/2021 22:20,8.154698753
5/21/2021 22:30,7.360595083
5/21/2021 22:40,7.116052651
5/21/2021 22:50,6.39651444
5/21/2021 23:00,6.937555707
5/21/2021 23:10,5.303294408
5/21/2021 23:20,6.075451575
5/21/2021 23:30,6.262325219
5/21/2021 23:40,4.926491424
5/21/2021 23:50,3.986359417
5/22/2021 0:00,4.828106999
5/22/2021 0:10,5.280234086
5/22/2021 0:20,5.98635745
5/22/2021 0:30,6.224644208
5/22/2021 0:40,5.934345365
5/22/2021 0:50,4.214102757
5/22/2021 1:00,4.813541591
5/22/2021 1:10,5.101427317
5/22/2021 1:20,7.00011127
5/22/2021 1:30,5.307248402
5/22/2021 1:40,4.371104425
5/22/2021 1:50,5.996195567
5/22/2021 2:00,5.708680975
5/22/2021 2:10,3.6194179
5/22/2021 2:20,3.958478546
5/22/2021 2:30,5.148761749
5/22/2021 2:40,4.78023844
5/22/2021 2:50,6.036216378
5/22/2021 3:00,7.473380709
5/22/2021 3:10,7.188966131
5/22/2021 3:20,6.933917403
5/22/2021 3:30,6.678256083
5/22/2021 3:40,6.459255672
5/22/2021 3:50,6.800453115
5/22/2021 4:00,6.794976974
5/22/2021 4:10,6.762975335
5/22/2021 4:20,7.212447762
5/22/2021 4:30,6.879956198
5/22/2021 4:40,6.137697482
5/22/2021 4:50,5.211280227
5/22/2021 5:00,4.749890685
5/22/2021 5:10,4.722937977
5/22/2021 5:20,5.604489732
5/22/2021 5:30,5.546630311
5/22/2021 5:40,5.620453501
5/22/2021 5:50,5.48413043
5/22/2021 6:00,5.541544211
5/22/2021 6:10,5.26015532
5/22/2021 6:20,5.177570701
5/22/2021 6:30,5.15046953
5/22/2021 6:40,5.219243562
5/22/2021 6:50,5.416080379
5/22/2021 7:00,5.256943013
5/22/2021 7:10,5.630310178
5/22/2021 7:20,5.040282464
5/22/2021 7:30,5.994617748
5/22/2021 7:40,6.27637794
5/22/2021 7:50,6.03662467
5/22/2021 8:00,6.642170596
5/22/2021 8:10,5.728134489
5/22/2021 8:20,6.050323844
5/22/2021 8:30,6.014702427
5/22/2021 8:40,5.992297411
5/22/2021 8:50,4.778606892
5/22/2021 9:00,4.057658011
5/22/2021 9:10,4.816381657
5/22/2021 9:20,5.805224538
5/22/2021 9:30,6.158134794
5/22/2021 9:40,5.468723607
5/22/2021 9:50,6.118188322
5/22/2021 10:00,5.611116517
5/22/2021 10:10,6.464842963
5/22/2021 10:20,5.226909816
5/22/2021 10:30,4.50687052
5/22/2021 10:40,4.249965513
5/22/2021 10:50,5.54581362
5/22/2021 11:00,4.472696948
5/22/2021 11:10,4.444960607
5/22/2021 11:20,5.538702212
5/22/2021 11:30,5.534323406
5/22/2021 11:40,5.746399927
5/22/2021 11:50,5.104267454
5/22/2021 12:00,5.189228028
5/22/2021 12:10,4.62769376
5/22/2021 12:20,3.377620912
5/22/2021 12:30,3.730809438
5/22/2021 12:40,3.135528621
5/22/2021 12:50,4.548673296
5/22/2021 13:00,6.654191318
5/22/2021 13:10,4.41158917
5/22/2021 13:20,2.324372634
5/22/2021 13:30,4.945686316
5/22/2021 13:40,5.602819026
5/22/2021 13:50,4.850499523
5/22/2021 14:00,4.038037443
5/22/2021 14:10,5.172708373
5/22/2021 14:20,4.792009032
5/22/2021 14:30,4.258300114
5/22/2021 14:40,4.339826548
5/22/2021 14:50,3.252435344
5/22/2021 15:00,3.724869454
5/22/2021 15:10,2.895274162
5/22/2021 15:20,2.843206388
5/22/2021 15:30,4.528291643
5/22/2021 15:40,5.556301415
5/22/2021 15:50,4.488902032
5/22/2021 16:00,4.47936089
5/22/2021 16:10,2.945912808
5/22/2021 16:20,2.711078495
5/22/2021 16:30,2.122183168
5/22/2021 16:40,2.403182352
5/22/2021 16:50,2.005669385
5/22/2021 17:00,1.178924964
5/22/2021 17:10,1.429331267
5/22/2021 17:20,1.663725081
5/22/2021 17:30,4.155554384
5/22/2021 17:40,5.80162344
5/22/2021 17:50,3.354017509
5/22/2021 18:00,2.749725705
5/22/2021 18:10,3.1618689
5/22/2021 18:20,2.964827859
5/22/2021 18:30,4.103247559
5/22/2021 18:40,4.526602376
5/22/2021 18:50,2.736787593
5/22/2021 19:00,2.420555854
5/22/2021 19:10,3.029617793
5/22/2021 19:20,2.755758399
5/22/2021 19:30,4.228470123
5/22/2021 19:40,4.846601391
5/22/2021 19:50,4.797726297
5/22/2021 20:00,5.444573736
5/22/2021 20:10,4.60113095
5/22/2021 20:20,4.377322769
5/22/2021 20:30,5.020903206
5/22/2021 20:40,5.042008781
5/22/2021 20:50,4.773854899
5/22/2021 21:00,4.78675586
5/22/2021 21:10,4.130961347
5/22/2021 21:20,3.622033197
5/22/2021 21:30,6.375910091
5/22/2021 21:40,5.936869931
5/22/2021 21:50,6.190173769
5/22/2021 22:00,5.706026614
5/22/2021 22:10,5.932025027
5/22/2021 22:20,6.21692214
5/22/2021 22:30,5.567290378
5/22/2021 22:40,4.784491277
5/22/2021 22:50,4.552794063
5/22/2021 23:00,4.66940366
5/22/2021 23:10,4.70133121
5/22/2021 23:20,4.871011066
5/22/2021 23:30,4.68211906
5/22/2021 23:40,3.970469844
5/22/2021 23:50,3.942199242
5/23/2021 0:00,4.502842391
5/23/2021 0:10,4.775414228
5/23/2021 0:20,4.908265924
5/23/2021 0:30,4.871066689
5/23/2021 0:40,4.893044639
5/23/2021 0:50,5.437167287
5/23/2021 1:00,5.10307951
5/23/2021 1:10,5.468222332
5/23/2021 1:20,4.913871872
5/23/2021 1:30,4.704059887
5/23/2021 1:40,4.990237975
5/23/2021 1:50,4.971879625
5/23/2021 2:00,4.906465411
5/23/2021 2:10,5.653977275
5/23/2021 2:20,5.715085006
5/23/2021 2:30,6.211631918
5/23/2021 2:40,5.579151785
5/23/2021 2:50,5.64683075
5/23/2021 3:00,5.605900383
5/23/2021 3:10,5.607106948
5/23/2021 3:20,5.456045341
5/23/2021 3:30,6.117427278
5/23/2021 3:40,6.764534616
5/23/2021 3:50,6.164565696
5/23/2021 4:00,5.914594722
5/23/2021 4:10,5.861787495
5/23/2021 4:20,6.247563589
5/23/2021 4:30,6.165587224
5/23/2021 4:40,5.716273022
5/23/2021 4:50,5.61208179
5/23/2021 5:00,5.731364369
5/23/2021 5:10,6.059011006
5/23/2021 5:20,6.083680534
5/23/2021 5:30,5.983034706
5/23/2021 5:40,5.43523674
5/23/2021 5:50,5.18041079
5/23/2021 6:00,4.323176003
5/23/2021 6:10,5.555317664
5/23/2021 6:20,5.335296233
5/23/2021 6:30,5.369915462
5/23/2021 6:40,5.42281847
5/23/2021 6:50,5.051512802
5/23/2021 7:00,4.734947968
5/23/2021 7:10,5.990274143
5/23/2021 7:20,5.683788729
5/23/2021 7:30,4.937056482
5/23/2021 7:40,5.20769757
5/23/2021 7:50,5.307054792
5/23/2021 8:00,6.215864277
5/23/2021 8:10,5.902287817
5/23/2021 8:20,6.584181297
5/23/2021 8:30,6.513124049
5/23/2021 8:40,6.658654094
5/23/2021 8:50,6.737934494
5/23/2021 9:00,7.831414294
5/23/2021 9:10,7.002802873
5/23/2021 9:20,6.792359829
5/23/2021 9:30,7.743335295
5/23/2021 9:40,7.456600189
5/23/2021 9:50,8.093906546
5/23/2021 10:00,7.489251685
5/23/2021 10:10,8.607159638
5/23/2021 10:20,8.95676589
5/23/2021 10:30,8.881476259
5/23/2021 10:40,7.555445647
5/23/2021 10:50,7.441453195
5/23/2021 11:00,6.727910781
5/23/2021 11:10,7.21501314
5/23/2021 11:20,8.097619081
5/23/2021 11:30,8.113555507
5/23/2021 11:40,9.784282064
5/23/2021 11:50,8.012714219
5/23/2021 12:00,8.776041269
5/23/2021 12:10,7.479691935
5/23/2021 12:20,6.375334549
5/23/2021 12:30,8.158359502
5/23/2021 12:40,8.877355361
5/23/2021 12:50,8.292562437
5/23/2021 13:00,7.219111609
5/23/2021 13:10,9.289183068
5/23/2021 13:20,7.469983745
5/23/2021 13:30,7.730787015
5/23/2021 13:40,8.825863218
5/23/2021 13:50,8.973639154
5/23/2021 14:00,10.74806571
5/23/2021 14:10,8.432727838
5/23/2021 14:20,11.0019449
5/23/2021 14:30,13.33046222
5/23/2021 14:40,12.32413628
5/23/2021 14:50,12.28006597
5/23/2021 15:00,11.03966389
5/23/2021 15:10,11.092697
5/23/2021 15:20,12.35032492
5/23/2021 15:30,12.19753704
5/23/2021 15:40,12.34291868
5/23/2021 15:50,11.86563947
5/23/2021 16:00,9.518949676
5/23/2021 16:10,11.56654191
5/23/2021 16:20,8.609331536
5/23/2021 16:30,10.67236776
5/23/2021 16:40,12.88412695
5/23/2021 16:50,10.59717114
5/23/2021 17:00,10.8290539
5/23/2021 17:10,11.71780756
5/23/2021 17:20,9.94275012
5/23/2021 17:30,10.77459152
5/23/2021 17:40,11.48444009
5/23/2021 17:50,11.22753515
5/23/2021 18:00,11.31464887
5/23/2021 18:10,11.58103929
5/23/2021 18:20,11.011022
5/23/2021 18:30,11.08618166
5/23/2021 18:40,11.90870438
5/23/2021 18:50,11.36892552
5/23/2021 19:00,11.10632193
5/23/2021 19:10,10.63366489
5/23/2021 19:20,11.08491936
5/23/2021 19:30,11.27048864
5/23/2021 19:40,11.37440162
5/23/2021 19:50,10.37889462
5/23/2021 20:00,10.64795809
5/23/2021 20:10,10.96435587
5/23/2021 20:20,10.67045593
5/23/2021 20:30,10.50567439
5/23/2021 20:40,11.20015535
5/23/2021 20:50,10.17843823
5/23/2021 21:00,10.06732309
5/23/2021 21:10,8.179405427
5/23/2021 21:20,7.213487232
5/23/2021 21:30,8.572410631
5/23/2021 21:40,7.094835687
5/23/2021 21:50,6.516632342
5/23/2021 22:00,7.180483055
5/23/2021 22:10,6.626151085
5/23/2021 22:20,7.054963422
5/23/2021 22:30,6.578129935
5/23/2021 22:40,5.603023243
5/23/2021 22:50,5.888570166
5/23/2021 23:00,5.656594658
5/23/2021 23:10,5.726686525
5/23/2021 23:20,4.895921874
5/23/2021 23:30,5.109334946
5/23/2021 23:40,5.273538792
5/23/2021 23:50,5.344169116
5/24/2021 0:00,4.904887533
5/24/2021 0:10,5.369618344
5/24/2021 0:20,5.886175632
5/24/2021 0:30,6.114902759
5/24/2021 0:40,5.015557146
5/24/2021 0:50,5.690229869
5/24/2021 1:00,5.763273311
5/24/2021 1:10,6.060848784
5/24/2021 1:20,6.305446792
5/24/2021 1:30,5.98650589
5/24/2021 1:40,5.866146684
5/24/2021 1:50,6.304611516
5/24/2021 2:00,6.283895755
5/24/2021 2:10,6.324102187
5/24/2021 2:20,5.920776081
5/24/2021 2:30,6.058231473
5/24/2021 2:40,5.661569381
5/24/2021 2:50,5.741648054
5/24/2021 3:00,6.486152768
5/24/2021 3:10,6.198099875
5/24/2021 3:20,5.556542754
5/24/2021 3:30,5.757036352
5/24/2021 3:40,6.242612815
5/24/2021 3:50,5.668530273
5/24/2021 4:00,5.713173127
5/24/2021 4:10,6.255235338
5/24/2021 4:20,6.624369073
5/24/2021 4:30,6.478505039
5/24/2021 4:40,5.059346223
5/24/2021 4:50,5.988956213
5/24/2021 5:00,5.381424093
5/24/2021 5:10,5.252210522
5/24/2021 5:20,5.651694059
5/24/2021 5:30,5.460908592
5/24/2021 5:40,5.552848768
5/24/2021 5:50,5.02192415
5/24/2021 6:00,6.020939326
5/24/2021 6:10,5.256702638
5/24/2021 6:20,5.409230709
5/24/2021 6:30,5.65035758
5/24/2021 6:40,6.157744908
5/24/2021 6:50,5.235819888
5/24/2021 7:00,4.977819753
5/24/2021 7:10,5.392728686
5/24/2021 7:20,4.806209373
5/24/2021 7:30,5.072339821
5/24/2021 7:40,4.774244666
5/24/2021 7:50,4.335037363
5/24/2021 8:00,5.551048255
5/24/2021 8:10,4.554149103
5/24/2021 8:20,4.859177878
5/24/2021 8:30,5.711669517
5/24/2021 8:40,4.495176029
5/24/2021 8:50,4.339585167
5/24/2021 9:00,4.765947288
5/24/2021 9:10,4.477319074
5/24/2021 9:20,5.124953948
5/24/2021 9:30,4.482442296
5/24/2021 9:40,5.007560736
5/24/2021 9:50,8.639050031
5/24/2021 10:00,7.272738791
5/24/2021 10:10,7.205721292
5/24/2021 10:20,5.219946763
5/24/2021 10:30,4.854174793
5/24/2021 10:40,4.140595245
5/24/2021 10:50,3.18338275
5/24/2021 11:00,2.274451366
5/24/2021 11:10,2.383339036
5/24/2021 11:20,2.780298144
5/24/2021 11:30,4.147834671
5/24/2021 11:40,3.571710211
5/24/2021 11:50,3.642823225
5/24/2021 12:00,5.897925758
5/24/2021 12:10,4.690105081
5/24/2021 12:20,5.407931411
5/24/2021 12:30,5.604341125
5/24/2021 12:40,3.673766875
5/24/2021 12:50,2.509990942
5/24/2021 13:00,2.489293736
5/24/2021 13:10,2.469060597
5/24/2021 13:20,3.101058102
5/24/2021 13:30,4.336782247
5/24/2021 13:40,1.557662253
5/24/2021 13:50,2.041762398
5/24/2021 14:00,1.826924965
5/24/2021 14:10,2.175168771
5/24/2021 14:20,2.642999959
5/24/2021 14:30,3.250060809
5/24/2021 14:40,2.481516057
5/24/2021 14:50,2.62038222
5/24/2021 15:00,3.13623395
5/24/2021 15:10,1.875529106
5/24/2021 15:20,1.443600035
5/24/2021 15:30,2.751731277
5/24/2021 15:40,2.098987436
5/24/2021 15:50,2.068837431
5/24/2021 16:00,2.120006213
5/24/2021 16:10,2.967884922
5/24/2021 16:20,2.225669074
5/24/2021 16:30,2.240011156
5/24/2021 16:40,2.857143784
5/24/2021 16:50,2.741075319
5/24/2021 17:00,2.615993069
5/24/2021 17:10,5.459553671
5/24/2021 17:20,6.780349827
5/24/2021 17:30,5.706991804
5/24/2021 17:40,6.618076491
5/24/2021 17:50,5.075458407
5/24/2021 18:00,4.446449494
5/24/2021 18:10,4.879327023
5/24/2021 18:20,5.351055849
5/24/2021 18:30,4.701609671
5/24/2021 18:40,5.87442559
5/24/2021 18:50,7.717793202
5/24/2021 19:00,8.295792294
5/24/2021 19:10,5.517895627
5/24/2021 19:20,3.473440421
5/24/2021 19:30,2.275843623
5/24/2021 19:40,1.897079904
5/24/2021 19:50,3.376669592
5/24/2021 20:00,4.175529811
5/24/2021 20:10,5.669625497
5/24/2021 20:20,6.370192838
5/24/2021 20:30,6.249833488
5/24/2021 20:40,6.753861141
5/24/2021 20:50,6.666450286
5/24/2021 21:00,7.149632168
5/24/2021 21:10,6.830078769
5/24/2021 21:20,7.149946815
5/24/2021 21:30,7.044803556
5/24/2021 21:40,7.924109992
5/24/2021 21:50,7.758612156
5/24/2021 22:00,8.095205927
5/24/2021 22:10,7.396272182
5/24/2021 22:20,7.319738865
5/24/2021 22:30,7.214229679
5/24/2021 22:40,6.840441428
5/24/2021 22:50,7.261823964
5/24/2021 23:00,7.471153188
5/24/2021 23:10,7.525281549
5/24/2021 23:20,7.033152533
5/24/2021 23:30,7.10710547
5/24/2021 23:40,7.153660369
5/24/2021 23:50,6.973047161
5/25/2021 0:00,7.497753334
5/25/2021 0:10,7.17198143
5/25/2021 0:20,7.560568857
5/25/2021 0:30,7.884168935
5/25/2021 0:40,7.877430749
5/25/2021 0:50,8.172636271
5/25/2021 1:00,8.14140799
5/25/2021 1:10,8.21211257
5/25/2021 1:20,7.866330457
5/25/2021 1:30,8.581023765
5/25/2021 1:40,8.206488204
5/25/2021 1:50,8.168230796
5/25/2021 2:00,7.63680501
5/25/2021 2:10,7.91758132
5/25/2021 2:20,8.104375768
5/25/2021 2:30,7.7288378
5/25/2021 2:40,7.84191764
5/25/2021 2:50,6.989041773
5/25/2021 3:00,6.553905869
5/25/2021 3:10,7.525040174
5/25/2021 3:20,7.092608213
5/25/2021 3:30,6.893376827
5/25/2021 3:40,6.852706385
5/25/2021 3:50,7.308211613
5/25/2021 4:00,7.021792269
5/25/2021 4:10,6.464768696
5/25/2021 4:20,5.564970148
5/25/2021 4:30,6.363603044
5/25/2021 4:40,6.510785151
5/25/2021 4:50,6.876596379
5/25/2021 5:00,7.064820147
5/25/2021 5:10,6.800415897
5/25/2021 5:20,6.724513841
5/25/2021 5:30,6.78356111
5/25/2021 5:40,7.098808074
5/25/2021 5:50,7.37539329
5/25/2021 6:00,6.304797125
5/25/2021 6:10,6.201658618
5/25/2021 6:20,7.188873434
5/25/2021 6:30,6.082585454
5/25/2021 6:40,5.786049485
5/25/2021 6:50,6.755364704
5/25/2021 7:00,7.450697279
5/25/2021 7:10,7.603829258
5/25/2021 7:20,7.184548426
5/25/2021 7:30,7.384614825
5/25/2021 7:40,7.474234486
5/25/2021 7:50,7.5576545
5/25/2021 8:00,7.194627643
5/25/2021 8:10,7.050564194
5/25/2021 8:20,8.285935593
5/25/2021 8:30,7.072040987
5/25/2021 8:40,8.47337985
5/25/2021 8:50,8.988117909
5/25/2021 9:00,7.927512455
5/25/2021 9:10,8.038441849
5/25/2021 9:20,8.926007843
5/25/2021 9:30,8.176788139
5/25/2021 9:40,9.871043205
5/25/2021 9:50,9.945674244
5/25/2021 10:00,7.547129524
5/25/2021 10:10,8.416634119
5/25/2021 10:20,9.444389067
5/25/2021 10:30,9.943668991
5/25/2021 10:40,9.819903493
5/25/2021 10:50,9.231398058
5/25/2021 11:00,8.041745889
5/25/2021 11:10,9.96759751
5/25/2021 11:20,9.47120688
5/25/2021 11:30,6.654644477
5/25/2021 11:40,8.596282053
5/25/2021 11:50,7.049004793
5/25/2021 12:00,6.32248708
5/25/2021 12:10,7.037941623
5/25/2021 12:20,6.628434324
5/25/2021 12:30,9.061718249
5/25/2021 12:40,8.429219532
5/25/2021 12:50,8.51063478
5/25/2021 13:00,9.027581787
5/25/2021 13:10,8.0537745
5/25/2021 13:20,7.273313975
5/25/2021 13:30,7.700288689
5/25/2021 13:40,7.808852673
5/25/2021 13:50,9.308989263
5/25/2021 14:00,7.953128457
5/25/2021 14:10,6.860799694
5/25/2021 14:20,6.375464523
5/25/2021 14:30,8.33590591
5/25/2021 14:40,7.223121047
5/25/2021 14:50,5.48968066
5/25/2021 15:00,7.346209073
5/25/2021 15:10,8.424820328
5/25/2021 15:20,6.838858843
5/25/2021 15:30,8.203276825
5/25/2021 15:40,6.649706936
5/25/2021 15:50,6.956470799
5/25/2021 16:00,5.785306966
5/25/2021 16:10,6.315526271
5/25/2021 16:20,6.364327073
5/25/2021 16:30,6.640388465
5/25/2021 16:40,5.538759804
5/25/2021 16:50,4.757037306
5/25/2021 17:00,5.112026548
5/25/2021 17:10,4.922466385
5/25/2021 17:20,6.271848679
5/25/2021 17:30,6.113269234
5/25/2021 17:40,6.284656763
5/25/2021 17:50,5.378212762
5/25/2021 18:00,6.219706559
5/25/2021 18:10,5.446597064
5/25/2021 18:20,4.260676038
5/25/2021 18:30,3.92840724
5/25/2021 18:40,3.222141302
5/25/2021 18:50,3.063858849
5/25/2021 19:00,2.962953109
5/25/2021 19:10,3.973087239
5/25/2021 19:20,4.138200653
5/25/2021 19:30,2.557882255
5/25/2021 19:40,4.875800151
5/25/2021 19:50,5.207326388
5/25/2021 20:00,5.368782985
5/25/2021 20:10,6.09867909
5/25/2021 20:20,6.032562406
5/25/2021 20:30,5.868021464
5/25/2021 20:40,6.646402812
5/25/2021 20:50,5.651508427
5/25/2021 21:00,6.062370872
5/25/2021 21:10,6.535176229
5/25/2021 21:20,5.989680147
5/25/2021 21:30,6.180112767
5/25/2021 21:40,6.722304869
5/25/2021 21:50,7.059251404
5/25/2021 22:00,7.022404861
5/25/2021 22:10,6.836705637
5/25/2021 22:20,6.41433444
5/25/2021 22:30,6.549840665
5/25/2021 22:40,6.680557871
5/25/2021 22:50,6.899094081
5/25/2021 23:00,6.066844511
5/25/2021 23:10,5.662664628
5/25/2021 23:20,6.899316859
5/25/2021 23:30,7.491293454
5/25/2021 23:40,7.891129875
5/25/2021 23:50,7.612135434
5/26/2021 0:00,6.314783692
5/26/2021 0:10,6.249165344
5/26/2021 0:20,6.633613229
5/26/2021 0:30,6.202053809
5/26/2021 0:40,7.222442627
5/26/2021 0:50,7.444775939
5/26/2021 1:00,7.255215645
5/26/2021 1:10,6.129344344
5/26/2021 1:20,6.333531857
5/26/2021 1:30,6.45695173
5/26/2021 1:40,5.885625664
5/26/2021 1:50,6.557989645
5/26/2021 2:00,6.49736445
5/26/2021 2:10,6.566435552
5/26/2021 2:20,6.531352353
5/26/2021 2:30,6.395214987
5/26/2021 2:40,6.357199025
5/26/2021 2:50,5.760507584
5/26/2021 3:00,5.619878089
5/26/2021 3:10,5.45723331
5/26/2021 3:20,5.012067473
5/26/2021 3:30,4.941585612
5/26/2021 3:40,3.926422081
5/26/2021 3:50,4.034974605
5/26/2021 4:00,3.806562984
5/26/2021 4:10,3.866111505
5/26/2021 4:20,4.285215688
5/26/2021 4:30,4.461986363
5/26/2021 4:40,4.86501534
5/26/2021 4:50,4.748183084
5/26/2021 5:00,4.181878293
5/26/2021 5:10,3.707197928
5/26/2021 5:20,2.337155533
5/26/2021 5:30,3.990610218
5/26/2021 5:40,4.264035857
5/26/2021 5:50,3.24135344
5/26/2021 6:00,3.904647303
5/26/2021 6:10,3.012106645
5/26/2021 6:20,3.642044513
5/26/2021 6:30,3.243283993
5/26/2021 6:40,2.995585918
5/26/2021 6:50,3.395682055
5/26/2021 7:00,3.606403542
5/26/2021 7:10,3.857721317
5/26/2021 7:20,4.808436859
5/26/2021 7:30,4.826553822
5/26/2021 7:40,5.076869249
5/26/2021 7:50,4.283637881
5/26/2021 8:00,6.189431143
5/26/2021 8:10,5.865070057
5/26/2021 8:20,7.137065458
5/26/2021 8:30,6.948860264
5/26/2021 8:40,6.382239866
5/26/2021 8:50,7.630345249
5/26/2021 9:00,6.765945292
5/26/2021 9:10,6.531018257
5/26/2021 9:20,6.501095629
5/26/2021 9:30,7.881211456
5/26/2021 9:40,6.127497405
5/26/2021 9:50,6.2320508
5/26/2021 10:00,6.826607537
5/26/2021 10:10,7.056429982
5/26/2021 10:20,7.294958019
5/26/2021 10:30,7.551696038
5/26/2021 10:40,7.586927581
5/26/2021 10:50,7.110502434
5/26/2021 11:00,7.744189024
5/26/2021 11:10,8.115532017
5/26/2021 11:20,7.124442935
5/26/2021 11:30,6.587726784
5/26/2021 11:40,7.651989198
5/26/2021 11:50,6.988713884
5/26/2021 12:00,6.308546782
5/26/2021 12:10,6.236278786
5/26/2021 12:20,6.56500634
5/26/2021 12:30,6.442289495
5/26/2021 12:40,6.998514795
5/26/2021 12:50,5.744154048
5/26/2021 13:00,7.115458655
5/26/2021 13:10,6.794735789
5/26/2021 13:20,5.58527745
5/26/2021 13:30,5.479823959
5/26/2021 13:40,6.189022923
5/26/2021 13:50,5.540968776
5/26/2021 14:00,4.616686231
5/26/2021 14:10,5.310867989
5/26/2021 14:20,4.159640288
5/26/2021 14:30,4.807954156
5/26/2021 14:40,5.580358416
5/26/2021 14:50,3.94589318
5/26/2021 15:00,5.258429027
5/26/2021 15:10,4.849738467
5/26/2021 15:20,4.866389084
5/26/2021 15:30,5.24628911
5/26/2021 15:40,5.64315536
5/26/2021 15:50,4.697136068
5/26/2021 16:00,4.35155803
5/26/2021 16:10,4.812873316
5/26/2021 16:20,5.59134748
5/26/2021 16:30,4.081083834
5/26/2021 16:40,3.766282433
5/26/2021 16:50,4.284844387
5/26/2021 17:00,3.767832264
5/26/2021 17:10,4.755348074
5/26/2021 17:20,5.038519001
5/26/2021 17:30,5.0028908
5/26/2021 17:40,4.640928829
5/26/2021 17:50,5.305039382
5/26/2021 18:00,5.457975805
5/26/2021 18:10,4.254383326
5/26/2021 18:20,3.973681355
5/26/2021 18:30,3.679558396
5/26/2021 18:40,3.902642512
5/26/2021 18:50,3.686092365
5/26/2021 19:00,3.438060308
5/26/2021 19:10,3.976892555
5/26/2021 19:20,4.042789495
5/26/2021 19:30,3.582068205
5/26/2021 19:40,4.127026081
5/26/2021 19:50,3.985967596
5/26/2021 20:00,3.784250951
5/26/2021 20:10,2.455454344
5/26/2021 20:20,2.088566551
5/26/2021 20:30,1.893734592
5/26/2021 20:40,2.258246291
5/26/2021 20:50,2.201593602
5/26/2021 21:00,2.200331354
5/26/2021 21:10,2.026456356
5/26/2021 21:20,2.160273468
5/26/2021 21:30,2.221789587
5/26/2021 21:40,2.67998628
5/26/2021 21:50,3.810628247
5/26/2021 22:00,4.867539811
5/26/2021 22:10,5.213076893
5/26/2021 22:20,5.093946695
5/26/2021 22:30,5.358963442
5/26/2021 22:40,5.08884201
5/26/2021 22:50,5.195316458
5/26/2021 23:00,6.057321882
5/26/2021 23:10,6.044810748
5/26/2021 23:20,5.421036458
5/26/2021 23:30,5.384746766
5/26/2021 23:40,6.028271556
5/26/2021 23:50,5.721953249
5/27/2021 0:00,5.700327945
5/27/2021 0:10,3.598069048
5/27/2021 0:20,2.855494815
5/27/2021 0:30,3.770254827
5/27/2021 0:40,4.802404106
5/27/2021 0:50,5.387011409
5/27/2021 1:00,4.952481854
5/27/2021 1:10,4.665598428
5/27/2021 1:20,4.636733711
5/27/2021 1:30,4.880236602
5/27/2021 1:40,5.271167856
5/27/2021 1:50,5.35836947
5/27/2021 2:00,6.274039054
5/27/2021 2:10,6.071225238
5/27/2021 2:20,6.500315928
5/27/2021 2:30,6.577354405
5/27/2021 2:40,6.537867928
5/27/2021 2:50,6.709515333
5/27/2021 3:00,6.782985687
5/27/2021 3:10,6.72594316
5/27/2021 3:20,6.606623363
5/27/2021 3:30,6.279162312
5/27/2021 3:40,5.851797867
5/27/2021 3:50,6.478560638
5/27/2021 4:00,6.952554178
5/27/2021 4:10,6.396867085
5/27/2021 4:20,6.299822378
5/27/2021 4:30,6.526284885
5/27/2021 4:40,7.095596838
5/27/2021 4:50,7.445815468
5/27/2021 5:00,6.869653964
5/27/2021 5:10,6.524707079
5/27/2021 5:20,6.534378147
5/27/2021 5:30,4.164336658
5/27/2021 5:40,4.501487303
5/27/2021 5:50,4.068164361
5/27/2021 6:00,2.260473818
5/27/2021 6:10,2.109653574
5/27/2021 6:20,1.966833612
5/27/2021 6:30,2.405688286
5/27/2021 6:40,2.511587298
5/27/2021 6:50,2.206215622
5/27/2021 7:00,1.981703559
5/27/2021 7:10,2.47785002
5/27/2021 7:20,2.732737422
5/27/2021 7:30,2.657962567
5/27/2021 7:40,2.260931188
5/27/2021 7:50,2.1857171
5/27/2021 8:00,2.114474991
5/27/2021 8:10,1.688868737
5/27/2021 8:20,2.155143821
5/27/2021 8:30,1.496850009
5/27/2021 8:40,1.696987548
5/27/2021 8:50,0.809006251
5/27/2021 9:00,1.62258752
5/27/2021 9:10,1.428937498
5/27/2021 9:20,1.593487455
5/27/2021 9:30,1.381631263
5/27/2021 9:40,0.939131338
5/27/2021 9:50,0.627356389
5/27/2021 10:00,1.181756244
5/27/2021 10:10,1.566112536
5/27/2021 10:20,1.484943759
5/27/2021 10:30,1.544962426
5/27/2021 10:40,1.292737599
5/27/2021 10:50,0.804131351
5/27/2021 11:00,0.881587595
5/27/2021 11:10,1.301681259
5/27/2021 11:20,2.067693679
5/27/2021 11:30,1.996931243
5/27/2021 11:40,2.147175008
5/27/2021 11:50,2.743950069
5/27/2021 12:00,1.290356225
5/27/2021 12:10,1.385756302
5/27/2021 12:20,1.651743831
5/27/2021 12:30,2.098181105
5/27/2021 12:40,0.773343694
5/27/2021 12:50,1.145850023
5/27/2021 13:00,1.534875051
5/27/2021 13:10,2.229600137
5/27/2021 13:20,2.243212551
5/27/2021 13:30,1.487835895
5/27/2021 13:40,1.508850005
5/27/2021 13:50,1.829700083
5/27/2021 14:00,1.889249957
5/27/2021 14:10,1.488543782
5/27/2021 14:20,0.881606178
5/27/2021 14:30,2.096343756
5/27/2021 14:40,2.027287495
5/27/2021 14:50,1.614888216
5/27/2021 15:00,2.559075058
5/27/2021 15:10,2.08104381
5/27/2021 15:20,2.221518818
5/27/2021 15:30,1.79323128
5/27/2021 15:40,3.526155943
5/27/2021 15:50,2.656894618
5/27/2021 16:00,3.102506018
5/27/2021 16:10,2.013955666
5/27/2021 16:20,1.852237469
5/27/2021 16:30,2.14117499
5/27/2021 16:40,1.953335475
5/27/2021 16:50,3.054868072
5/27/2021 17:00,2.980754483
5/27/2021 17:10,3.557324249
5/27/2021 17:20,3.370956886
5/27/2021 17:30,4.033229709
5/27/2021 17:40,3.543569547
5/27/2021 17:50,3.555226845
5/27/2021 18:00,4.185497904
5/27/2021 18:10,3.959480977
5/27/2021 18:20,3.494527441
5/27/2021 18:30,3.6766626
5/27/2021 18:40,3.791286075
5/27/2021 18:50,4.100203252
5/27/2021 19:00,3.866055787
5/27/2021 19:10,4.069853532
5/27/2021 19:20,5.037145472
5/27/2021 19:30,3.393658733
5/27/2021 19:40,5.035177886
5/27/2021 19:50,4.06447041
5/27/2021 20:00,2.763313389
5/27/2021 20:10,3.184774923
5/27/2021 20:20,3.021165109
5/27/2021 20:30,3.267842078
5/27/2021 20:40,3.391839707
5/27/2021 20:50,4.005330276
5/27/2021 21:00,3.401399302
5/27/2021 21:10,3.788891494
5/27/2021 21:20,3.272519904
5/27/2021 21:30,3.548024499
5/27/2021 21:40,5.705061305
5/27/2021 21:50,5.331973636
5/27/2021 22:00,5.170832551
5/27/2021 22:10,5.410660066
5/27/2021 22:20,5.491908121
5/27/2021 22:30,5.855083394
5/27/2021 22:40,5.932767463
5/27/2021 22:50,5.831026387
5/27/2021 23:00,5.96566031
5/27/2021 23:10,5.927198744
5/27/2021 23:20,5.902306437
5/27/2021 23:30,6.242594218
5/27/2021 23:40,6.512715673
5/27/2021 23:50,6.412608123
5/28/2021 0:00,6.306671977
5/28/2021 0:10,5.994766283
5/28/2021 0:20,5.922112608
5/28/2021 0:30,5.355195308
5/28/2021 0:40,5.457697487
5/28/2021 0:50,5.162850738
5/28/2021 1:00,4.965048599
5/28/2021 1:10,3.933084989
5/28/2021 1:20,3.136809516
5/28/2021 1:30,3.264278138
5/28/2021 1:40,3.485710168
5/28/2021 1:50,3.486803444
5/28/2021 2:00,3.226744807
5/28/2021 2:10,3.058531398
5/28/2021 2:20,2.859021705
5/28/2021 2:30,3.026771069
5/28/2021 2:40,2.852561891
5/28/2021 2:50,3.21755631
5/28/2021 3:00,2.884730685
5/28/2021 3:10,2.838435757
5/28/2021 3:20,2.748314863
5/28/2021 3:30,3.231645274
5/28/2021 3:40,2.58921569
5/28/2021 3:50,2.659548986
5/28/2021 4:00,2.036164618
5/28/2021 4:10,2.292512703
5/28/2021 4:20,3.959889305
5/28/2021 4:30,3.846045446
5/28/2021 4:40,4.35801791
5/28/2021 4:50,4.054854941
5/28/2021 5:00,4.318572509
5/28/2021 5:10,4.540654242
5/28/2021 5:20,4.189934325
5/28/2021 5:30,4.097029066
5/28/2021 5:40,4.511065698
5/28/2021 5:50,4.57744509
5/28/2021 6:00,5.630217326
5/28/2021 6:10,6.118318319
5/28/2021 6:20,6.984890008
5/28/2021 6:30,6.373350419
5/28/2021 6:40,5.687964239
5/28/2021 6:50,5.537274909
5/28/2021 7:00,5.481364679
5/28/2021 7:10,4.726316345
5/28/2021 7:20,4.745639873
5/28/2021 7:30,4.772741115
5/28/2021 7:40,4.69810133
5/28/2021 7:50,3.583924359
5/28/2021 8:00,2.627565831
5/28/2021 8:10,2.35087322
5/28/2021 8:20,2.343262511
5/28/2021 8:30,2.418069464
5/28/2021 8:40,2.213367111
5/28/2021 8:50,1.80446056
5/28/2021 9:00,2.231324995
5/28/2021 9:10,3.098624959
5/28/2021 9:20,2.809791578
5/28/2021 9:30,3.443762553
5/28/2021 9:40,2.747293895
5/28/2021 9:50,2.774005401
5/28/2021 10:00,3.402680171
5/28/2021 10:10,3.093026058
5/28/2021 10:20,3.119630021
5/28/2021 10:30,2.922690976
5/28/2021 10:40,2.914298683
5/28/2021 10:50,2.427398713
5/28/2021 11:00,1.847770798
5/28/2021 11:10,2.73552503
5/28/2021 11:20,2.901569444
5/28/2021 11:30,2.563250655
5/28/2021 11:40,2.489734161
5/28/2021 11:50,2.462611288
5/28/2021 12:00,2.131251745
5/28/2021 12:10,3.197954643
5/28/2021 12:20,3.229075003
5/28/2021 12:30,2.807132614
5/28/2021 12:40,2.578783217
5/28/2021 12:50,2.28655232
5/28/2021 13:00,3.450519037
5/28/2021 13:10,3.754111608
5/28/2021 13:20,3.721472567
5/28/2021 13:30,4.634858871
5/28/2021 13:40,4.564488447
5/28/2021 13:50,4.044181657
5/28/2021 14:00,4.501413131
5/28/2021 14:10,4.547054366
5/28/2021 14:20,4.643843162
5/28/2021 14:30,4.610931849
5/28/2021 14:40,4.284547246
5/28/2021 14:50,3.605215669
5/28/2021 15:00,3.067589939
5/28/2021 15:10,3.00163728
5/28/2021 15:20,2.839048332
5/28/2021 15:30,2.83461194
5/28/2021 15:40,2.22357741
5/28/2021 15:50,1.615199992
5/28/2021 16:00,1.475962412
5/28/2021 16:10,1.82563132
5/28/2021 16:20,1.964662516
5/28/2021 16:30,1.777950001
5/28/2021 16:40,1.589006236
5/28/2021 16:50,2.018812576
5/28/2021 17:00,2.281950009
5/28/2021 17:10,2.677949905
5/28/2021 17:20,2.465812552
5/28/2021 17:30,2.478881121
5/28/2021 17:40,2.337412578
5/28/2021 17:50,2.243568802
5/28/2021 18:00,2.017106378
5/28/2021 18:10,1.911937499
5/28/2021 18:20,1.458937657
5/28/2021 18:30,0.971700141
5/28/2021 18:40,0.84084352
5/28/2021 18:50,1.764243753
5/28/2021 19:00,2.488105291
5/28/2021 19:10,2.598937452
5/28/2021 19:20,2.559206271
5/28/2021 19:30,2.200987589
5/28/2021 19:40,2.413349903
5/28/2021 19:50,2.360999966
5/28/2021 20:00,2.141906244
5/28/2021 20:10,2.081775206
5/28/2021 20:20,1.941974908
5/28/2021 20:30,2.409749872
5/28/2021 20:40,2.374218643
5/28/2021 20:50,1.871568841
5/28/2021 21:00,1.76595
5/28/2021 21:10,1.412718716
5/28/2021 21:20,1.574756092
5/28/2021 21:30,1.206131372
5/28/2021 21:40,1.192668889
5/28/2021 21:50,1.515112442
5/28/2021 22:00,1.036162399
5/28/2021 22:10,1.031081171
5/28/2021 22:20,1.068356359
5/28/2021 22:30,1.342724961
5/28/2021 22:40,1.05249376
5/28/2021 22:50,1.110956484
5/28/2021 23:00,1.396143901
5/28/2021 23:10,3.001499891
5/28/2021 23:20,2.645062482
5/28/2021 23:30,2.432137525
5/28/2021 23:40,2.259881228
5/28/2021 23:50,2.535881144
5/29/2021 0:00,2.010037526
5/29/2021 0:10,1.984593719
5/29/2021 0:20,3.098093867
5/29/2021 0:30,2.875226712
5/29/2021 0:40,3.29006151
5/29/2021 0:50,2.931118417
5/29/2021 1:00,3.074123836
5/29/2021 1:10,2.774104403
5/29/2021 1:20,2.541825652
5/29/2021 1:30,2.776177263
5/29/2021 1:40,2.83962388
5/29/2021 1:50,2.503765839
5/29/2021 2:00,2.261381146
5/29/2021 2:10,2.10322507
5/29/2021 2:20,2.288287413
5/29/2021 2:30,2.549193776
5/29/2021 2:40,2.760656238
5/29/2021 2:50,2.317668766
5/29/2021 3:00,2.164368951
5/29/2021 3:10,2.187618816
5/29/2021 3:20,2.173800129
5/29/2021 3:30,2.238825142
5/29/2021 3:40,2.149800241
5/29/2021 3:50,1.986690992
5/29/2021 4:00,1.827187467
5/29/2021 4:10,1.866787511
5/29/2021 4:20,2.009812731
5/29/2021 4:30,2.271862662
5/29/2021 4:40,1.8636186
5/29/2021 4:50,1.726687425
5/29/2021 5:00,2.214543957
5/29/2021 5:10,3.120299703
5/29/2021 5:20,2.457459122
5/29/2021 5:30,2.374242276
5/29/2021 5:40,2.339268672
5/29/2021 5:50,2.27124384
5/29/2021 6:00,2.718800801
5/29/2021 6:10,1.990470782
5/29/2021 6:20,2.121825063
5/29/2021 6:30,1.53234382
5/29/2021 6:40,1.042931125
5/29/2021 6:50,1.845468776
5/29/2021 7:00,1.990387517
5/29/2021 7:10,1.787193772
5/29/2021 7:20,1.906875056
5/29/2021 7:30,2.128406252
5/29/2021 7:40,1.836112562
5/29/2021 7:50,2.335368693
5/29/2021 8:00,2.22553128
5/29/2021 8:10,2.684043759
5/29/2021 8:20,2.584593755
5/29/2021 8:30,2.233106276
5/29/2021 8:40,1.717724982
5/29/2021 8:50,1.918799949
5/29/2021 9:00,1.500712544
5/29/2021 9:10,2.377425073
5/29/2021 9:20,2.946918774
5/29/2021 9:30,3.320238233
5/29/2021 9:40,3.142675167
5/29/2021 9:50,2.632057911
5/29/2021 10:00,2.523120272
5/29/2021 10:10,2.368912536
5/29/2021 10:20,3.004331267
5/29/2021 10:30,2.581953669
5/29/2021 10:40,3.164151978
5/29/2021 10:50,2.820689619
5/29/2021 11:00,3.317745405
5/29/2021 11:10,2.927167308
5/29/2021 11:20,3.310146004
5/29/2021 11:30,3.127918124
5/29/2021 11:40,3.378511751
5/29/2021 11:50,3.227190149
5/29/2021 12:00,3.601948607
5/29/2021 12:10,3.266078711
5/29/2021 12:20,3.147130203
5/29/2021 12:30,2.844685411
5/29/2021 12:40,2.721900439
5/29/2021 12:50,2.982462335
5/29/2021 13:00,3.212748593
5/29/2021 13:10,2.649872786
5/29/2021 13:20,3.212949521
5/29/2021 13:30,3.262885958
5/29/2021 13:40,4.138312042
5/29/2021 13:50,4.186147499
5/29/2021 14:00,3.242114508
5/29/2021 14:10,3.725723428
5/29/2021 14:20,4.037640634
5/29/2021 14:30,2.693184239
5/29/2021 14:40,3.699977195
5/29/2021 14:50,2.941301918
5/29/2021 15:00,4.053704166
5/29/2021 15:10,4.655259216
5/29/2021 15:20,5.206583917
5/29/2021 15:30,3.540061152
5/29/2021 15:40,2.288660342
5/29/2021 15:50,4.803712618
5/29/2021 16:00,3.697378433
5/29/2021 16:10,3.959369469
5/29/2021 16:20,3.712506831
5/29/2021 16:30,2.900889704
5/29/2021 16:40,3.279889192
5/29/2021 16:50,5.209424043
5/29/2021 17:00,4.535623765
5/29/2021 17:10,3.163268855
5/29/2021 17:20,3.108927738
5/29/2021 17:30,4.593742979
5/29/2021 17:40,3.268645174
5/29/2021 17:50,4.612260376
5/29/2021 18:00,5.263019838
5/29/2021 18:10,5.524281156
5/29/2021 18:20,4.17024307
5/29/2021 18:30,4.080881621
5/29/2021 18:40,2.416454524
5/29/2021 18:50,3.211300808
5/29/2021 19:00,4.501969981
5/29/2021 19:10,4.818998885
5/29/2021 19:20,3.302572548
5/29/2021 19:30,3.80606184
5/29/2021 19:40,3.30231275
5/29/2021 19:50,3.483352757
5/29/2021 20:00,4.463638484
5/29/2021 20:10,4.979416013
5/29/2021 20:20,5.764145708
5/29/2021 20:30,5.905517745
5/29/2021 20:40,5.951255846
5/29/2021 20:50,5.417880905
5/29/2021 21:00,3.090013385
5/29/2021 21:10,2.436316431
5/29/2021 21:20,2.299659288
5/29/2021 21:30,1.798360413
5/29/2021 21:40,2.051014602
5/29/2021 21:50,2.683513218
5/29/2021 22:00,2.309738767
5/29/2021 22:10,2.172747487
5/29/2021 22:20,3.252064037
5/29/2021 22:30,2.658564185
5/29/2021 22:40,2.572602212
5/29/2021 22:50,2.179559821
5/29/2021 23:00,2.423805219
5/29/2021 23:10,3.038149774
5/29/2021 23:20,3.873889267
5/29/2021 23:30,4.302089
5/29/2021 23:40,3.926495385
5/29/2021 23:50,4.436165893
5/30/2021 0:00,4.04351331
5/30/2021 0:10,4.12121594
5/30/2021 0:20,3.506834352
5/30/2021 0:30,4.063059652
5/30/2021 0:40,3.812261724
5/30/2021 0:50,4.077686834
5/30/2021 1:00,3.584852529
5/30/2021 1:10,3.085205722
5/30/2021 1:20,3.543792236
5/30/2021 1:30,2.753526104
5/30/2021 1:40,2.355940807
5/30/2021 1:50,2.098683038
5/30/2021 2:00,1.976059189
5/30/2021 2:10,2.204136622
5/30/2021 2:20,2.206141406
5/30/2021 2:30,2.543217784
5/30/2021 2:40,2.146444374
5/30/2021 2:50,1.930562583
5/30/2021 3:00,2.14898743
5/30/2021 3:10,2.037909436
5/30/2021 3:20,2.169628942
5/30/2021 3:30,2.499818718
5/30/2021 3:40,2.478371162
5/30/2021 3:50,2.695801604
5/30/2021 4:00,3.140911686
5/30/2021 4:10,4.012161343
5/30/2021 4:20,4.531410146
5/30/2021 4:30,4.663612247
5/30/2021 4:40,5.064710784
5/30/2021 4:50,5.361506438
5/30/2021 5:00,5.598828125
5/30/2021 5:10,5.438392472
5/30/2021 5:20,6.095300674
5/30/2021 5:30,5.180689228
5/30/2021 5:40,4.650599921
5/30/2021 5:50,5.548969245
5/30/2021 6:00,4.674007177
5/30/2021 6:10,3.620919561
5/30/2021 6:20,4.058159149
5/30/2021 6:30,3.736081266
5/30/2021 6:40,3.108798659
5/30/2021 6:50,3.424621022
5/30/2021 7:00,4.040543354
5/30/2021 7:10,4.397370362
5/30/2021 7:20,4.077167141
5/30/2021 7:30,3.909529173
5/30/2021 7:40,3.995640671
5/30/2021 7:50,4.365982081
5/30/2021 8:00,2.786886853
5/30/2021 8:10,3.936593479
5/30/2021 8:20,3.636474824
5/30/2021 8:30,3.999334526
5/30/2021 8:40,3.338509542
5/30/2021 8:50,3.10191192
5/30/2021 9:00,3.329228354
5/30/2021 9:10,2.892471266
5/30/2021 9:20,3.322415835
5/30/2021 9:30,3.662146747
5/30/2021 9:40,3.074346638
5/30/2021 9:50,3.781756169
5/30/2021 10:00,3.350545377
5/30/2021 10:10,2.932267392
5/30/2021 10:20,3.056378114
5/30/2021 10:30,3.89166133
5/30/2021 10:40,2.553278649
5/30/2021 10:50,3.500077546
5/30/2021 11:00,3.791583109
5/30/2021 11:10,3.983834934
5/30/2021 11:20,3.274970138
5/30/2021 11:30,4.383058548
5/30/2021 11:40,4.072767889
5/30/2021 11:50,4.068702734
5/30/2021 12:00,3.957940179
5/30/2021 12:10,3.590569782
5/30/2021 12:20,3.858779383
5/30/2021 12:30,3.336208007
5/30/2021 12:40,3.589678848
5/30/2021 12:50,3.29594574
5/30/2021 13:00,3.127546811
5/30/2021 13:10,4.142340088
5/30/2021 13:20,3.725277817
5/30/2021 13:30,3.753400025
5/30/2021 13:40,5.240553308
5/30/2021 13:50,4.071951151
5/30/2021 14:00,3.449693125
5/30/2021 14:10,4.305248463
5/30/2021 14:20,3.807621056
5/30/2021 14:30,4.580786276
5/30/2021 14:40,4.040877402
5/30/2021 14:50,4.054279506
5/30/2021 15:00,3.965736502
5/30/2021 15:10,4.263720226
5/30/2021 15:20,4.302311695
5/30/2021 15:30,4.191790605
5/30/2021 15:40,4.291489697
5/30/2021 15:50,4.954672217
5/30/2021 16:00,4.936833608
5/30/2021 16:10,4.34519105
5/30/2021 16:20,4.08032285
5/30/2021 16:30,4.830210698
5/30/2021 16:40,4.145310128
5/30/2021 16:50,4.481384146
5/30/2021 17:00,4.589956188
5/30/2021 17:10,4.884079075
5/30/2021 17:20,5.180893385
5/30/2021 17:30,4.663389468
5/30/2021 17:40,5.587653387
5/30/2021 17:50,5.232144439
5/30/2021 18:00,6.03289361
5/30/2021 18:10,5.035437727
5/30/2021 18:20,5.075625527
5/30/2021 18:30,4.663055348
5/30/2021 18:40,4.051049733
5/30/2021 18:50,4.606922388
5/30/2021 19:00,3.607888579
5/30/2021 19:10,3.482276106
5/30/2021 19:20,4.498628712
5/30/2021 19:30,5.437705588
5/30/2021 19:40,5.834961629
5/30/2021 19:50,5.759393764
5/30/2021 20:00,3.727264094
5/30/2021 20:10,4.208311188
5/30/2021 20:20,4.944073057
5/30/2021 20:30,4.432670392
5/30/2021 20:40,4.116760945
5/30/2021 20:50,3.631017494
5/30/2021 21:00,3.43204602
5/30/2021 21:10,2.843540502
5/30/2021 21:20,2.658101135
5/30/2021 21:30,2.652216864
5/30/2021 21:40,2.253550017
5/30/2021 21:50,2.96881876
5/30/2021 22:00,3.496495056
5/30/2021 22:10,3.51327554
5/30/2021 22:20,3.697508395
5/30/2021 22:30,3.588101017
5/30/2021 22:40,3.915766168
5/30/2021 22:50,4.241798007
5/30/2021 23:00,3.925752795
5/30/2021 23:10,3.900674868
5/30/2021 23:20,3.703207052
5/30/2021 23:30,4.209554982
5/30/2021 23:40,3.5385391
5/30/2021 23:50,4.160067225
5/31/2021 0:00,4.012941003
5/31/2021 0:10,4.399764884
5/31/2021 0:20,3.722289217
5/31/2021 0:30,3.664021552
5/31/2021 0:40,3.497200358
5/31/2021 0:50,2.567683256
5/31/2021 1:00,2.590879516
5/31/2021 1:10,2.650360608
5/31/2021 1:20,2.724536371
5/31/2021 1:30,2.927090323
5/31/2021 1:40,3.027142191
5/31/2021 1:50,3.153738463
5/31/2021 2:00,3.967759871
5/31/2021 2:10,4.196542609
5/31/2021 2:20,4.00778054
5/31/2021 2:30,4.381944811
5/31/2021 2:40,3.971862113
5/31/2021 2:50,4.045666659
5/31/2021 3:00,4.274430919
5/31/2021 3:10,4.791563654
5/31/2021 3:20,3.998796326
5/31/2021 3:30,3.552776593
5/31/2021 3:40,4.464269531
5/31/2021 3:50,4.282152843
5/31/2021 4:00,3.495641142
5/31/2021 4:10,2.371681798
5/31/2021 4:20,2.184399921
5/31/2021 4:30,3.064838028
5/31/2021 4:40,2.548118341
5/31/2021 4:50,2.559590018
5/31/2021 5:00,2.878215235
5/31/2021 5:10,2.60282205
5/31/2021 5:20,2.792827749
5/31/2021 5:30,2.472067666
5/31/2021 5:40,2.84211117
5/31/2021 5:50,2.009101397
5/31/2021 6:00,2.576887512
5/31/2021 6:10,2.672531176
5/31/2021 6:20,2.574393702
5/31/2021 6:30,2.840918201
5/31/2021 6:40,2.251266757
5/31/2021 6:50,2.458450115
5/31/2021 7:00,2.710827458
5/31/2021 7:10,2.376262456
5/31/2021 7:20,2.45835008
5/31/2021 7:30,1.633125079
5/31/2021 7:40,1.969162536
5/31/2021 7:50,2.129868776
5/31/2021 8:00,2.088974983
5/31/2021 8:10,2.240268831
5/31/2021 8:20,2.295712525
5/31/2021 8:30,1.951164434
5/31/2021 8:40,2.695443779
5/31/2021 8:50,1.864312506
5/31/2021 9:00,2.069568631
5/31/2021 9:10,2.089743766
5/31/2021 9:20,2.373453968
5/31/2021 9:30,2.042100018
5/31/2021 9:40,1.680412489
5/31/2021 9:50,1.793362588
5/31/2021 10:10,1.882031312
5/31/2021 10:20,1.780818741
5/31/2021 10:30,1.635937379
5/31/2021 10:40,2.667937535
5/31/2021 10:50,2.33671869
5/31/2021 11:00,2.607393724
5/31/2021 11:10,2.382378782
5/31/2021 11:20,2.368668783
5/31/2021 11:30,2.519362506
5/31/2021 11:40,2.559075111
5/31/2021 11:50,2.836016971
5/31/2021 12:00,2.37557689
5/31/2021 12:10,3.673309903
5/31/2021 12:20,3.561408114
5/31/2021 12:30,3.336133593
5/31/2021 12:40,4.179502201
5/31/2021 12:50,3.793513572
5/31/2021 13:00,3.872348547
5/31/2021 13:10,4.381146669
5/31/2021 13:20,4.338619983
5/31/2021 13:30,4.227337801
5/31/2021 13:40,4.281169093
5/31/2021 13:50,3.816981504
5/31/2021 14:00,3.763850832
5/31/2021 14:10,3.320856684
5/31/2021 14:20,3.619620109
5/31/2021 14:30,4.011084676
5/31/2021 14:40,4.071227115
5/31/2021 14:50,4.328681155
5/31/2021 15:00,2.672221494
5/31/2021 15:10,4.789743686
5/31/2021 15:20,3.958794141
5/31/2021 15:30,3.35124352
5/31/2021 15:40,4.246160102
5/31/2021 15:50,4.701646733
5/31/2021 16:00,4.509005183
5/31/2021 16:10,4.186760199
5/31/2021 16:20,5.275784922
5/31/2021 16:30,3.494248939
5/31/2021 16:40,4.495157623
5/31/2021 16:50,4.119359744
5/31/2021 17:00,4.335352969
5/31/2021 17:10,4.672893453
5/31/2021 17:20,5.472157633
5/31/2021 17:30,4.710631084
5/31/2021 17:40,4.638125861
5/31/2021 17:50,4.693033874
5/31/2021 18:00,4.003863788
5/31/2021 18:10,3.475556493
5/31/2021 18:20,4.49125936
5/31/2021 18:30,3.738494408
5/31/2021 18:40,3.923005605
5/31/2021 18:50,4.712914312
5/31/2021 19:00,4.065212917
5/31/2021 19:10,3.339768993
5/31/2021 19:20,2.58520728
5/31/2021 19:30,3.17756029
5/31/2021 19:40,3.590532714
5/31/2021 19:50,3.645236361
5/31/2021 20:00,4.468835926
5/31/2021 20:10,4.771144748
5/31/2021 20:20,4.048061144
5/31/2021 20:30,3.749130666
5/31/2021 20:40,3.722177899
5/31/2021 20:50,4.123814762
5/31/2021 21:00,3.879049635
5/31/2021 21:10,3.760843551
5/31/2021 21:20,3.70894289
5/31/2021 21:30,4.972473609
5/31/2021 21:40,5.048691273
5/31/2021 21:50,4.29310472
5/31/2021 22:00,3.844504738
5/31/2021 22:10,3.740591884
5/31/2021 22:20,3.563060176
5/31/2021 22:30,3.039896614
5/31/2021 22:40,3.595897293
5/31/2021 22:50,4.821115017
5/31/2021 23:00,4.29496094
5/31/2021 23:10,4.389815378
5/31/2021 23:20,3.729862738
5/31/2021 23:30,3.22332921
5/31/2021 23:40,3.430505395
5/31/2021 23:50,3.016245997
6/1/2021 0:00,3.097029948
6/1/2021 0:10,3.607331705
6/1/2021 0:20,4.892098057
6/1/2021 0:30,4.760378528
6/1/2021 0:40,4.059013021
6/1/2021 0:50,3.715662575
6/1/2021 1:00,3.644345379
6/1/2021 1:10,3.520830417
6/1/2021 1:20,3.601168919
6/1/2021 1:30,3.657561874
6/1/2021 1:40,3.699847174
6/1/2021 1:50,3.432992733
6/1/2021 2:00,3.113309395
6/1/2021 2:10,2.868785512
6/1/2021 2:20,3.182788825
6/1/2021 2:30,3.514908957
6/1/2021 2:40,3.501469767
6/1/2021 2:50,2.991316551
6/1/2021 3:00,3.195040083
6/1/2021 3:10,3.643120193
6/1/2021 3:20,3.572192931
6/1/2021 3:30,3.676254308
6/1/2021 3:40,3.014185607
6/1/2021 3:50,3.225668216
6/1/2021 4:00,4.015929508
6/1/2021 4:10,3.73932966
6/1/2021 4:20,4.123438609
6/1/2021 4:30,4.25566417
6/1/2021 4:40,4.315193999
6/1/2021 4:50,4.084369421
6/1/2021 5:00,4.357368124
6/1/2021 5:10,4.251988792
6/1/2021 5:20,4.280705094
6/1/2021 5:30,4.083538946
6/1/2021 5:40,3.419739151
6/1/2021 5:50,2.876990128
6/1/2021 6:00,3.786496973
6/1/2021 6:10,3.152286419
6/1/2021 6:20,2.702948111
6/1/2021 6:30,2.496755904
6/1/2021 6:40,3.106608272
6/1/2021 6:50,3.13727355
6/1/2021 7:00,3.449086404
6/1/2021 7:10,3.021146488
6/1/2021 7:20,2.924324554
6/1/2021 7:30,2.895998156
6/1/2021 7:40,2.736880362
6/1/2021 7:50,2.617960721
6/1/2021 8:00,2.494837496
6/1/2021 8:10,2.426025122
6/1/2021 8:20,2.719428098
6/1/2021 8:30,2.540637678
6/1/2021 8:40,2.861954468
6/1/2021 8:50,2.62364918
6/1/2021 9:00,2.768436626
6/1/2021 9:10,2.991632122
6/1/2021 9:20,3.299138582
6/1/2021 9:30,3.326035655
6/1/2021 9:40,2.959927392
6/1/2021 9:50,2.825237852
6/1/2021 10:00,2.75761469
6/1/2021 10:10,3.196933317
6/1/2021 10:20,3.430301183
6/1/2021 10:30,3.933270717
6/1/2021 10:40,4.275433207
6/1/2021 10:50,4.813504422
6/1/2021 11:00,4.38320713
6/1/2021 11:10,4.803610587
6/1/2021 11:20,4.944611359
6/1/2021 11:30,4.933696663
6/1/2021 11:40,5.944573259
6/1/2021 11:50,5.460611749
6/1/2021 12:00,5.24666034
6/1/2021 12:10,5.606809974
6/1/2021 12:20,6.001396995
6/1/2021 12:30,6.399581728
6/1/2021 12:40,5.051934845
6/1/2021 12:50,5.147481
6/1/2021 13:00,5.351649868
6/1/2021 13:10,6.167583036
6/1/2021 13:20,5.537070715
6/1/2021 13:30,5.585741544
6/1/2021 13:40,5.322265458
6/1/2021 13:50,6.429370141
6/1/2021 14:00,6.161550343
6/1/2021 14:10,5.552663183
6/1/2021 14:20,5.266522288
6/1/2021 14:30,6.351017618
6/1/2021 14:40,5.696262693
6/1/2021 14:50,5.529942727
6/1/2021 15:00,5.34225719
6/1/2021 15:10,5.17320857
6/1/2021 15:20,5.857997751
6/1/2021 15:30,5.143044508
6/1/2021 15:40,5.316715229
6/1/2021 15:50,5.630124533
6/1/2021 16:00,5.822506273
6/1/2021 16:10,6.656240916
6/1/2021 16:20,6.740885973
6/1/2021 16:30,6.004177332
6/1/2021 16:40,6.156185675
6/1/2021 16:50,6.096173191
6/1/2021 17:00,5.074233294
6/1/2021 17:10,6.088766742
6/1/2021 17:20,7.043584657
6/1/2021 17:30,5.747439504
6/1/2021 17:40,4.768592973
6/1/2021 17:50,4.957326698
6/1/2021 18:00,4.97308625
6/1/2021 18:10,4.419812381
6/1/2021 18:20,4.50007658
6/1/2021 18:30,3.777902508
6/1/2021 18:40,3.610914296
6/1/2021 18:50,3.005164117
6/1/2021 19:00,3.10941121
6/1/2021 19:10,3.216962349
6/1/2021 19:20,3.26774931
6/1/2021 19:30,5.012271655
6/1/2021 19:40,4.806766224
6/1/2021 19:50,5.126134098
6/1/2021 20:00,5.858443189
6/1/2021 20:10,6.448656583
6/1/2021 20:20,7.472935247
6/1/2021 20:30,7.018432474
6/1/2021 20:40,6.245619822
6/1/2021 20:50,5.980570078
6/1/2021 21:00,5.588433123
6/1/2021 21:10,5.44821198
6/1/2021 21:20,5.695910001
6/1/2021 21:30,5.961168122
6/1/2021 21:40,7.043658829
6/1/2021 21:50,7.877560711
6/1/2021 22:00,7.960256577
6/1/2021 22:10,7.114957476
6/1/2021 22:20,4.550900698
6/1/2021 22:30,5.041117859
6/1/2021 22:40,6.062537932
6/1/2021 22:50,6.316380095
6/1/2021 23:00,5.855102015
6/1/2021 23:10,6.590232635
6/1/2021 23:20,7.03036809
6/1/2021 23:30,6.013087392
6/1/2021 23:40,5.418994617
6/1/2021 23:50,5.763440323
6/2/2021 0:00,6.032837963
6/2/2021 0:10,5.694554877
6/2/2021 0:20,5.724069297
6/2/2021 0:30,5.262902534
6/2/2021 0:40,4.646720433
6/2/2021 0:50,4.46840893
6/2/2021 1:00,5.034546757
6/2/2021 1:10,3.873573661
6/2/2021 1:20,3.332309723
6/2/2021 1:30,3.577557433
6/2/2021 1:40,4.067496121
6/2/2021 1:50,3.698415982
6/2/2021 2:00,3.30582099
6/2/2021 2:10,3.672708857
6/2/2021 2:20,3.120493019
6/2/2021 2:30,3.567719281
6/2/2021 2:40,3.943907011
6/2/2021 2:50,3.586857212
6/2/2021 3:00,3.797987115
6/2/2021 3:10,4.163148725
6/2/2021 3:20,4.86916256
6/2/2021 3:30,5.256052995
6/2/2021 3:40,5.163611674
6/2/2021 3:50,4.933956325
6/2/2021 4:00,4.554650247
6/2/2021 4:10,4.353469968
6/2/2021 4:20,4.994767261
6/2/2021 4:30,5.20257442
6/2/2021 4:40,4.983722599
6/2/2021 4:50,4.19066298
6/2/2021 5:00,4.494804811
6/2/2021 5:10,4.793345535
6/2/2021 5:20,4.765854478
6/2/2021 5:30,4.316679132
6/2/2021 5:40,4.071728373
6/2/2021 5:50,3.982832503
6/2/2021 6:00,3.674045372
6/2/2021 6:10,3.491390312
6/2/2021 6:20,3.296688259
6/2/2021 6:30,4.064990115
6/2/2021 6:40,3.516542584
6/2/2021 6:50,4.085984385
6/2/2021 7:00,3.389073873
6/2/2021 7:10,3.658118784
6/2/2021 7:20,3.868378366
6/2/2021 7:30,4.293865836
6/2/2021 7:40,3.546725118
6/2/2021 7:50,3.521591473
6/2/2021 8:00,3.172059584
6/2/2021 8:10,3.024090381
6/2/2021 8:20,3.018584865
6/2/2021 8:30,3.198121393
6/2/2021 8:40,2.927016038
6/2/2021 8:50,3.389018118
6/2/2021 9:00,3.17072314
6/2/2021 9:10,3.709536862
6/2/2021 9:20,4.366760814
6/2/2021 9:30,4.264871168
6/2/2021 9:40,4.479323745
6/2/2021 9:50,4.20721606
6/2/2021 10:00,4.132680692
6/2/2021 10:10,4.030705154
6/2/2021 10:20,4.26114012
6/2/2021 10:30,5.22690984
6/2/2021 10:40,5.367743564
6/2/2021 10:50,5.540059137
6/2/2021 11:00,5.14425106
6/2/2021 11:10,5.38636173
6/2/2021 11:20,6.089212251
6/2/2021 11:30,5.698787236
6/2/2021 11:40,5.788759625
6/2/2021 11:50,5.368114674
6/2/2021 12:00,5.714583981
6/2/2021 12:10,6.213153982
6/2/2021 12:20,5.833903623
6/2/2021 12:30,5.393099892
6/2/2021 12:40,6.010470104
6/2/2021 12:50,5.874761619
6/2/2021 13:00,5.453686049
6/2/2021 13:10,5.43087455
6/2/2021 13:20,5.447385238
6/2/2021 13:30,5.426735163
6/2/2021 13:40,5.114699507
6/2/2021 13:50,5.327648568
6/2/2021 14:00,6.526953137
6/2/2021 14:10,4.961169136
6/2/2021 14:20,4.866518867
6/2/2021 14:30,5.418085051
6/2/2021 14:40,5.027214539
6/2/2021 14:50,6.038350987
6/2/2021 15:00,4.716533959
6/2/2021 15:10,6.082642179
6/2/2021 15:20,5.087301242
6/2/2021 15:30,5.40241436
6/2/2021 15:40,4.980028617
6/2/2021 15:50,4.799396896
6/2/2021 16:00,5.529014492
6/2/2021 16:10,5.817215955
6/2/2021 16:20,5.373789047
6/2/2021 16:30,5.756479383
6/2/2021 16:40,5.792564917
6/2/2021 16:50,4.765965807
6/2/2021 17:00,3.952496109
6/2/2021 17:10,3.907449308
6/2/2021 17:20,3.986470866
6/2/2021 17:30,3.522853684
6/2/2021 17:40,2.892471242
6/2/2021 17:50,3.604361653
6/2/2021 18:00,4.558734131
6/2/2021 18:10,5.38303895
6/2/2021 18:20,5.680558848
6/2/2021 18:30,4.003993869
6/2/2021 18:40,3.922318816
6/2/2021 18:50,4.91556102
6/2/2021 19:00,4.264407146
6/2/2021 19:10,4.19600426
6/2/2021 19:20,4.044719875
6/2/2021 19:30,2.791621226
6/2/2021 19:40,3.171298504
6/2/2021 19:50,3.219096994
6/2/2021 20:00,3.777234221
6/2/2021 20:10,6.228226805
6/2/2021 20:20,6.44728291
6/2/2021 20:30,4.89516083
6/2/2021 20:40,4.597214139
6/2/2021 20:50,5.548393798
6/2/2021 21:00,5.330488563
6/2/2021 21:10,4.006109977
6/2/2021 21:20,4.421018922
6/2/2021 21:30,3.704562187
6/2/2021 21:40,3.8029805
6/2/2021 21:50,5.508243155
6/2/2021 22:00,6.033357596
6/2/2021 22:10,5.888050437
6/2/2021 22:20,5.455191493
6/2/2021 22:30,5.364940548
6/2/2021 22:40,6.001597333
6/2/2021 22:50,5.429575276
6/2/2021 23:00,5.444777966
6/2/2021 23:10,4.792875274
6/2/2021 23:20,4.053509265
6/2/2021 23:30,3.699627374
6/2/2021 23:40,3.734689045
6/2/2021 23:50,4.056284392
6/3/2021 0:00,3.671465123
6/3/2021 0:10,3.137199241
6/3/2021 0:20,3.389259517
6/3/2021 0:30,2.826166117
6/3/2021 0:40,3.481552172
6/3/2021 0:50,3.262644756
6/3/2021 1:00,2.930542874
6/3/2021 1:10,3.307176089
6/3/2021 1:20,3.192552686
6/3/2021 1:30,2.620159352
6/3/2021 1:40,1.890865784
6/3/2021 1:50,1.893947394
6/3/2021 2:00,2.012287372
6/3/2021 2:10,2.860237491
6/3/2021 2:20,3.177245939
6/3/2021 2:30,3.12366724
6/3/2021 2:40,2.580305707
6/3/2021 2:50,1.740601552
6/3/2021 3:00,1.640043756
6/3/2021 3:10,1.55242489
6/3/2021 3:20,1.713843706
6/3/2021 3:30,1.634231269
6/3/2021 3:40,1.94315626
6/3/2021 3:50,2.166768706
6/3/2021 4:00,2.448806202
6/3/2021 4:10,2.627887625
6/3/2021 4:20,2.76363759
6/3/2021 4:30,2.80530014
6/3/2021 4:40,3.039563334
6/3/2021 4:50,3.238606203
6/3/2021 5:00,3.59090395
6/3/2021 5:10,3.289653063
6/3/2021 5:20,3.545295799
6/3/2021 5:30,3.370808303
6/3/2021 5:40,3.690974355
6/3/2021 5:50,3.947768009
6/3/2021 6:00,3.300122297
6/3/2021 6:10,2.760584676
6/3/2021 6:20,2.596677887
6/3/2021 6:30,3.163279498
6/3/2021 6:40,4.159621739
6/3/2021 6:50,3.34509933
6/3/2021 7:00,4.058159113
6/3/2021 7:10,3.716497731
6/3/2021 7:20,4.472455657
6/3/2021 7:30,3.414430147
6/3/2021 7:40,2.88894437
6/3/2021 7:50,2.799788702
6/3/2021 8:00,2.428483015
6/3/2021 8:10,2.841238785
6/3/2021 8:20,3.136215556
6/3/2021 8:30,3.750745535
6/3/2021 8:40,3.510992312
6/3/2021 8:50,3.368525136
6/3/2021 9:00,3.950403845
6/3/2021 9:10,3.578151417
6/3/2021 9:20,4.292826319
6/3/2021 9:30,3.890762532
6/3/2021 9:40,4.143008411
6/3/2021 9:50,3.946969736
6/3/2021 10:00,4.349367642
6/3/2021 10:10,3.569482785
6/3/2021 10:20,4.757241488
6/3/2021 10:30,5.037089801
6/3/2021 10:40,4.798320365
6/3/2021 10:50,4.882408428
6/3/2021 11:00,5.680391741
6/3/2021 11:10,5.967757714
6/3/2021 11:20,5.789669132
6/3/2021 11:30,6.00983901
6/3/2021 11:40,5.294978607
6/3/2021 11:50,4.939580977
6/3/2021 12:00,5.159453654
6/3/2021 12:10,5.305874753
6/3/2021 12:20,4.979731619
6/3/2021 12:30,5.003714347
6/3/2021 12:40,5.722008908
6/3/2021 12:50,5.057749736
6/3/2021 13:00,4.799972403
6/3/2021 13:10,4.487584114
6/3/2021 13:20,5.002155089
6/3/2021 13:30,4.462636089
6/3/2021 13:40,5.139053595
6/3/2021 13:50,5.5714113
6/3/2021 14:00,4.774764466
6/3/2021 14:10,5.264146245
6/3/2021 14:20,5.312965524
6/3/2021 14:30,5.367427969
6/3/2021 14:40,4.983194916
6/3/2021 14:50,4.958106267
6/3/2021 15:00,4.795294547
6/3/2021 15:10,4.682675862
6/3/2021 15:20,4.242837524
6/3/2021 15:30,5.114718103
6/3/2021 15:40,4.693813407
6/3/2021 15:50,5.166340435
6/3/2021 16:00,5.625242567
6/3/2021 16:10,5.637308156
6/3/2021 16:20,5.644677579
6/3/2021 16:30,6.653029609
6/3/2021 16:40,5.959646022
6/3/2021 16:50,5.665950084
6/3/2021 17:00,5.723196852
6/3/2021 17:10,6.131367683
6/3/2021 17:20,6.160733557
6/3/2021 17:30,6.054518914
6/3/2021 17:40,4.613493574
6/3/2021 17:50,4.611377347
6/3/2021 18:00,5.120955086
6/3/2021 18:10,5.10736742
6/3/2021 18:20,5.202333117
6/3/2021 18:30,5.219057965
6/3/2021 18:40,5.305781925
6/3/2021 18:50,4.931320691
6/3/2021 19:00,4.863994467
6/3/2021 19:10,4.477764487
6/3/2021 19:20,4.668494248
6/3/2021 19:30,4.033025551
6/3/2021 19:40,3.426143098
6/3/2021 19:50,3.052405715
6/3/2021 20:00,3.161460435
6/3/2021 20:10,4.121401668
6/3/2021 20:20,4.33435061
6/3/2021 20:30,4.381963408
6/3/2021 20:40,4.345618081
6/3/2021 20:50,4.437892222
6/3/2021 21:00,4.936629534
6/3/2021 21:10,4.388553059
6/3/2021 21:20,3.160606557
6/3/2021 21:30,2.716374927
6/3/2021 21:40,3.468874061
6/3/2021 21:50,4.318813813
6/3/2021 22:00,4.313162512
6/3/2021 22:10,4.307230794
6/3/2021 22:20,4.310906208
6/3/2021 22:30,4.721100307
6/3/2021 22:40,4.636919439
6/3/2021 22:50,4.978432274
6/3/2021 23:00,4.869284821
6/3/2021 23:10,5.465976286
6/3/2021 23:20,5.586187029
6/3/2021 23:30,5.687055707
6/3/2021 23:40,6.632091093
6/3/2021 23:50,6.711371469
6/4/2021 0:00,6.934121561
6/4/2021 0:10,7.136025929
6/4/2021 0:20,6.708902764
6/4/2021 0:30,7.180817199
6/4/2021 0:40,7.555946755
6/4/2021 0:50,8.015442896
6/4/2021 1:00,7.310420537
6/4/2021 1:10,7.283876228
6/4/2021 1:20,7.389459634
6/4/2021 1:30,6.945166278
6/4/2021 1:40,6.58108139
6/4/2021 1:50,6.067252851
6/4/2021 2:00,6.25276649
6/4/2021 2:10,6.004901338
6/4/2021 2:20,3.309978992
6/4/2021 2:30,3.407951915
6/4/2021 2:40,4.788667822
6/4/2021 2:50,3.496179438
6/4/2021 3:00,6.511193681
6/4/2021 3:10,6.198118389
6/4/2021 3:20,5.335500538
6/4/2021 3:30,4.85625385
6/4/2021 3:40,5.901304138
6/4/2021 3:50,5.898593903
6/4/2021 4:00,4.333923638
6/4/2021 4:10,3.812391639
6/4/2021 4:20,3.397167146
6/4/2021 4:30,2.839531046
6/4/2021 4:40,2.810369265
6/4/2021 4:50,2.883854364
6/4/2021 5:00,2.922188963
6/4/2021 5:10,2.977951664
6/4/2021 5:20,3.558029705
6/4/2021 5:30,2.746904159
6/4/2021 5:40,2.436341788
6/4/2021 5:50,2.672542679
6/4/2021 6:00,3.243785113
6/4/2021 6:10,3.407590452
6/4/2021 6:20,3.158991587
6/4/2021 6:30,2.624428779
6/4/2021 6:40,2.194335634
6/4/2021 6:50,1.721689433
6/4/2021 7:00,1.819818684
6/4/2021 7:10,1.794937563
6/4/2021 7:20,2.601093638
6/4/2021 7:30,2.544993746
6/4/2021 7:40,2.498333663
6/4/2021 7:50,2.549906284
6/4/2021 8:00,2.407762444
6/4/2021 8:10,2.437610239
6/4/2021 8:20,3.183494103
6/4/2021 8:30,3.419553411
6/4/2021 8:40,4.028143585
6/4/2021 8:50,3.741928327
6/4/2021 9:00,3.084481841
6/4/2021 9:10,2.807399261
6/4/2021 9:20,2.679782218
6/4/2021 9:30,2.363310117
6/4/2021 9:40,2.468256155
6/4/2021 9:50,2.663643897
6/4/2021 10:00,2.374043858
6/4/2021 10:10,2.462126598
6/4/2021 10:20,2.133166231
6/4/2021 10:30,2.056368648
6/4/2021 10:40,2.072024947
6/4/2021 10:50,2.492254382
6/4/2021 11:00,2.38560946
6/4/2021 11:10,2.315231228
6/4/2021 11:20,2.302725062
6/4/2021 11:30,2.208824965
6/4/2021 11:40,2.030193734
6/4/2021 11:50,2.137912548
6/4/2021 12:00,2.550243688
6/4/2021 12:10,2.139900124
6/4/2021 12:20,1.597350001
6/4/2021 12:30,1.446431172
6/4/2021 12:40,1.598756173
6/4/2021 12:50,0.921862541
6/4/2021 13:00,1.108425
6/4/2021 13:10,1.460849968
6/4/2021 13:20,2.033643711
6/4/2021 13:30,1.364343815
6/4/2021 13:40,1.664381364
6/4/2021 13:50,1.023671114
6/4/2021 14:00,1.771012524
6/4/2021 14:10,2.154618761
6/4/2021 14:20,1.17468747
6/4/2021 14:30,1.556475002
6/4/2021 14:40,1.563487525
6/4/2021 14:50,1.16797506
6/4/2021 15:00,1.532062426
6/4/2021 15:10,1.907718778
6/4/2021 15:20,2.280674976
6/4/2021 15:30,2.209736855
6/4/2021 15:40,1.656947381
6/4/2021 15:50,1.605039524
6/4/2021 16:00,1.504649957
6/4/2021 16:10,1.733605306
6/4/2021 16:20,1.958643951
6/4/2021 16:30,1.895324939
6/4/2021 16:40,1.457718785
6/4/2021 16:50,1.535437527
6/4/2021 17:00,1.448081321
6/4/2021 17:10,2.051328954
6/4/2021 17:20,1.927856202
6/4/2021 17:30,1.933162481
6/4/2021 17:40,1.7670187
6/4/2021 17:50,1.805831282
6/4/2021 18:00,1.21361247
6/4/2021 18:10,1.233599985
6/4/2021 18:20,1.637962466
6/4/2021 18:30,1.52463755
6/4/2021 18:40,1.782150066
6/4/2021 18:50,1.800862531
6/4/2021 19:00,2.598918885
6/4/2021 19:10,2.186231315
6/4/2021 19:20,1.741462326
6/4/2021 19:30,2.050031358
6/4/2021 19:40,1.755881256
6/4/2021 19:50,1.470656264
6/4/2021 20:00,2.123250049
6/4/2021 20:10,1.97713148
6/4/2021 20:20,2.266181123
6/4/2021 20:30,1.618481216
6/4/2021 20:40,1.880812752
6/4/2021 20:50,2.244829015
6/4/2021 21:00,2.695218718
6/4/2021 21:10,2.750362504
6/4/2021 21:20,2.613843822
6/4/2021 21:30,2.248725069
6/4/2021 21:40,2.219681311
6/4/2021 21:50,2.418787503
6/4/2021 22:00,1.802099895
6/4/2021 22:10,1.73497504
6/4/2021 22:20,1.923506397
6/4/2021 22:30,1.974543941
6/4/2021 22:40,2.197085719
6/4/2021 22:50,1.995525026
6/4/2021 23:00,1.821637642
6/4/2021 23:10,1.866056341
6/4/2021 23:20,2.057756305
6/4/2021 23:30,2.474024951
6/4/2021 23:40,2.033793831
6/4/2021 23:50,1.801725006
6/5/2021 0:00,2.528362399
6/5/2021 0:10,2.791500115
6/5/2021 0:20,2.69066245
6/5/2021 0:30,3.583603615
6/5/2021 0:40,3.391060042
6/5/2021 0:50,3.213621116
6/5/2021 1:00,2.812726796
6/5/2021 1:10,2.249175102
6/5/2021 1:20,2.388037562
6/5/2021 1:30,2.574768716
6/5/2021 1:40,1.82816437
6/5/2021 1:50,1.872018862
6/5/2021 2:00,1.499999803
6/5/2021 2:10,1.529437485
6/5/2021 2:20,2.392893702
6/5/2021 2:30,2.976787567
6/5/2021 2:40,2.943048656
6/5/2021 2:50,3.232907534
6/5/2021 3:00,3.08758167
6/5/2021 3:10,2.608093786
6/5/2021 3:20,2.276046681
6/5/2021 3:30,1.816912532
6/5/2021 3:40,2.039325267
6/5/2021 3:50,1.774931037
6/5/2021 4:00,1.928456491
6/5/2021 4:10,1.613531291
6/5/2021 4:20,1.431918645
6/5/2021 4:30,1.170281285
6/5/2021 4:40,0.795712495
6/5/2021 4:50,1.452374995
6/5/2021 5:00,1.580343622
6/5/2021 5:10,1.969012618
6/5/2021 5:20,2.115993834
6/5/2021 5:30,2.129512662
6/5/2021 5:40,1.785225084
6/5/2021 5:50,0.975693934
6/5/2021 6:00,0.577462614
6/5/2021 6:10,1.675518736
6/5/2021 6:20,1.076549988
6/5/2021 6:30,0.582675026
6/5/2021 6:40,1.197524983
6/5/2021 6:50,1.295512488
6/5/2021 7:00,0.618056467
6/5/2021 7:10,0.303056438
6/5/2021 7:20,0.465431325
6/5/2021 7:30,0.616237558
6/5/2021 7:40,0.411956364
6/5/2021 7:50,0.598781173
6/5/2021 8:00,1.193549961
6/5/2021 8:10,1.162931314
6/5/2021 8:20,1.267068863
6/5/2021 8:30,1.462875022
6/5/2021 8:40,2.057981294
6/5/2021 8:50,2.016525114
6/5/2021 9:00,2.017815772
6/5/2021 9:10,1.462518829
6/5/2021 9:20,1.970681328
6/5/2021 9:30,1.458712506
6/5/2021 9:40,2.342812425
6/5/2021 9:50,1.499981172
6/5/2021 10:00,1.416243733
6/5/2021 10:10,2.581518823
6/5/2021 10:20,2.140218863
6/5/2021 10:30,2.181787449
6/5/2021 10:40,2.087718743
6/5/2021 10:50,2.487581271
6/5/2021 11:00,2.645231235
6/5/2021 11:10,2.328475687
6/5/2021 11:20,2.297413248
6/5/2021 11:30,2.188537499
6/5/2021 11:40,2.346800911
6/5/2021 11:50,2.304224992
6/5/2021 12:00,2.859750015
6/5/2021 12:10,2.814612579
6/5/2021 12:20,3.596918154
6/5/2021 12:30,2.566271982
6/5/2021 12:40,2.448523933
6/5/2021 12:50,1.949437454
6/5/2021 13:00,3.187145005
6/5/2021 13:10,3.39429065
6/5/2021 13:20,4.073101985
6/5/2021 13:30,2.840234889
6/5/2021 13:40,4.836462587
6/5/2021 13:50,3.34546538
6/5/2021 14:00,3.280671793
6/5/2021 14:10,2.829751888
6/5/2021 14:20,2.997000033
6/5/2021 14:30,3.962655652
6/5/2021 14:40,2.859178883
6/5/2021 14:50,3.472188666
6/5/2021 15:00,3.885806823
6/5/2021 15:10,3.019802427
6/5/2021 15:20,3.074532348
6/5/2021 15:30,4.060048968
6/5/2021 15:40,2.880684072
6/5/2021 15:50,2.936489776
6/5/2021 16:00,2.71025036
6/5/2021 16:10,3.534878135
6/5/2021 16:20,3.893305576
6/5/2021 16:30,3.149813719
6/5/2021 16:40,2.673407356
6/5/2021 16:50,4.628918946
6/5/2021 17:00,4.392191434
6/5/2021 17:10,3.542845577
6/5/2021 17:20,3.111583036
6/5/2021 17:30,4.57519902
6/5/2021 17:40,5.518136907
6/5/2021 17:50,5.733814597
6/5/2021 18:00,6.316021618
6/5/2021 18:10,5.595436505
6/5/2021 18:20,5.639975322
6/5/2021 18:30,5.186053872
6/5/2021 18:40,4.214455438
6/5/2021 18:50,3.767377591
6/5/2021 19:00,3.960483372
6/5/2021 19:10,3.635528111
6/5/2021 19:20,3.954042101
6/5/2021 19:30,4.802515471
6/5/2021 19:40,4.962338591
6/5/2021 19:50,5.195000887
6/5/2021 20:00,5.531650472
6/5/2021 20:10,5.430521846
6/5/2021 20:20,5.741146755
6/5/2021 20:30,5.878509307
6/5/2021 20:40,5.387809539
6/5/2021 20:50,5.193293238
6/5/2021 21:00,5.649076867
6/5/2021 21:10,5.807451963
6/5/2021 21:20,5.362768769
6/5/2021 21:30,5.675509739
6/5/2021 21:40,5.711910868
6/5/2021 21:50,6.236134434
6/5/2021 22:00,6.352131486
6/5/2021 22:10,6.434029126
6/5/2021 22:20,6.000242281
6/5/2021 22:30,5.421908951
6/5/2021 22:40,5.432545304
6/5/2021 22:50,5.219670463
6/5/2021 23:00,5.358221006
6/5/2021 23:10,5.330804157
6/5/2021 23:20,5.070112371
6/5/2021 23:30,4.951795077
6/5/2021 23:40,5.110430288
6/5/2021 23:50,5.16752851
6/6/2021 0:00,5.372996688
6/6/2021 0:10,5.183807719
6/6/2021 0:20,5.21421299
6/6/2021 0:30,5.167584109
6/6/2021 0:40,4.726427782
6/6/2021 0:50,4.199753881
6/6/2021 1:00,3.733779466
6/6/2021 1:10,4.068052995
6/6/2021 1:20,4.755292392
6/6/2021 1:30,4.76327436
6/6/2021 1:40,4.746196842
6/6/2021 1:50,5.249741793
6/6/2021 2:00,5.088786364
6/6/2021 2:10,4.956347742
6/6/2021 2:20,4.75103124
6/6/2021 2:30,4.569240546
6/6/2021 2:40,4.347622788
6/6/2021 2:50,4.223569715
6/6/2021 3:00,4.472251356
6/6/2021 3:10,4.403755796
6/6/2021 3:20,4.233314836
6/6/2021 3:30,4.297170007
6/6/2021 3:40,4.738029265
6/6/2021 3:50,4.677107215
6/6/2021 4:00,3.10818609
6/6/2021 4:10,2.284159589
6/6/2021 4:20,2.94000985
6/6/2021 4:30,3.782004857
6/6/2021 4:40,3.68553555
6/6/2021 4:50,2.599480736
6/6/2021 5:00,2.854826504
6/6/2021 5:10,3.179781628
6/6/2021 5:20,1.742142825
6/6/2021 5:30,1.690181214
6/6/2021 5:40,1.514006254
6/6/2021 5:50,1.18603116
6/6/2021 6:00,0.812212448
6/6/2021 6:10,1.021799999
6/6/2021 6:20,1.097043654
6/6/2021 6:30,0.845999988
6/6/2021 6:40,0.849900044
6/6/2021 6:50,1.139437494
6/6/2021 7:00,1.2176063
6/6/2021 7:10,1.001399964
6/6/2021 7:20,0.953231156
6/6/2021 7:30,0.904837481
6/6/2021 7:40,0.83795628
6/6/2021 7:50,1.58722499
6/6/2021 8:00,1.459912467
6/6/2021 8:10,0.917587411
6/6/2021 8:20,0.905418748
6/6/2021 8:30,1.255050056
6/6/2021 8:40,0.790312535
6/6/2021 8:50,1.430662452
6/6/2021 9:00,1.545868463
6/6/2021 9:10,2.474212503
6/6/2021 9:20,1.773918822
6/6/2021 9:30,0.835049943
6/6/2021 9:40,2.843456101
6/6/2021 9:50,2.340825117
6/6/2021 10:00,2.134481233
6/6/2021 10:10,2.536818737
6/6/2021 10:20,2.261306334
6/6/2021 10:30,2.392049986
6/6/2021 10:40,1.925287384
6/6/2021 10:50,1.803262529
6/6/2021 11:00,2.507324886
6/6/2021 11:10,2.404256231
6/6/2021 11:20,2.091674954
6/6/2021 11:30,2.06533131
6/6/2021 11:40,2.225175166
6/6/2021 11:50,1.901699992
6/6/2021 12:00,2.257781112
6/6/2021 12:10,2.084943739
6/6/2021 12:20,1.978162416
6/6/2021 12:30,1.137618777
6/6/2021 12:40,0.696374874
6/6/2021 12:50,0.589331331
6/6/2021 13:00,0.80253754
6/6/2021 13:10,1.372068685
6/6/2021 13:20,1.411381551
6/6/2021 13:30,0.930089318
6/6/2021 13:40,1.359414396
6/6/2021 13:50,1.003481335
6/6/2021 14:00,1.410693713
6/6/2021 14:10,2.1382312
6/6/2021 14:20,2.016056275
6/6/2021 14:30,1.89459382
6/6/2021 14:40,2.647799957
6/6/2021 14:50,2.490937513
6/6/2021 15:00,2.283600092
6/6/2021 15:10,1.577546033
6/6/2021 15:20,1.763325042
6/6/2021 15:30,1.806037429
6/6/2021 15:40,2.046075052
6/6/2021 15:50,2.066231275
6/6/2021 16:00,1.487568817
6/6/2021 16:10,1.568681291
6/6/2021 16:20,1.982193762
6/6/2021 16:30,1.619175014
6/6/2021 16:40,1.613174999
6/6/2021 16:50,1.338375029
6/6/2021 17:00,1.557899863
6/6/2021 17:10,1.59885
6/6/2021 17:20,2.238749987
6/6/2021 17:30,1.976643682
6/6/2021 17:40,1.260600045
6/6/2021 17:50,1.317862451
6/6/2021 18:00,1.664025091
6/6/2021 18:10,2.133712548
6/6/2021 18:20,2.272800052
6/6/2021 18:30,2.067618668
6/6/2021 18:40,2.101968902
6/6/2021 18:50,2.517562461
6/6/2021 19:00,2.554481328
6/6/2021 19:10,2.39482497
6/6/2021 19:20,2.85018754
6/6/2021 19:30,2.674537456
6/6/2021 19:40,1.946756256
6/6/2021 19:50,3.008716345
6/6/2021 20:00,3.782561779
6/6/2021 20:10,4.561537015
6/6/2021 20:20,3.438939631
6/6/2021 20:30,3.965830398
6/6/2021 20:40,4.691326046
6/6/2021 20:50,3.522129789
6/6/2021 21:00,1.958594896
6/6/2021 21:10,2.489586073
6/6/2021 21:20,3.056935059
6/6/2021 21:30,4.975443685
6/6/2021 21:40,4.857330489
6/6/2021 21:50,3.720544404
6/6/2021 22:00,2.341443521
6/6/2021 22:10,1.997703147
6/6/2021 22:20,2.841201621
6/6/2021 22:30,2.903497374
6/6/2021 22:40,2.158472937
6/6/2021 22:50,2.821413964
6/6/2021 23:00,2.416621602
6/6/2021 23:10,2.581512219
6/6/2021 23:20,1.374302447
6/6/2021 23:30,1.862643835
6/6/2021 23:40,2.574506217
6/6/2021 23:50,2.52933743
6/7/2021 0:00,2.999798763
6/7/2021 0:10,3.171465611
6/7/2021 0:20,2.449737108
6/7/2021 0:30,3.079655528
6/7/2021 0:40,2.39076395
6/7/2021 0:50,2.64285444
6/7/2021 1:00,2.622776723
6/7/2021 1:10,2.134378803
6/7/2021 1:20,2.540526235
6/7/2021 1:30,2.506148458
6/7/2021 1:40,2.944724703
6/7/2021 1:50,2.869138193
6/7/2021 2:00,3.115128434
6/7/2021 2:10,3.218484485
6/7/2021 2:20,3.398967659
6/7/2021 2:30,3.060851705
6/7/2021 2:40,3.578132904
6/7/2021 2:50,4.042938006
6/7/2021 3:00,3.593725419
6/7/2021 3:10,3.543792272
6/7/2021 3:20,3.846082616
6/7/2021 3:30,4.271052444
6/7/2021 3:40,4.192718756
6/7/2021 3:50,4.193739748
6/7/2021 4:00,4.695521188
6/7/2021 4:10,4.047170186
6/7/2021 4:20,3.671335208
6/7/2021 4:30,3.427293956
6/7/2021 4:40,3.059555447
6/7/2021 4:50,3.15538131
6/7/2021 5:00,2.937660664
6/7/2021 5:10,2.890485168
6/7/2021 5:20,2.848700857
6/7/2021 5:30,2.898578274
6/7/2021 5:40,2.292104346
6/7/2021 5:50,2.836115426
6/7/2021 6:00,3.370418453
6/7/2021 6:10,4.052701819
6/7/2021 6:20,2.820096087
6/7/2021 6:30,3.569092965
6/7/2021 6:40,2.843930387
6/7/2021 6:50,1.802747758
6/7/2021 7:00,2.0211189
6/7/2021 7:10,2.917802823
6/7/2021 7:20,2.545276636
6/7/2021 7:30,2.721918809
6/7/2021 7:40,2.440931255
6/7/2021 7:50,2.685037443
6/7/2021 8:00,3.105448043
6/7/2021 8:10,2.989887196
6/7/2021 8:20,3.502527875
6/7/2021 8:30,4.1146263
6/7/2021 8:40,3.510491145
6/7/2021 8:50,3.836423259
6/7/2021 9:00,4.324939466
6/7/2021 9:10,4.216107452
6/7/2021 9:20,4.237695682
6/7/2021 9:30,5.121382046
6/7/2021 9:40,4.895959055
6/7/2021 9:50,4.242503345
6/7/2021 10:00,5.084813941
6/7/2021 10:10,4.243784106
6/7/2021 10:20,4.396794772
6/7/2021 10:30,4.078652155
6/7/2021 10:40,4.395291281
6/7/2021 10:50,4.662461329
6/7/2021 11:00,4.434847856
6/7/2021 11:10,4.049548366
6/7/2021 11:20,4.276788318
6/7/2021 11:30,3.930411899
6/7/2021 11:40,5.042639935
6/7/2021 11:50,5.184865761
6/7/2021 12:00,5.015575814
6/7/2021 12:10,5.628565204
6/7/2021 12:20,4.634728956
6/7/2021 12:30,5.555540371
6/7/2021 12:40,5.234409118
6/7/2021 12:50,4.302478731
6/7/2021 13:00,5.091292238
6/7/2021 13:10,5.188708186
6/7/2021 13:20,4.782950509
6/7/2021 13:30,4.816251767
6/7/2021 13:40,4.252508527
6/7/2021 13:50,5.76369918
6/7/2021 14:00,5.377767241
6/7/2021 14:10,5.10799849
6/7/2021 14:20,5.295980895
6/7/2021 14:30,5.129586625
6/7/2021 14:40,5.014499235
6/7/2021 14:50,5.961502194
6/7/2021 15:00,5.196244657
6/7/2021 15:10,5.029664731
6/7/2021 15:20,4.960073948
6/7/2021 15:30,4.887822829
6/7/2021 15:40,5.666711247
6/7/2021 15:50,5.338637567
6/7/2021 16:00,5.659108811
6/7/2021 16:10,6.172724915
6/7/2021 16:20,4.997570145
6/7/2021 16:30,5.137234402
6/7/2021 16:40,4.857868791
6/7/2021 16:50,4.825867045
6/7/2021 17:00,5.524336779
6/7/2021 17:10,5.489792085
6/7/2021 17:20,6.042620349
6/7/2021 17:30,5.089305997
6/7/2021 17:40,5.200466969
6/7/2021 17:50,5.6037491
6/7/2021 18:00,5.692587304
6/7/2021 18:10,6.037812686
6/7/2021 18:20,5.939672709
6/7/2021 18:30,5.295832443
6/7/2021 18:40,4.808659625
6/7/2021 18:50,3.920722425
6/7/2021 19:00,4.075682163
6/7/2021 19:10,4.301921928
6/7/2021 19:20,3.566438615
6/7/2021 19:30,3.268863058
6/7/2021 19:40,3.131853247
6/7/2021 19:50,3.790357935
6/7/2021 20:00,4.247700858
6/7/2021 20:10,4.504754412
6/7/2021 20:20,4.926818265
6/7/2021 20:30,5.10674306
6/7/2021 20:40,4.689729619
6/7/2021 20:50,4.786848712
6/7/2021 21:00,4.791897702
6/7/2021 21:10,4.295777678
6/7/2021 21:20,4.418271649
6/7/2021 21:30,3.832550609
6/7/2021 21:40,4.169255686
6/7/2021 21:50,4.224943161
6/7/2021 22:00,3.973291397
6/7/2021 22:10,4.201090384
6/7/2021 22:20,4.233964527
6/7/2021 22:30,4.499426961
6/7/2021 22:40,4.713359833
6/7/2021 22:50,4.362398553
6/7/2021 23:00,4.598717725
6/7/2021 23:10,4.284473121
6/7/2021 23:20,4.133096015
6/7/2021 23:30,4.031317747
6/7/2021 23:40,3.897352254
6/7/2021 23:50,4.054056895
6/8/2021 0:00,4.035067427
6/8/2021 0:10,4.076406121
6/8/2021 0:20,3.770199049
6/8/2021 0:30,4.034492052
6/8/2021 0:40,4.456269121
6/8/2021 0:50,4.544440973
6/8/2021 1:00,4.790969539
6/8/2021 1:10,4.902474523
6/8/2021 1:20,4.372645116
6/8/2021 1:30,4.343520403
6/8/2021 1:40,4.128121233
6/8/2021 1:50,4.020440209
6/8/2021 2:00,3.601874292
6/8/2021 2:10,2.761290109
6/8/2021 2:20,3.229584837
6/8/2021 2:30,3.939452052
6/8/2021 2:40,4.849330032
6/8/2021 2:50,4.383207071
6/8/2021 3:00,3.723068893
6/8/2021 3:10,2.875412345
6/8/2021 3:20,3.015187979
6/8/2021 3:30,3.299769604
6/8/2021 3:40,2.460354751
6/8/2021 3:50,2.238850141
6/8/2021 4:00,2.679335506
6/8/2021 4:10,2.43669374
6/8/2021 4:20,2.400302911
6/8/2021 4:30,2.097996196
6/8/2021 4:40,2.083336616
6/8/2021 4:50,1.919625032
6/8/2021 5:00,1.615687543
6/8/2021 5:10,2.253281182
6/8/2021 5:20,2.174024874
6/8/2021 5:30,2.384681118
6/8/2021 5:40,2.147718894
6/8/2021 5:50,2.245912543
6/8/2021 6:00,2.295262581
6/8/2021 6:10,1.888968745
6/8/2021 6:20,1.691118687
6/8/2021 6:30,1.367643705
6/8/2021 6:40,0.870149945
6/8/2021 6:50,0.846243642
6/8/2021 7:00,1.300687508
6/8/2021 7:10,1.716112408
6/8/2021 7:20,1.380674984
6/8/2021 7:30,2.355825049
6/8/2021 7:40,2.345549965
6/8/2021 7:50,1.794150019
6/8/2021 8:00,2.573137486
6/8/2021 8:10,2.595789467
6/8/2021 8:20,2.835711598
6/8/2021 8:30,2.547238326
6/8/2021 8:40,2.711587477
6/8/2021 8:50,2.694824475
6/8/2021 9:00,2.342668602
6/8/2021 9:10,2.407793936
6/8/2021 9:20,2.789464486
6/8/2021 9:30,2.730754763
6/8/2021 9:40,3.333813196
6/8/2021 9:50,3.570188141
6/8/2021 10:00,3.770384759
6/8/2021 10:10,4.238883686
6/8/2021 10:20,4.595469284
6/8/2021 10:30,3.769939226
6/8/2021 10:40,4.321189845
6/8/2021 10:50,4.926661372
6/8/2021 11:00,4.680021524
6/8/2021 11:10,4.726223505
6/8/2021 11:20,3.848607075
6/8/2021 11:30,4.196338415
6/8/2021 11:40,3.75577606
6/8/2021 11:50,3.995714974
6/8/2021 12:00,4.332772797
6/8/2021 12:10,4.217388159
6/8/2021 12:20,4.217388344
6/8/2021 12:30,3.575255716
6/8/2021 12:40,3.336746192
6/8/2021 12:50,4.000066331
6/8/2021 13:00,3.962098253
6/8/2021 13:10,3.186789
6/8/2021 13:20,3.365573716
6/8/2021 13:30,3.621105123
6/8/2021 13:40,3.181266665
6/8/2021 13:50,2.765638688
6/8/2021 14:00,3.659492326
6/8/2021 14:10,3.571357667
6/8/2021 14:20,2.804503509
6/8/2021 14:30,3.501135671
6/8/2021 14:40,3.565548861
6/8/2021 14:50,3.092156543
6/8/2021 15:00,2.737237442
6/8/2021 15:10,3.573470092
6/8/2021 15:20,2.8247738
6/8/2021 15:30,3.968725026
6/8/2021 15:40,4.08355267
6/8/2021 15:50,4.074271369
6/8/2021 16:00,3.619564414
6/8/2021 16:10,2.929689056
6/8/2021 16:20,3.079544163
6/8/2021 16:30,3.171521425
6/8/2021 16:40,2.514157468
6/8/2021 16:50,4.462647069
6/8/2021 17:00,4.099646306
6/8/2021 17:10,4.139017391
6/8/2021 17:20,4.165580308
6/8/2021 17:30,2.685213774
6/8/2021 17:40,3.333416444
6/8/2021 17:50,4.028589094
6/8/2021 18:00,4.295981884
6/8/2021 18:10,3.352542806
6/8/2021 18:20,2.831289309
6/8/2021 18:30,3.115963757
6/8/2021 18:40,3.763906407
6/8/2021 18:50,4.378566337
6/8/2021 19:00,3.624817693
6/8/2021 19:10,3.156337202
6/8/2021 19:20,3.26687696
6/8/2021 19:30,3.446134901
6/8/2021 19:40,3.3856583
6/8/2021 19:50,3.384618783
6/8/2021 20:00,3.395495565
6/8/2021 20:10,3.769066763
6/8/2021 20:20,4.289255188
6/8/2021 20:30,4.490018656
6/8/2021 20:40,3.772333741
6/8/2021 20:50,3.560906887
6/8/2021 21:00,3.426384509
6/8/2021 21:10,3.542808366
6/8/2021 21:20,3.907747257
6/8/2021 21:30,4.353507102
6/8/2021 21:40,4.790932441
6/8/2021 21:50,4.535994935
6/8/2021 22:00,4.335464311
6/8/2021 22:10,4.846842575
6/8/2021 22:20,5.019214129
6/8/2021 22:30,5.099645472
6/8/2021 22:40,4.866203332
6/8/2021 22:50,4.584331727
6/8/2021 23:00,3.894289434
6/8/2021 23:10,4.556840658
6/8/2021 23:20,4.823045683
6/8/2021 23:30,5.142005038
6/8/2021 23:40,5.539279723
6/8/2021 23:50,5.205451703
6/9/2021 0:00,4.984557939
6/9/2021 0:10,5.250595617
6/9/2021 0:20,4.950495696
6/9/2021 0:30,4.910215044
6/9/2021 0:40,4.679063094
6/9/2021 0:50,4.657727885
6/9/2021 1:00,4.334331954
6/9/2021 1:10,4.31086899
6/9/2021 1:20,4.380961001
6/9/2021 1:30,4.175195682
6/9/2021 1:40,4.221007991
6/9/2021 1:50,4.356569922
6/9/2021 2:00,4.548988783
6/9/2021 2:10,4.246772742
6/9/2021 2:20,4.839918935
6/9/2021 2:30,5.520354572
6/9/2021 2:40,5.888106108
6/9/2021 2:50,5.626207805
6/9/2021 3:00,5.832734227
6/9/2021 3:10,5.074753106
6/9/2021 3:20,5.150933552
6/9/2021 3:30,4.24239198
6/9/2021 3:40,4.417176425
6/9/2021 3:50,4.378176749
6/9/2021 4:00,4.555234586
6/9/2021 4:10,4.75560801
6/9/2021 4:20,4.039503837
6/9/2021 4:30,3.985138303
6/9/2021 4:40,4.672318041
6/9/2021 4:50,5.297725868
6/9/2021 5:00,5.804946184
6/9/2021 5:10,6.061665463
6/9/2021 5:20,5.728431487
6/9/2021 5:30,5.732737947
6/9/2021 5:40,4.976219328
6/9/2021 5:50,4.665728295
6/9/2021 6:00,4.437548273
6/9/2021 6:10,3.458060886
6/9/2021 6:20,3.834184086
6/9/2021 6:30,3.879253715
6/9/2021 6:40,3.419757617
6/9/2021 6:50,2.945615667
6/9/2021 7:00,2.68156783
6/9/2021 7:10,2.593827273
6/9/2021 7:20,2.783323795
6/9/2021 7:30,3.552386701
6/9/2021 7:40,3.146072167
6/9/2021 7:50,3.435071695
6/9/2021 8:00,4.034176421
6/9/2021 8:10,4.114941883
6/9/2021 8:20,4.906706762
6/9/2021 8:30,4.778068554
6/9/2021 8:40,4.88888675
6/9/2021 8:50,5.263459456
6/9/2021 9:00,5.665170574
6/9/2021 9:10,5.498625742
6/9/2021 9:20,5.595616746
6/9/2021 9:30,4.769214284
6/9/2021 9:40,5.256479907
6/9/2021 9:50,4.65126822
6/9/2021 10:00,4.206826258
6/9/2021 10:10,4.831751382
6/9/2021 10:20,4.572544658
6/9/2021 10:30,5.37914089
6/9/2021 10:40,4.96181879
6/9/2021 10:50,5.16337049
6/9/2021 11:00,5.075476992
6/9/2021 11:10,4.245529044
6/9/2021 11:20,4.235078287
6/9/2021 11:30,4.915338254
6/9/2021 11:40,4.874463677
6/9/2021 11:50,5.560812187
6/9/2021 12:00,4.50758466
6/9/2021 12:10,5.753382495
6/9/2021 12:20,5.870434642
6/9/2021 12:30,4.739588571
6/9/2021 12:40,4.874612272
6/9/2021 12:50,5.109093666
6/9/2021 13:00,5.725888419
6/9/2021 13:10,4.87973547
6/9/2021 13:20,5.384004426
6/9/2021 13:30,5.025692344
6/9/2021 13:40,5.493504465
6/9/2021 13:50,4.445669925
6/9/2021 14:00,3.978903824
6/9/2021 14:10,5.645679879
6/9/2021 14:20,5.132816577
6/9/2021 14:30,5.938094902
6/9/2021 14:40,6.278935633
6/9/2021 14:50,7.083119392
6/9/2021 15:00,6.222490954
6/9/2021 15:10,6.731957316
6/9/2021 15:20,5.670349348
6/9/2021 15:30,5.386937344
6/9/2021 15:40,5.519157815
6/9/2021 15:50,6.485670137
6/9/2021 16:00,6.792656755
6/9/2021 16:10,6.450234389
6/9/2021 16:20,5.684364128
6/9/2021 16:30,6.141929626
6/9/2021 16:40,5.787126136
6/9/2021 16:50,6.729766965
6/9/2021 17:00,5.871158552
6/9/2021 17:10,5.500688255
6/9/2021 17:20,6.960981512
6/9/2021 17:30,6.09277631
6/9/2021 17:40,6.881701136
6/9/2021 17:50,5.633261502
6/9/2021 18:00,4.956342936
6/9/2021 18:10,4.913964641
6/9/2021 18:20,5.808881354
6/9/2021 18:30,6.092145085
6/9/2021 18:40,6.064353064
6/9/2021 18:50,5.222719124
6/9/2021 19:00,4.862206497
6/9/2021 19:10,5.2083287
6/9/2021 19:20,4.631833267
6/9/2021 19:30,4.964770317
6/9/2021 19:40,4.610931838
6/9/2021 19:50,4.518787622
6/9/2021 20:00,5.28049978
6/9/2021 20:10,5.83466475
6/9/2021 20:20,5.63311305
6/9/2021 20:30,5.675825405
6/9/2021 20:40,4.684940636
6/9/2021 20:50,5.451571846
6/9/2021 21:00,5.256869745
6/9/2021 21:10,5.301716697
6/9/2021 21:20,5.310069919
6/9/2021 21:30,4.865238202
6/9/2021 21:40,5.324492943
6/9/2021 21:50,5.776712513
6/9/2021 22:00,5.476167202
6/9/2021 22:10,4.926048815
6/9/2021 22:20,4.728413939
6/9/2021 22:30,4.628213608
6/9/2021 22:40,4.937780309
6/9/2021 22:50,5.856159997
6/9/2021 23:00,5.340679431
6/9/2021 23:10,5.339045954
6/9/2021 23:20,5.38621316
6/9/2021 23:30,5.691083694
6/9/2021 23:40,6.588413548
6/9/2021 23:50,7.312573934
6/10/2021 0:00,6.693143153
6/10/2021 0:10,6.214583397
6/10/2021 0:20,6.175639224
6/10/2021 0:30,6.524521422
6/10/2021 0:40,6.243076849
6/10/2021 0:50,6.309567666
6/10/2021 1:00,6.097902474
6/10/2021 1:10,5.943960738
6/10/2021 1:20,6.436516666
6/10/2021 1:30,5.613826585
6/10/2021 1:40,5.976407909
6/10/2021 1:50,6.088841009
6/10/2021 2:00,6.427643752
6/10/2021 2:10,6.294643331
6/10/2021 2:20,5.620341992
6/10/2021 2:30,5.171408045
6/10/2021 2:40,4.959145749
6/10/2021 2:50,4.909008503
6/10/2021 3:00,4.993337858
6/10/2021 3:10,5.908543396
6/10/2021 3:20,6.219335389
6/10/2021 3:30,6.801863718
6/10/2021 3:40,6.666394687
6/10/2021 3:50,6.887139821
6/10/2021 4:00,7.199082851
6/10/2021 4:10,8.07944634
6/10/2021 4:20,7.657205224
6/10/2021 4:30,7.60450635
6/10/2021 4:40,5.356104863
6/10/2021 4:50,6.056746507
6/10/2021 5:00,5.566585147
6/10/2021 5:10,5.828446293
6/10/2021 5:20,6.028939795
6/10/2021 5:30,5.953167641
6/10/2021 5:40,5.24170213
6/10/2021 5:50,4.192393341
6/10/2021 6:00,5.067272401
6/10/2021 6:10,5.435589468
6/10/2021 6:20,5.44579885
6/10/2021 6:30,6.117557204
6/10/2021 6:40,6.860911059
6/10/2021 6:50,5.797539663
6/10/2021 7:00,6.687258816
6/10/2021 7:10,8.001001287
6/10/2021 7:20,8.041894507
6/10/2021 7:30,5.845189595
6/10/2021 7:40,5.124333584
6/10/2021 7:50,5.952963591
6/10/2021 8:00,6.939504671
6/10/2021 8:10,4.93213838
6/10/2021 8:20,5.526081717
6/10/2021 8:30,4.757501304
6/10/2021 8:40,4.4415676
6/10/2021 8:50,4.658396137
6/10/2021 9:00,5.429129696
6/10/2021 9:10,5.200142682
6/10/2021 9:20,5.228079391
6/10/2021 9:30,4.820446694
6/10/2021 9:40,4.072693598
6/10/2021 9:50,4.234113061
6/10/2021 10:00,6.025468671
6/10/2021 10:10,4.429557717
6/10/2021 10:20,5.341013527
6/10/2021 10:30,5.23335104
6/10/2021 10:40,4.451071715
6/10/2021 10:50,3.33102892
6/10/2021 11:00,3.616506451
6/10/2021 11:10,3.528090289
6/10/2021 11:20,3.920285124
6/10/2021 11:30,5.171306133
6/10/2021 11:40,4.853785074
6/10/2021 11:50,4.464399469
6/10/2021 12:00,4.764759231
6/10/2021 12:10,5.189042306
6/10/2021 12:20,5.258707452
6/10/2021 12:30,4.856940711
6/10/2021 12:40,5.005589139
6/10/2021 12:50,4.801513076
6/10/2021 13:00,5.194277024
6/10/2021 13:10,5.46020335
6/10/2021 13:20,5.951258659
6/10/2021 13:30,5.525988936
6/10/2021 13:40,6.462615514
6/10/2021 13:50,5.356754518
6/10/2021 14:00,5.420962214
6/10/2021 14:10,6.182841599
6/10/2021 14:20,6.263124275
6/10/2021 14:30,5.456045461
6/10/2021 14:40,5.619748092
6/10/2021 14:50,5.876318932
6/10/2021 15:00,5.868991435
6/10/2021 15:10,5.752424955
6/10/2021 15:20,4.16320436
6/10/2021 15:30,6.50766685
6/10/2021 15:40,6.225405335
6/10/2021 15:50,5.836446667
6/10/2021 16:00,6.391391253
6/10/2021 16:10,5.834274828
6/10/2021 16:20,6.444999695
6/10/2021 16:30,5.37930795
6/10/2021 16:40,5.362508869
6/10/2021 16:50,5.293159389
6/10/2021 17:00,5.407838476
6/10/2021 17:10,5.966198492
6/10/2021 17:20,5.795256519
6/10/2021 17:30,4.966088235
6/10/2021 17:40,5.138440967
6/10/2021 17:50,5.522796142
6/10/2021 18:00,6.130643725
6/10/2021 18:10,5.062817395
6/10/2021 18:20,4.859093988
6/10/2021 18:30,5.455488515
6/10/2021 18:40,5.505309306
6/10/2021 18:50,5.137225673
6/10/2021 19:00,4.748350036
6/10/2021 19:10,6.047316694
6/10/2021 19:20,6.565990067
6/10/2021 19:30,5.624166059
6/10/2021 19:40,5.215531063
6/10/2021 19:50,5.531112051
6/10/2021 20:00,6.125706172
6/10/2021 20:10,5.963766837
6/10/2021 20:20,5.985020924
6/10/2021 20:30,6.10075524
6/10/2021 20:40,5.569090962
6/10/2021 20:50,5.832994103
6/10/2021 21:00,6.030350542
6/10/2021 21:10,5.815136886
6/10/2021 21:20,5.829058814
6/10/2021 21:30,5.825030732
6/10/2021 21:40,6.652008748
6/10/2021 21:50,6.712522435
6/10/2021 22:00,6.424525213
6/10/2021 22:10,6.585276532
6/10/2021 22:20,5.889943838
6/10/2021 22:30,6.472342229
6/10/2021 22:40,5.895549679
6/10/2021 22:50,6.32508595
6/10/2021 23:00,5.647814536
6/10/2021 23:10,6.098753309
6/10/2021 23:20,6.21215167
6/10/2021 23:30,6.615069366
6/10/2021 23:40,7.259188032
6/10/2021 23:50,7.102353597
6/11/2021 0:00,6.374072385
6/11/2021 0:10,6.470708776
6/11/2021 0:20,6.533060169
6/11/2021 0:30,6.703593898
6/11/2021 0:40,6.344168282
6/11/2021 0:50,5.970672107
6/11/2021 1:00,6.113566232
6/11/2021 1:10,6.00402894
6/11/2021 1:20,6.218574286
6/11/2021 1:30,7.131700826
6/11/2021 1:40,7.33904388
6/11/2021 1:50,7.397515893
6/11/2021 2:00,9.156925297
6/11/2021 2:10,8.775521731
6/11/2021 2:20,8.079557776
6/11/2021 2:30,7.915151571
6/11/2021 2:40,7.926565671
6/11/2021 2:50,7.561979628
6/11/2021 3:00,7.169067168
6/11/2021 3:10,8.045365572
6/11/2021 3:20,7.972749162
6/11/2021 3:30,6.657763004
6/11/2021 3:40,6.002543926
6/11/2021 3:50,6.579336572
6/11/2021 4:00,7.52806592
6/11/2021 4:10,6.618132138
6/11/2021 4:20,7.881421638
6/11/2021 4:30,7.176919174
6/11/2021 4:40,6.54774313
6/11/2021 4:50,6.943736959
6/11/2021 5:00,6.705153108
6/11/2021 5:10,7.378637815
6/11/2021 5:20,7.698488379
6/11/2021 5:30,6.958438516
6/11/2021 5:40,8.100978851
6/11/2021 5:50,8.705708003
6/11/2021 6:00,7.873179936
6/11/2021 6:10,8.66741364
6/11/2021 6:20,7.081730533
6/11/2021 6:30,8.707471442
6/11/2021 6:40,7.650294153
6/11/2021 6:50,9.046032953
6/11/2021 7:00,8.999106765
6/11/2021 7:10,9.064818096
6/11/2021 7:20,9.177882457
6/11/2021 7:30,8.510438408
6/11/2021 7:40,9.389476228
6/11/2021 7:50,8.962650156
6/11/2021 8:00,6.957306051
6/11/2021 8:10,8.099196815
6/11/2021 8:20,8.649500799
6/11/2021 8:30,8.860705853
6/11/2021 8:40,9.252823955
6/11/2021 8:50,7.979728532
6/11/2021 9:00,9.086758947
6/11/2021 9:10,8.146178579
6/11/2021 9:20,8.888622952
6/11/2021 9:30,7.526562262
6/11/2021 9:40,8.771790457
6/11/2021 9:50,9.465415525
6/11/2021 10:00,8.890312052
6/11/2021 10:10,8.22150526
6/11/2021 10:20,7.718554258
6/11/2021 10:30,7.872418761
6/11/2021 10:40,7.212503457
6/11/2021 10:50,9.458695769
6/11/2021 11:00,8.313649511
6/11/2021 11:10,7.960869145
6/11/2021 11:20,7.900516661
6/11/2021 11:30,8.269025302
6/11/2021 11:40,8.236355329
6/11/2021 11:50,7.153808665
6/11/2021 12:00,6.863119864
6/11/2021 12:10,5.617167878
6/11/2021 12:20,7.297501063
6/11/2021 12:30,7.755586457
6/11/2021 12:40,7.616961694
6/11/2021 12:50,7.338412857
6/11/2021 13:00,7.456191778
6/11/2021 13:10,7.709291577
6/11/2021 13:20,7.437722278
6/11/2021 13:30,8.021865487
6/11/2021 13:40,8.056855845
6/11/2021 13:50,7.299338722
6/11/2021 14:00,8.276487303
6/11/2021 14:10,7.677252698
6/11/2021 14:20,8.198116398
6/11/2021 14:30,7.465955758
6/11/2021 14:40,7.511823654
6/11/2021 14:50,7.984814668
6/11/2021 15:00,6.539204407
6/11/2021 15:10,6.19904654
6/11/2021 15:20,6.597323632
6/11/2021 15:30,6.733460903
6/11/2021 15:40,6.59854877
6/11/2021 15:50,7.570741034
6/11/2021 16:00,8.410304451
6/11/2021 16:10,7.445722604
6/11/2021 16:20,7.787903762
6/11/2021 16:30,8.404345727
6/11/2021 16:40,6.864567876
6/11/2021 16:50,6.894323611
6/11/2021 17:00,6.336854565
6/11/2021 17:10,8.124163413
6/11/2021 17:20,7.009299719
6/11/2021 17:30,6.45934844
6/11/2021 17:40,6.422631955
6/11/2021 17:50,5.983832979
6/11/2021 18:00,6.621696162
6/11/2021 18:10,6.501169801
6/11/2021 18:20,5.798876166
6/11/2021 18:30,5.269547915
6/11/2021 18:40,4.36228914
6/11/2021 18:50,4.836039329
6/11/2021 19:00,4.841626632
6/11/2021 19:10,5.363863981
6/11/2021 19:20,5.759672213
6/11/2021 19:30,5.473159969
6/11/2021 19:40,5.86607244
6/11/2021 19:50,5.278624988
6/11/2021 20:00,5.394919002
6/11/2021 20:10,5.850591278
6/11/2021 20:20,5.723066998
6/11/2021 20:30,5.201442194
6/11/2021 20:40,5.205026702
6/11/2021 20:50,5.799173152
6/11/2021 21:00,6.124592376
6/11/2021 21:10,6.459441304
6/11/2021 21:20,5.870137572
6/11/2021 21:30,5.11893177
6/11/2021 21:40,4.083905375
6/11/2021 21:50,4.946987319
6/11/2021 22:00,4.415951312
6/11/2021 22:10,4.094281816
6/11/2021 22:20,3.65405345
6/11/2021 22:30,3.399116111
6/11/2021 22:40,3.381073475
6/11/2021 22:50,3.88649317
6/11/2021 23:00,4.065082967
6/11/2021 23:10,4.371364176
6/11/2021 23:20,4.818961775
6/11/2021 23:30,4.809847581
6/11/2021 23:40,4.777864456
6/11/2021 23:50,4.945205343
6/12/2021 0:00,5.393359756
6/12/2021 0:10,4.695910931
6/12/2021 0:20,4.068702686
6/12/2021 0:30,3.980400908
6/12/2021 0:40,3.718335521
6/12/2021 0:50,4.544478142
6/12/2021 1:00,4.155519462
6/12/2021 1:10,4.294032884
6/12/2021 1:20,3.848662722
6/12/2021 1:30,3.637885618
6/12/2021 1:40,3.989849114
6/12/2021 1:50,4.103080451
6/12/2021 2:00,4.685107684
6/12/2021 2:10,4.802088475
6/12/2021 2:20,5.589899516
6/12/2021 2:30,5.198379254
6/12/2021 2:40,4.776230812
6/12/2021 2:50,5.01167767
6/12/2021 3:00,5.293883419
6/12/2021 3:10,5.014406347
6/12/2021 3:20,5.405388308
6/12/2021 3:30,5.287460709
6/12/2021 3:40,5.206361175
6/12/2021 3:50,5.841291547
6/12/2021 4:00,6.215474391
6/12/2021 4:10,6.229615772
6/12/2021 4:20,6.105231667
6/12/2021 4:30,5.537794685
6/12/2021 4:40,4.948787999
6/12/2021 4:50,4.931710386
6/12/2021 5:00,5.393768287
6/12/2021 5:10,5.154014969
6/12/2021 5:20,5.510786128
6/12/2021 5:30,4.823323977
6/12/2021 5:40,4.494433618
6/12/2021 5:50,4.636028415
6/12/2021 6:00,4.854026401
6/12/2021 6:10,4.003288388
6/12/2021 6:20,4.294793892
6/12/2021 6:30,3.578207123
6/12/2021 6:40,3.685962456
6/12/2021 6:50,3.367151546
6/12/2021 7:00,5.030555731
6/12/2021 7:10,4.629308683
6/12/2021 7:20,3.205435073
6/12/2021 7:30,4.021164131
6/12/2021 7:40,3.798655403
6/12/2021 7:50,3.198882443
6/12/2021 8:00,3.680727798
6/12/2021 8:10,3.168068683
6/12/2021 8:20,3.603934789
6/12/2021 8:30,4.343613255
6/12/2021 8:40,3.210224122
6/12/2021 8:50,4.492336106
6/12/2021 9:00,3.777011526
6/12/2021 9:10,3.305876684
6/12/2021 9:20,3.337896976
6/12/2021 9:30,3.988976693
6/12/2021 9:40,4.993857706
6/12/2021 9:50,6.298764324
6/12/2021 10:00,5.602187955
6/12/2021 10:10,5.181301856
6/12/2021 10:20,5.068794543
6/12/2021 10:30,5.656835949
6/12/2021 10:40,5.101223183
6/12/2021 10:50,5.068200409
6/12/2021 11:00,3.63821975
6/12/2021 11:10,3.204822397
6/12/2021 11:20,4.062045436
6/12/2021 11:30,3.116706306
6/12/2021 11:40,4.285883951
6/12/2021 11:50,4.239848882
6/12/2021 12:00,3.92137208
6/12/2021 12:10,3.19826979
6/12/2021 12:20,4.045054054
6/12/2021 12:30,4.047838449
6/12/2021 12:40,4.030371046
6/12/2021 12:50,4.193108499
6/12/2021 13:00,3.332978022
6/12/2021 13:10,3.068076903
6/12/2021 13:20,4.594039953
6/12/2021 13:30,3.975667405
6/12/2021 13:40,4.303221273
6/12/2021 13:50,2.342459148
6/12/2021 14:00,4.045862937
6/12/2021 14:10,3.457513809
6/12/2021 14:20,3.250838947
6/12/2021 14:30,3.459275717
6/12/2021 14:40,3.285138762
6/12/2021 14:50,3.281417915
6/12/2021 15:00,4.661898005
6/12/2021 15:10,2.852785596
6/12/2021 15:20,4.323178592
6/12/2021 15:30,3.188631008
6/12/2021 15:40,2.730587703
6/12/2021 15:50,3.821084291
6/12/2021 16:00,3.573391795
6/12/2021 16:10,3.38693912
6/12/2021 16:20,3.326128507
6/12/2021 16:30,3.202754486
6/12/2021 16:40,3.497441685
6/12/2021 16:50,3.417548746
6/12/2021 17:00,2.663075852
6/12/2021 17:10,2.916992283
6/12/2021 17:20,3.663557637
6/12/2021 17:30,2.523708671
6/12/2021 17:40,2.401794291
6/12/2021 17:50,3.044622642
6/12/2021 18:00,2.640093029
6/12/2021 18:10,2.58504054
6/12/2021 18:20,2.79243795
6/12/2021 18:30,1.722595304
6/12/2021 18:40,2.483306158
6/12/2021 18:50,2.531025094
6/12/2021 19:00,3.884891689
6/12/2021 19:10,4.199345553
6/12/2021 19:20,3.972901523
6/12/2021 19:30,3.733018458
6/12/2021 19:40,3.360376149
6/12/2021 19:50,2.977691662
6/12/2021 20:00,2.724629134
6/12/2021 20:10,2.100460136
6/12/2021 20:20,1.762237418
6/12/2021 20:30,3.843004805
6/12/2021 20:40,3.2363787
6/12/2021 20:50,4.672726417
6/12/2021 21:00,5.127489185
6/12/2021 21:10,5.17909286
6/12/2021 21:20,5.652715063
6/12/2021 21:30,5.733851743
6/12/2021 21:40,5.110615778
6/12/2021 21:50,4.606384146
6/12/2021 22:00,3.394401324
6/12/2021 22:10,2.237159461
6/12/2021 22:20,2.167160124
6/12/2021 22:30,1.657839429
6/12/2021 22:40,1.964887488
6/12/2021 22:50,2.648493791
6/12/2021 23:00,2.83658604
6/12/2021 23:10,2.575423861
6/12/2021 23:20,3.410179389
6/12/2021 23:30,3.598087561
6/12/2021 23:40,3.132632864
6/12/2021 23:50,2.579915833
6/13/2021 0:00,2.308086729
6/13/2021 0:10,2.454433376
6/13/2021 0:20,3.450571364
6/13/2021 0:30,4.144140697
6/13/2021 0:40,4.294237006
6/13/2021 0:50,4.313374984
6/13/2021 1:00,3.748749595
6/13/2021 1:10,4.30971818
6/13/2021 1:20,4.239514792
6/13/2021 1:30,4.904237962
6/13/2021 1:40,4.328874612
6/13/2021 1:50,3.808939004
6/13/2021 2:00,2.946098322
6/13/2021 2:10,2.63358013
6/13/2021 2:20,3.097159994
6/13/2021 2:30,2.752045888
6/13/2021 2:40,3.326388288
6/13/2021 2:50,2.447175491
6/13/2021 3:00,2.702799714
6/13/2021 3:10,2.546317714
6/13/2021 3:20,2.382633638
6/13/2021 3:30,2.751544768
6/13/2021 3:40,3.320151269
6/13/2021 3:50,3.756963944
6/13/2021 4:00,2.099499875
6/13/2021 4:10,2.429949522
6/13/2021 4:20,2.768385935
6/13/2021 4:30,3.234247346
6/13/2021 4:40,2.742040741
6/13/2021 4:50,2.328394008
6/13/2021 5:00,2.018233281
6/13/2021 5:10,1.311782509
6/13/2021 5:20,1.69226259
6/13/2021 5:30,0.974306199
6/13/2021 5:40,1.24828136
6/13/2021 5:50,2.097787613
6/13/2021 6:00,1.81070621
6/13/2021 6:10,1.399574995
6/13/2021 6:20,0.849150179
6/13/2021 6:30,0.5057625
6/13/2021 6:40,0.478649978
6/13/2021 6:50,0.712912378
6/13/2021 7:00,0.904706171
6/13/2021 7:10,1.754737461
6/13/2021 7:20,1.465593797
6/13/2021 7:30,1.447856292
6/13/2021 7:40,0.849056377
6/13/2021 7:50,0.973499983
6/13/2021 8:00,1.207668729
6/13/2021 8:10,1.794787544
6/13/2021 8:20,1.733381155
6/13/2021 8:30,1.732518768
6/13/2021 8:40,1.653881279
6/13/2021 8:50,1.493587571
6/13/2021 9:00,1.657818711
6/13/2021 9:10,2.220468712
6/13/2021 9:20,1.313962597
6/13/2021 9:30,1.428018789
6/13/2021 9:40,1.37640008
6/13/2021 9:50,1.301368392
6/13/2021 10:00,1.655118871
6/13/2021 10:10,1.128824976
6/13/2021 10:20,2.144831316
6/13/2021 10:30,1.95933734
6/13/2021 10:40,2.223112458
6/13/2021 10:50,1.971393812
6/13/2021 11:00,1.518206301
6/13/2021 11:10,1.34430006
6/13/2021 11:20,1.663856265
6/13/2021 11:30,2.634131175
6/13/2021 11:40,1.339406292
6/13/2021 11:50,1.881262477
6/13/2021 12:00,1.603425008
6/13/2021 12:10,1.814775014
6/13/2021 12:20,2.146968834
6/13/2021 12:30,2.049693805
6/13/2021 12:40,2.872668821
6/13/2021 12:50,2.411772156
6/13/2021 13:00,2.538825011
6/13/2021 13:10,2.646768726
6/13/2021 13:20,3.233589098
6/13/2021 13:30,1.416832335
6/13/2021 13:40,2.82874198
6/13/2021 13:50,2.655843937
6/13/2021 14:00,2.318287486
6/13/2021 14:10,2.477984732
6/13/2021 14:20,2.060922851
6/13/2021 14:30,2.712976003
6/13/2021 14:40,1.649424076
6/13/2021 14:50,2.815976808
6/13/2021 15:00,2.094425973
6/13/2021 15:10,2.582407951
6/13/2021 15:20,2.982879502
6/13/2021 15:30,3.271666026
6/13/2021 15:40,2.549473411
6/13/2021 15:50,2.87775007
6/13/2021 16:00,2.994517767
6/13/2021 16:10,2.003288746
6/13/2021 16:20,1.192649986
6/13/2021 16:30,1.700793849
6/13/2021 16:40,1.210200086
6/13/2021 16:50,1.934025057
6/13/2021 17:00,2.365893662
6/13/2021 17:10,2.351306212
6/13/2021 17:20,2.428049994
6/13/2021 17:30,2.462587458
6/13/2021 17:40,2.210606295
6/13/2021 17:50,2.890522331
6/13/2021 18:00,2.429405743
6/13/2021 18:10,3.164037287
6/13/2021 18:20,2.979622269
6/13/2021 18:30,2.709110749
6/13/2021 18:40,3.06731143
6/13/2021 18:50,3.452761662
6/13/2021 19:00,3.356348109
6/13/2021 19:10,4.084295201
6/13/2021 19:20,4.190472722
6/13/2021 19:30,4.141238953
6/13/2021 19:40,3.852189589
6/13/2021 19:50,4.177479017
6/13/2021 20:00,4.259543717
6/13/2021 20:10,4.458719277
6/13/2021 20:20,4.62719264
6/13/2021 20:30,4.648353815
6/13/2021 20:40,4.762327564
6/13/2021 20:50,5.164187193
6/13/2021 21:00,5.407244611
6/13/2021 21:10,4.845209181
6/13/2021 21:20,3.855698061
6/13/2021 21:30,3.998944747
6/13/2021 21:40,4.799378347
6/13/2021 21:50,4.450032234
6/13/2021 22:00,4.480697298
6/13/2021 22:10,5.622012687
6/13/2021 22:20,5.716180229
6/13/2021 22:30,5.767607187
6/13/2021 22:40,5.18844837
6/13/2021 22:50,5.247365689
6/13/2021 23:00,5.830803776
6/13/2021 23:10,6.084293151
6/13/2021 23:20,5.800769544
6/13/2021 23:30,6.143210578
6/13/2021 23:40,6.842163062
6/13/2021 23:50,6.690340257
6/14/2021 0:00,6.668046665
6/14/2021 0:10,6.610038757
6/14/2021 0:20,6.576607776
6/14/2021 0:30,6.500947022
6/14/2021 0:40,6.965380812
6/14/2021 0:50,6.355676866
6/14/2021 1:00,5.645809793
6/14/2021 1:10,6.135247278
6/14/2021 1:20,5.978784013
6/14/2021 1:30,6.294290709
6/14/2021 1:40,6.077963257
6/14/2021 1:50,5.242799377
6/14/2021 2:00,4.932898402
6/14/2021 2:10,5.142803192
6/14/2021 2:20,5.408061314
6/14/2021 2:30,5.574251413
6/14/2021 2:40,5.763737416
6/14/2021 2:50,6.531649446
6/14/2021 3:00,5.948471332
6/14/2021 3:10,6.676214218
6/14/2021 3:20,5.900858569
6/14/2021 3:30,5.807786107
6/14/2021 3:40,6.22113595
6/14/2021 3:50,6.892096043
6/14/2021 4:00,5.806356907
6/14/2021 4:10,4.906855226
6/14/2021 4:20,4.782059503
6/14/2021 4:30,4.567674955
6/14/2021 4:40,4.95478363
6/14/2021 4:50,5.209906614
6/14/2021 5:00,5.167212915
6/14/2021 5:10,4.827296376
6/14/2021 5:20,5.160270452
6/14/2021 5:30,4.672299433
6/14/2021 5:40,4.468910193
6/14/2021 5:50,4.30080812
6/14/2021 6:00,4.48819654
6/14/2021 6:10,4.39685061
6/14/2021 6:20,5.324121714
6/14/2021 6:30,5.450736582
6/14/2021 6:40,5.715846145
6/14/2021 6:50,5.858876103
6/14/2021 7:00,5.914130735
6/14/2021 7:10,5.37050935
6/14/2021 7:20,5.129605258
6/14/2021 7:30,4.637810349
6/14/2021 7:40,4.960060245
6/14/2021 7:50,5.352679589
6/14/2021 8:00,5.085630631
6/14/2021 8:10,5.241370046
6/14/2021 8:20,4.466534209
6/14/2021 8:30,3.873128152
6/14/2021 8:40,4.531595683
6/14/2021 8:50,4.989941049
6/14/2021 9:00,5.81090467
6/14/2021 9:10,3.589493155
6/14/2021 9:20,3.528051269
6/14/2021 9:30,3.6276577
6/14/2021 9:40,3.022449869
6/14/2021 9:50,3.524158016
6/14/2021 10:00,3.934755695
6/14/2021 10:10,3.234875154
6/14/2021 10:20,2.915693036
6/14/2021 10:30,3.300196552
6/14/2021 10:40,3.463411784
6/14/2021 10:50,4.175563753
6/14/2021 11:00,4.713062692
6/14/2021 11:10,3.851707065
6/14/2021 11:20,4.157319999
6/14/2021 11:30,3.700385475
6/14/2021 11:40,3.681897336
6/14/2021 11:50,3.841256374
6/14/2021 12:00,4.252657032
6/14/2021 12:10,3.851465797
6/14/2021 12:20,3.259804589
6/14/2021 12:30,4.504240751
6/14/2021 12:40,2.595827645
6/14/2021 12:50,3.533190846
6/14/2021 13:00,3.556154895
6/14/2021 13:10,3.932967851
6/14/2021 13:20,4.535790777
6/14/2021 13:30,3.307120395
6/14/2021 13:40,3.611768234
6/14/2021 13:50,4.108593476
6/14/2021 14:00,2.895231348
6/14/2021 14:10,3.01355316
6/14/2021 14:20,3.759135854
6/14/2021 14:30,3.184284759
6/14/2021 14:40,4.057138193
6/14/2021 14:50,4.085334682
6/14/2021 15:00,4.433752823
6/14/2021 15:10,3.931173086
6/14/2021 15:20,4.471528572
6/14/2021 15:30,5.038333452
6/14/2021 15:40,4.980362713
6/14/2021 15:50,5.428888464
6/14/2021 16:00,5.921908474
6/14/2021 16:10,5.9419559
6/14/2021 16:20,5.685626364
6/14/2021 16:30,6.108888483
6/14/2021 16:40,3.406977318
6/14/2021 16:50,3.310201788
6/14/2021 17:00,4.419905168
6/14/2021 17:10,5.218649566
6/14/2021 17:20,4.192403054
6/14/2021 17:30,5.634412396
6/14/2021 17:40,4.569853055
6/14/2021 17:50,4.863456082
6/14/2021 18:00,3.758096361
6/14/2021 18:10,2.935369176
6/14/2021 18:20,2.966071504
6/14/2021 18:30,2.539041251
6/14/2021 18:40,2.658232074
6/14/2021 18:50,2.558828926
6/14/2021 19:00,2.923266423
6/14/2021 19:10,2.71365869
6/14/2021 19:20,4.212840462
6/14/2021 19:30,5.021163118
6/14/2021 19:40,5.864030528
6/14/2021 19:50,6.794995689
6/14/2021 20:00,5.792212319
6/14/2021 20:10,6.354748774
6/14/2021 20:20,6.159192848
6/14/2021 20:30,5.626931739
6/14/2021 20:40,4.924545264
6/14/2021 20:50,5.185496974
6/14/2021 21:00,5.172336149
6/14/2021 21:10,4.660660839
6/14/2021 21:20,4.27975837
6/14/2021 21:30,5.170795393
6/14/2021 21:40,4.933529556
6/14/2021 21:50,4.550882125
6/14/2021 22:00,4.64484551
6/14/2021 22:10,4.952017891
6/14/2021 22:20,6.075568914
6/14/2021 22:30,6.829057789
6/14/2021 22:40,6.496789026
6/14/2021 22:50,6.452350402
6/14/2021 23:00,6.429611325
6/14/2021 23:10,6.27238698
6/14/2021 23:20,6.378434539
6/14/2021 23:30,6.020642328
6/14/2021 23:40,6.290225506
6/14/2021 23:50,4.888032794
6/15/2021 0:00,4.373406112
6/15/2021 0:10,3.929966486
6/15/2021 0:20,5.851203775
6/15/2021 0:30,6.377636385
6/15/2021 0:40,6.366795778
6/15/2021 0:50,5.774021006
6/15/2021 1:00,5.825402021
6/15/2021 1:10,5.820891285
6/15/2021 1:20,5.431635642
6/15/2021 1:30,5.228097904
6/15/2021 1:40,5.414910841
6/15/2021 1:50,4.602448785
6/15/2021 2:00,5.271367097
6/15/2021 2:10,5.571188569
6/15/2021 2:20,5.715679026
6/15/2021 2:30,5.51787703
6/15/2021 2:40,4.606142783
6/15/2021 2:50,4.756461883
6/15/2021 3:00,5.046074033
6/15/2021 3:10,4.749909401
6/15/2021 3:20,4.510917127
6/15/2021 3:30,4.390223753
6/15/2021 3:40,4.48756541
6/15/2021 3:50,4.574066687
6/15/2021 4:00,4.89441843
6/15/2021 4:10,5.320780444
6/15/2021 4:20,5.180540752
6/15/2021 4:30,4.871507343
6/15/2021 4:40,4.53486169
6/15/2021 4:50,4.723866081
6/15/2021 5:00,5.151490545
6/15/2021 5:10,4.87325716
6/15/2021 5:20,4.983295703
6/15/2021 5:30,5.023279285
6/15/2021 5:40,4.186110437
6/15/2021 5:50,3.193313742
6/15/2021 6:00,2.962168499
6/15/2021 6:10,2.836208367
6/15/2021 6:20,2.060768068
6/15/2021 6:30,2.511656177
6/15/2021 6:40,3.025516742
6/15/2021 6:50,2.265416116
6/15/2021 7:00,2.5203563
6/15/2021 7:10,2.607149953
6/15/2021 7:20,2.471099952
6/15/2021 7:30,2.275912547
6/15/2021 7:40,2.372531351
6/15/2021 7:50,1.630237512
6/15/2021 8:00,1.501256239
6/15/2021 8:10,1.458895851
6/15/2021 8:20,1.218789489
6/15/2021 8:30,1.511418796
6/15/2021 8:40,1.515449995
6/15/2021 8:50,1.324649954
6/15/2021 9:00,1.596337441
6/15/2021 9:10,1.223756301
6/15/2021 9:20,1.781343737
6/15/2021 9:30,1.172960543
6/15/2021 9:40,0.664181134
6/15/2021 9:50,1.572487473
6/15/2021 10:00,0.938212511
6/15/2021 10:10,1.1098312
6/15/2021 10:20,1.545581159
6/15/2021 10:30,1.265981241
6/15/2021 10:40,1.130887419
6/15/2021 10:50,1.269449997
6/15/2021 11:00,1.181924997
6/15/2021 11:10,2.796217046
6/15/2021 11:20,2.270418763
6/15/2021 11:30,1.7939625
6/15/2021 11:40,3.247265615
6/15/2021 11:50,3.250202644
6/15/2021 12:00,2.685787699
6/15/2021 12:10,3.476019263
6/15/2021 12:20,2.506885862
6/15/2021 12:30,3.21369375
6/15/2021 12:40,3.852530426
6/15/2021 12:50,3.322694361
6/15/2021 13:00,3.61813513
6/15/2021 13:10,3.472844929
6/15/2021 13:20,3.527791429
6/15/2021 13:30,2.430083171
6/15/2021 13:40,3.61217913
6/15/2021 13:50,3.584147155
6/15/2021 14:00,4.151342916
6/15/2021 14:10,3.605586803
6/15/2021 14:20,2.605853692
6/15/2021 14:30,3.765935963
6/15/2021 14:40,4.300993764
6/15/2021 14:50,3.46003834
6/15/2021 15:00,4.054669416
6/15/2021 15:10,3.608668214
6/15/2021 15:20,3.323622495
6/15/2021 15:30,4.305560124
6/15/2021 15:40,3.332977909
6/15/2021 15:50,4.274820566
6/15/2021 16:00,3.678351897
6/15/2021 16:10,2.948956954
6/15/2021 16:20,3.118542972
6/15/2021 16:30,3.685359257
6/15/2021 16:40,4.157152879
6/15/2021 16:50,3.743376279
6/15/2021 17:00,3.393695807
6/15/2021 17:10,3.023095602
6/15/2021 17:20,3.791341746
6/15/2021 17:30,4.408637774
6/15/2021 17:40,4.264889729
6/15/2021 17:50,3.674565053
6/15/2021 18:00,3.910141885
6/15/2021 18:10,3.943832731
6/15/2021 18:20,3.269308543
6/15/2021 18:30,3.330360615
6/15/2021 18:40,3.53261764
6/15/2021 18:50,3.43418076
6/15/2021 19:00,4.132223511
6/15/2021 19:10,4.224571943
6/15/2021 19:20,3.741854167
6/15/2021 19:30,3.514463544
6/15/2021 19:40,3.768380022
6/15/2021 19:50,3.554020214
6/15/2021 20:00,3.699977124
6/15/2021 20:10,3.924100745
6/15/2021 20:20,3.508040869
6/15/2021 20:30,3.028757179
6/15/2021 20:40,2.795278037
6/15/2021 20:50,2.878549421
6/15/2021 21:00,3.077910721
6/15/2021 21:10,3.344542468
6/15/2021 21:20,4.030241239
6/15/2021 21:30,4.285920978
6/15/2021 21:40,3.865350473
6/15/2021 21:50,3.508337939
6/15/2021 22:00,3.471212912
6/15/2021 22:10,3.24452765
6/15/2021 22:20,3.458924615
6/15/2021 22:30,4.586874938
6/15/2021 22:40,5.373794889
6/15/2021 22:50,5.370509386
6/15/2021 23:00,5.345654225
6/15/2021 23:10,5.278847742
6/15/2021 23:20,5.508261657
6/15/2021 23:30,5.171853447
6/15/2021 23:40,5.56086781
6/15/2021 23:50,5.759713198
6/16/2021 0:00,5.500929403
6/16/2021 0:10,5.387958121
6/16/2021 0:20,5.070706403
6/16/2021 0:30,4.727689946
6/16/2021 0:40,4.557119119
6/16/2021 0:50,4.800009441
6/16/2021 1:00,4.728525257
6/16/2021 1:10,4.600388384
6/16/2021 1:20,5.224478245
6/16/2021 1:30,5.875289164
6/16/2021 1:40,6.333197737
6/16/2021 1:50,6.225683737
6/16/2021 2:00,5.054686975
6/16/2021 2:10,4.965883946
6/16/2021 2:20,4.707679629
6/16/2021 2:30,5.153346634
6/16/2021 2:40,5.347194886
6/16/2021 2:50,5.248386645
6/16/2021 3:00,5.409472108
6/16/2021 3:10,5.444982171
6/16/2021 3:20,5.356420434
6/16/2021 3:30,5.955358076
6/16/2021 3:40,5.736988735
6/16/2021 3:50,4.767840719
6/16/2021 4:00,5.317290664
6/16/2021 4:10,5.982050943
6/16/2021 4:20,6.747308588
6/16/2021 4:30,5.977031131
6/16/2021 4:40,5.886231327
6/16/2021 4:50,5.738993573
6/16/2021 5:00,4.302385974
6/16/2021 5:10,3.818869996
6/16/2021 5:20,4.352337682
6/16/2021 5:30,4.437651014
6/16/2021 5:40,5.075514114
6/16/2021 5:50,4.558251452
6/16/2021 6:00,3.395756304
6/16/2021 6:10,3.632168353
6/16/2021 6:20,3.606052876
6/16/2021 6:30,2.975093001
6/16/2021 6:40,2.951871282
6/16/2021 6:50,2.508608116
6/16/2021 7:00,2.347968781
6/16/2021 7:10,2.05213127
6/16/2021 7:20,2.645748055
6/16/2021 7:30,3.496643531
6/16/2021 7:40,4.542584801
6/16/2021 7:50,4.553361336
6/16/2021 8:00,4.6486323
6/16/2021 8:10,3.895158843
6/16/2021 8:20,3.671613634
6/16/2021 8:30,3.109999895
6/16/2021 8:40,3.710000038
6/16/2021 8:50,4.849999905
6/16/2021 9:00,4.610000134
6/16/2021 9:10,4.429999828
6/16/2021 9:20,4.070000172
6/16/2021 9:30,4.630000114
6/16/2021 9:40,4.559999943
6/16/2021 9:50,4.460000038
6/16/2021 10:00,4.360000134
6/16/2021 10:10,4.090000153
6/16/2021 10:20,4.900000095
6/16/2021 10:30,3.420000076
6/16/2021 10:40,4.119999886
6/16/2021 10:50,3.589999914
6/16/2021 11:00,4.5
6/16/2021 11:10,4.309999943
6/16/2021 11:20,3.450000048
6/16/2021 11:30,4.840000153
6/16/2021 11:40,4.949999809
6/16/2021 11:50,4.670000076
6/16/2021 12:00,4.960000038
6/16/2021 12:10,4.039999962
6/16/2021 12:20,4.5
6/16/2021 12:30,5.179999828
6/16/2021 12:40,5.409999847
6/16/2021 12:50,5.480000019
6/16/2021 13:00,5.239999771
6/16/2021 13:10,4.960000038
6/16/2021 13:20,4.809999943
6/16/2021 13:30,4.659999847
6/16/2021 13:40,5.46999979
6/16/2021 13:50,5.150000095
6/16/2021 14:00,5.050000191
6/16/2021 14:10,5.860000134
6/16/2021 14:20,6.269999981
6/16/2021 14:30,5.800000191
6/16/2021 14:40,5.659999847
6/16/2021 14:50,5.449999809
6/16/2021 15:00,4.369999886
6/16/2021 15:10,6.110000134
6/16/2021 15:20,5.909999847
6/16/2021 15:30,6.320000172
6/16/2021 15:40,6.139999866
6/16/2021 15:50,5.940000057
6/16/2021 16:00,5.179999828
6/16/2021 16:10,4.639999866
6/16/2021 16:20,6.360000134
6/16/2021 16:30,6.230000019
6/16/2021 16:40,5.050000191
6/16/2021 16:50,4.460000038
6/16/2021 17:00,4.519999981
6/16/2021 17:10,4.610000134
6/16/2021 17:20,4.059999943
6/16/2021 17:30,3.640000105
6/16/2021 17:40,3.619999886
6/16/2021 17:50,3.329999924
6/16/2021 18:00,4.079999924
6/16/2021 18:10,3.839999914
6/16/2021 18:20,3.339999914
6/16/2021 18:30,3.5
6/16/2021 18:40,4.059999943
6/16/2021 18:50,2.849999905
6/16/2021 19:00,2.25
6/16/2021 19:10,2.869999886
6/16/2021 19:20,2.720000029
6/16/2021 19:30,2.849999905
6/16/2021 19:40,2.49000001
6/16/2021 19:50,2.519999981
6/16/2021 20:00,2.920000076
6/16/2021 20:10,2.619999886
6/16/2021 20:20,2.410000086
6/16/2021 20:30,2.119999886
6/16/2021 20:40,1.620000005
6/16/2021 20:50,1.399999976
6/16/2021 21:00,1.50999999
6/16/2021 21:10,1.639999986
6/16/2021 21:20,1.659999967
6/16/2021 21:30,1.360000014
6/16/2021 21:40,1.059999943
6/16/2021 21:50,1.190000057
6/16/2021 22:00,1.419999957
6/16/2021 22:10,1.659999967
6/16/2021 22:20,1.389999986
6/16/2021 22:30,1.950000048
6/16/2021 22:40,2.319999933
6/16/2021 22:50,2.589999914
6/16/2021 23:00,3.529999971
6/16/2021 23:10,3.910000086
6/16/2021 23:20,1.710000038
6/16/2021 23:30,1.090000033
6/16/2021 23:40,1.700000048
6/16/2021 23:50,3.940000057
6/17/2021 0:00,3.920000076
6/17/2021 0:10,4.570000172
6/17/2021 0:20,5.210000038
6/17/2021 0:30,3.390000105
6/17/2021 0:40,1.75
6/17/2021 0:50,1.74000001
6/17/2021 1:00,2.910000086
6/17/2021 1:10,3.99000001
6/17/2021 1:20,2.599999905
6/17/2021 1:30,2.519999981
6/17/2021 1:40,3.130000114
6/17/2021 1:50,2.75
6/17/2021 2:00,3.549999952
6/17/2021 2:10,3.230000019
6/17/2021 2:20,3.269999981
6/17/2021 2:30,2.450000048
6/17/2021 2:40,2.470000029
6/17/2021 2:50,2.609999895
6/17/2021 3:00,4.440000057
6/17/2021 3:10,5.230000019
6/17/2021 3:20,4.309999943
6/17/2021 3:30,4.590000153
6/17/2021 3:40,4.03000021
6/17/2021 3:50,2.019999981
6/17/2021 4:00,2.49000001
6/17/2021 4:10,3.569999933
6/17/2021 4:20,5.559999943
6/17/2021 4:30,6.079999924
6/17/2021 4:40,6.579999924
6/17/2021 4:50,4.820000172
6/17/2021 5:00,4.300000191
6/17/2021 5:10,3.579999924
6/17/2021 5:20,4.46999979
6/17/2021 5:30,4.920000076
6/17/2021 5:40,4.179999828
6/17/2021 5:50,3.650000095
6/17/2021 6:00,4.449999809
6/17/2021 6:10,5.03000021
6/17/2021 6:20,4.420000076
6/17/2021 6:30,4
6/17/2021 6:40,3.599999905
6/17/2021 6:50,3.140000105
6/17/2021 7:00,3.690000057
6/17/2021 7:10,4.599999905
6/17/2021 7:20,4.010000229
6/17/2021 7:30,3.00999999
6/17/2021 7:40,2.349999905
6/17/2021 7:50,2.900000095
6/17/2021 8:00,3.74000001
6/17/2021 8:10,3.50999999
6/17/2021 8:20,4.170000076
6/17/2021 8:30,3.470000029
6/17/2021 8:40,2.99000001
6/17/2021 8:50,2.710000038
6/17/2021 9:00,3.220000029
6/17/2021 9:10,2.599999905
6/17/2021 9:20,3.480000019
6/17/2021 9:30,3.930000067
6/17/2021 9:40,4.71999979
6/17/2021 9:50,3.930000067
6/17/2021 10:00,2.890000105
6/17/2021 10:10,2.569999933
6/17/2021 10:20,3.650000095
6/17/2021 10:30,2.900000095
6/17/2021 10:40,2.25999999
6/17/2021 10:50,2.440000057
6/17/2021 11:00,2.920000076
6/17/2021 11:10,2.75999999
6/17/2021 11:20,2.75999999
6/17/2021 11:30,2.630000114
6/17/2021 11:40,2.900000095
6/17/2021 11:50,2.970000029
6/17/2021 12:00,2.579999924
6/17/2021 12:10,3.119999886
6/17/2021 12:20,3.819999933
6/17/2021 12:30,4.090000153
6/17/2021 12:40,3.150000095
6/17/2021 12:50,3.269999981
6/17/2021 13:00,3.160000086
6/17/2021 13:10,2.359999895
6/17/2021 13:20,2.380000114
6/17/2021 13:30,3.029999971
6/17/2021 13:40,2.670000076
6/17/2021 13:50,2.690000057
6/17/2021 14:00,2.609999895
6/17/2021 14:10,2.900000095
6/17/2021 14:20,2.769999981
6/17/2021 14:30,3.359999895
6/17/2021 14:40,3.49000001
6/17/2021 14:50,3.5
6/17/2021 15:00,2.970000029
6/17/2021 15:10,2.779999971
6/17/2021 15:20,2.279999971
6/17/2021 15:30,3.099999905
6/17/2021 15:40,3.059999943
6/17/2021 15:50,2.319999933
6/17/2021 16:00,2.640000105
6/17/2021 16:10,3.109999895
6/17/2021 16:20,2.339999914
6/17/2021 16:30,2.730000019
6/17/2021 16:40,2.200000048
6/17/2021 16:50,2.579999924
6/17/2021 17:00,3.819999933
6/17/2021 17:10,3.130000114
6/17/2021 17:20,2.829999924
6/17/2021 17:30,3.079999924
6/17/2021 17:40,3.99000001
6/17/2021 17:50,2.779999971
6/17/2021 18:00,2.680000067
6/17/2021 18:10,2.160000086
6/17/2021 18:20,1.909999967
6/17/2021 18:30,2.299999952
6/17/2021 18:40,2.549999952
6/17/2021 18:50,2.49000001
6/17/2021 19:00,2.069999933
6/17/2021 19:10,1.769999981
6/17/2021 19:20,2.170000076
6/17/2021 19:30,2.910000086
6/17/2021 19:40,2.890000105
6/17/2021 19:50,3.49000001
6/17/2021 20:00,3.50999999
6/17/2021 20:10,3.140000105
6/17/2021 20:20,2.349999905
6/17/2021 20:30,2.319999933
6/17/2021 20:40,2.970000029
6/17/2021 20:50,1.950000048
6/17/2021 21:00,1.840000033
6/17/2021 21:10,2.099999905
6/17/2021 21:20,2.269999981
6/17/2021 21:30,2.369999886
6/17/2021 21:40,1.99000001
6/17/2021 21:50,2.130000114
6/17/2021 22:00,1.440000057
6/17/2021 22:10,2.039999962
6/17/2021 22:20,1.440000057
6/17/2021 22:30,1.74000001
6/17/2021 22:40,2.609999895
6/17/2021 22:50,2.869999886
6/17/2021 23:00,2.579999924
6/17/2021 23:10,2.960000038
6/17/2021 23:20,3.720000029
6/17/2021 23:30,3.180000067
6/17/2021 23:40,2.819999933
6/17/2021 23:50,2.380000114
6/18/2021 0:00,2.630000114
6/18/2021 0:10,3.160000086
6/18/2021 0:20,2.50999999
6/18/2021 0:30,2.279999971
6/18/2021 0:40,2.710000038
6/18/2021 0:50,2.569999933
6/18/2021 1:00,3.349999905
6/18/2021 1:10,3.849999905
6/18/2021 1:20,3.809999943
6/18/2021 1:30,3.859999895
6/18/2021 1:40,2.809999943
6/18/2021 1:50,2.910000086
6/18/2021 2:00,2.549999952
6/18/2021 2:10,2.519999981
6/18/2021 2:20,1.940000057
6/18/2021 2:30,3.220000029
6/18/2021 2:40,4.110000134
6/18/2021 2:50,4.769999981
6/18/2021 3:00,4.96999979
6/18/2021 3:10,5.269999981
6/18/2021 3:20,4.989999771
6/18/2021 3:30,4.71999979
6/18/2021 3:40,4.28000021
6/18/2021 3:50,2.930000067
6/18/2021 4:00,3.74000001
6/18/2021 4:10,5.239999771
6/18/2021 4:20,5.610000134
6/18/2021 4:30,3.960000038
6/18/2021 4:40,4.550000191
6/18/2021 4:50,3.74000001
6/18/2021 5:00,5.159999847
6/18/2021 5:10,5.860000134
6/18/2021 5:20,4.929999828
6/18/2021 5:30,4.519999981
6/18/2021 5:40,5.28000021
6/18/2021 5:50,5.579999924
6/18/2021 6:00,5.610000134
6/18/2021 6:10,5.929999828
6/18/2021 6:20,5.670000076
6/18/2021 6:30,4.860000134
6/18/2021 6:40,4.519999981
6/18/2021 6:50,4.659999847
6/18/2021 7:00,5.440000057
6/18/2021 7:10,5.349999905
6/18/2021 7:20,5.269999981
6/18/2021 7:30,5.909999847
6/18/2021 7:40,5.46999979
6/18/2021 7:50,4.599999905
6/18/2021 8:00,5.920000076
6/18/2021 8:10,6.179999828
6/18/2021 8:20,6.349999905
6/18/2021 8:30,5.170000076
6/18/2021 8:40,5.789999962
6/18/2021 8:50,6.150000095
6/18/2021 9:00,7.199999809
6/18/2021 9:10,8.43999958
6/18/2021 9:20,8.319999695
6/18/2021 9:30,8.779999733
6/18/2021 9:40,8.659999847
6/18/2021 9:50,7.289999962
6/18/2021 10:00,7.460000038
6/18/2021 10:10,7.860000134
6/18/2021 10:20,6.960000038
6/18/2021 10:30,7.96999979
6/18/2021 10:40,6.420000076
6/18/2021 10:50,7.070000172
6/18/2021 11:00,7.53000021
6/18/2021 11:10,8.010000229
6/18/2021 11:20,8.670000076
6/18/2021 11:30,7.599999905
6/18/2021 11:40,6.929999828
6/18/2021 11:50,6.960000038
6/18/2021 12:00,8.130000114
6/18/2021 12:10,7.150000095
6/18/2021 12:20,6.670000076
6/18/2021 12:30,7.070000172
6/18/2021 12:40,8.369999886
6/18/2021 12:50,6.900000095
6/18/2021 13:00,4.760000229
6/18/2021 13:10,5.300000191
6/18/2021 13:20,5.309999943
6/18/2021 13:30,6.730000019
6/18/2021 13:40,6.920000076
6/18/2021 13:50,6.300000191
6/18/2021 14:00,6.260000229
6/18/2021 14:10,6.559999943
6/18/2021 14:20,7.420000076
6/18/2021 14:30,7.130000114
6/18/2021 14:40,5.849999905
6/18/2021 14:50,5.78000021
6/18/2021 15:00,7.619999886
6/18/2021 15:10,6.760000229
6/18/2021 15:20,9.880000114
6/18/2021 15:30,6.389999866
6/18/2021 15:40,6.489999771
6/18/2021 15:50,7.940000057
6/18/2021 16:00,7.099999905
6/18/2021 16:10,7.539999962
6/18/2021 16:20,8.880000114
6/18/2021 16:30,8.449999809
6/18/2021 16:40,8.489999771
6/18/2021 16:50,7.670000076
6/18/2021 17:00,7.75
6/18/2021 17:10,8.43999958
6/18/2021 17:20,8.569999695
6/18/2021 17:30,8.510000229
6/18/2021 17:40,8.649999619
6/18/2021 17:50,8.670000076
6/18/2021 18:00,7.929999828
6/18/2021 18:10,8.210000038
6/18/2021 18:20,7.28000021
6/18/2021 18:30,7.920000076
6/18/2021 18:40,8.430000305
6/18/2021 18:50,6.849999905
6/18/2021 19:00,6.610000134
6/18/2021 19:10,6.329999924
6/18/2021 19:20,6.050000191
6/18/2021 19:30,5.860000134
6/18/2021 19:40,5.550000191
6/18/2021 19:50,6.760000229
6/18/2021 20:00,6.889999866
6/18/2021 20:10,6.210000038
6/18/2021 20:20,6.769999981
6/18/2021 20:30,6.269999981
6/18/2021 20:40,6.670000076
6/18/2021 20:50,6.710000038
6/18/2021 21:00,7.440000057
6/18/2021 21:10,7.170000076
6/18/2021 21:20,6.769999981
6/18/2021 21:30,6.559999943
6/18/2021 21:40,6.71999979
6/18/2021 21:50,6.289999962
6/18/2021 22:00,7.559999943
6/18/2021 22:10,6.769999981
6/18/2021 22:20,6.880000114
6/18/2021 22:30,7.179999828
6/18/2021 22:40,6.78000021
6/18/2021 22:50,6.75
6/18/2021 23:00,7.25
6/18/2021 23:10,6.880000114
6/18/2021 23:20,6.639999866
6/18/2021 23:30,5.550000191
6/18/2021 23:40,5.590000153
6/18/2021 23:50,5.96999979
6/19/2021 0:00,5.420000076
6/19/2021 0:10,5.429999828
6/19/2021 0:20,4.619999886
6/19/2021 0:30,4.650000095
6/19/2021 0:40,4.809999943
6/19/2021 0:50,4.679999828
6/19/2021 1:00,4.199999809
6/19/2021 1:10,4.230000019
6/19/2021 1:20,4.199999809
6/19/2021 1:30,4.590000153
6/19/2021 1:40,4.590000153
6/19/2021 1:50,4.570000172
6/19/2021 2:00,4.400000095
6/19/2021 2:10,4.079999924
6/19/2021 2:20,4.320000172
6/19/2021 2:30,4.710000038
6/19/2021 2:40,4.429999828
6/19/2021 2:50,4.010000229
6/19/2021 3:00,3.200000048
6/19/2021 3:10,2.920000076
6/19/2021 3:20,2.089999914
6/19/2021 3:30,2.519999981
6/19/2021 3:40,2.50999999
6/19/2021 3:50,3.650000095
6/19/2021 4:00,3.730000019
6/19/2021 4:10,3.839999914
6/19/2021 4:20,3.829999924
6/19/2021 4:30,4.550000191
6/19/2021 4:40,2.730000019
6/19/2021 4:50,2.519999981
6/19/2021 5:00,2.769999981
6/19/2021 5:10,1.779999971
6/19/2021 5:20,1.529999971
6/19/2021 5:30,1.690000057
6/19/2021 5:40,1.970000029
6/19/2021 5:50,2.130000114
6/19/2021 6:00,1.909999967
6/19/2021 6:10,2.579999924
6/19/2021 6:20,2.269999981
6/19/2021 6:30,2.319999933
6/19/2021 6:40,2.50999999
6/19/2021 6:50,2.430000067
6/19/2021 7:00,2.109999895
6/19/2021 7:10,2.069999933
6/19/2021 7:20,2.380000114
6/19/2021 7:30,2.809999943
6/19/2021 7:40,2.720000029
6/19/2021 7:50,2.74000001
6/19/2021 8:00,2.529999971
6/19/2021 8:10,2.359999895
6/19/2021 8:20,2.059999943
6/19/2021 8:30,2.069999933
6/19/2021 8:40,2.369999886
6/19/2021 8:50,2.029999971
6/19/2021 9:00,2.5
6/19/2021 9:10,2.599999905
6/19/2021 9:20,2.079999924
6/19/2021 9:30,1.889999986
6/19/2021 9:40,1.75999999
6/19/2021 9:50,2.200000048
6/19/2021 10:00,2.829999924
6/19/2021 10:10,3.119999886
6/19/2021 10:20,2.970000029
6/19/2021 10:30,2.660000086
6/19/2021 10:40,2.25999999
6/19/2021 10:50,2.619999886
6/19/2021 11:00,2.690000057
6/19/2021 11:10,2.24000001
6/19/2021 11:20,1.679999948
6/19/2021 11:30,2.269999981
6/19/2021 11:40,2.660000086
6/19/2021 11:50,2.589999914
6/19/2021 12:00,2.829999924
6/19/2021 12:10,2.420000076
6/19/2021 12:20,3.460000038
6/19/2021 12:30,2.99000001
6/19/2021 12:40,3.069999933
6/19/2021 12:50,3.269999981
6/19/2021 13:00,3.410000086
6/19/2021 13:10,3.75
6/19/2021 13:20,3.599999905
6/19/2021 13:30,3.269999981
6/19/2021 13:40,3.25999999
6/19/2021 13:50,5.320000172
6/19/2021 14:00,4.449999809
6/19/2021 14:10,3.940000057
6/19/2021 14:20,3.960000038
6/19/2021 14:30,4.159999847
6/19/2021 14:40,3.599999905
6/19/2021 14:50,3.799999952
6/19/2021 15:00,4.360000134
6/19/2021 15:10,5.230000019
6/19/2021 15:20,4.550000191
6/19/2021 15:30,4.360000134
6/19/2021 15:40,4.940000057
6/19/2021 15:50,5.599999905
6/19/2021 16:00,4.690000057
6/19/2021 16:10,4.340000153
6/19/2021 16:20,5.199999809
6/19/2021 16:30,4.820000172
6/19/2021 16:40,5.139999866
6/19/2021 16:50,5.599999905
6/19/2021 17:00,5.900000095
6/19/2021 17:10,6.349999905
6/19/2021 17:20,4.820000172
6/19/2021 17:30,5.130000114
6/19/2021 17:40,5.139999866
6/19/2021 17:50,4.829999924
6/19/2021 18:00,4.760000229
6/19/2021 18:10,4.380000114
6/19/2021 18:20,5.110000134
6/19/2021 18:30,4.940000057
6/19/2021 18:40,4.170000076
6/19/2021 18:50,4.210000038
6/19/2021 19:00,5.170000076
6/19/2021 19:10,4.329999924
6/19/2021 19:20,4.449999809
6/19/2021 19:30,4.960000038
6/19/2021 19:40,5.320000172
6/19/2021 19:50,4.409999847
6/19/2021 20:00,4.71999979
6/19/2021 20:10,4.909999847
6/19/2021 20:20,4.300000191
6/19/2021 20:30,4.789999962
6/19/2021 20:40,5.550000191
6/19/2021 20:50,5.130000114
6/19/2021 21:00,5.699999809
6/19/2021 21:10,4.610000134
6/19/2021 21:20,3.849999905
6/19/2021 21:30,4.940000057
6/19/2021 21:40,4.769999981
6/19/2021 21:50,4.46999979
6/19/2021 22:00,3.720000029
6/19/2021 22:10,4.420000076
6/19/2021 22:20,3.970000029
6/19/2021 22:30,5.369999886
6/19/2021 22:40,4.269999981
6/19/2021 22:50,4.480000019
6/19/2021 23:00,3.589999914
6/19/2021 23:10,3.890000105
6/19/2021 23:20,3.200000048
6/19/2021 23:30,5.369999886
6/19/2021 23:40,5.079999924
6/19/2021 23:50,2.75
6/20/2021 0:00,3.339999914
6/20/2021 0:10,3.779999971
6/20/2021 0:20,3.670000076
6/20/2021 0:30,4.639999866
6/20/2021 0:40,4.739999771
6/20/2021 0:50,5.349999905
6/20/2021 1:00,5.309999943
6/20/2021 1:10,4.139999866
6/20/2021 1:20,4.53000021
6/20/2021 1:30,3.970000029
6/20/2021 1:40,3.769999981
6/20/2021 1:50,3.75
6/20/2021 2:00,3.670000076
6/20/2021 2:10,4.190000057
6/20/2021 2:20,3.950000048
6/20/2021 2:30,4.260000229
6/20/2021 2:40,3.720000029
6/20/2021 2:50,4.03000021
6/20/2021 3:00,4.820000172
6/20/2021 3:10,4.610000134
6/20/2021 3:20,4.880000114
6/20/2021 3:30,5.579999924
6/20/2021 3:40,6.320000172
6/20/2021 3:50,5.510000229
6/20/2021 4:00,5.570000172
6/20/2021 4:10,6.239999771
6/20/2021 4:20,6
6/20/2021 4:30,5.199999809
6/20/2021 4:40,4.130000114
6/20/2021 4:50,4.099999905
6/20/2021 5:00,4.760000229
6/20/2021 5:10,5.420000076
6/20/2021 5:20,4.829999924
6/20/2021 5:30,4.519999981
6/20/2021 5:40,4.53000021
6/20/2021 5:50,5.010000229
6/20/2021 6:00,3.930000067
6/20/2021 6:10,4.449999809
6/20/2021 6:20,4.230000019
6/20/2021 6:30,4.739999771
6/20/2021 6:40,4.820000172
6/20/2021 6:50,4.389999866
6/20/2021 7:00,4.599999905
6/20/2021 7:10,4.420000076
6/20/2021 7:20,4.260000229
6/20/2021 7:30,4.039999962
6/20/2021 7:40,4.860000134
6/20/2021 7:50,4.480000019
6/20/2021 8:00,4.579999924
6/20/2021 8:10,5.880000114
6/20/2021 8:20,5.679999828
6/20/2021 8:30,6.489999771
6/20/2021 8:40,6.570000172
6/20/2021 8:50,6.070000172
6/20/2021 9:00,6.650000095
6/20/2021 9:10,6
6/20/2021 9:20,5.28000021
6/20/2021 9:30,4.989999771
6/20/2021 9:40,5.369999886
6/20/2021 9:50,5.190000057
6/20/2021 10:00,4.670000076
6/20/2021 10:10,5.550000191
6/20/2021 10:20,5.380000114
6/20/2021 10:30,5.329999924
6/20/2021 10:40,5.179999828
6/20/2021 10:50,4.170000076
6/20/2021 11:00,3.900000095
6/20/2021 11:10,3.420000076
6/20/2021 11:20,3.809999943
6/20/2021 11:30,4.980000019
6/20/2021 11:40,5.75
6/20/2021 11:50,5
6/20/2021 12:00,5.150000095
6/20/2021 12:10,4.590000153
6/20/2021 12:20,4.659999847
6/20/2021 12:30,4.869999886
6/20/2021 12:40,5.579999924
6/20/2021 12:50,5.329999924
6/20/2021 13:00,5.260000229
6/20/2021 13:10,5.53000021
6/20/2021 13:20,5.119999886
6/20/2021 13:30,5.099999905
6/20/2021 13:40,4.360000134
6/20/2021 13:50,4.78000021
6/20/2021 14:00,5.739999771
6/20/2021 14:10,5.670000076
6/20/2021 14:20,5.139999866
6/20/2021 14:30,5.150000095
6/20/2021 14:40,5.400000095
6/20/2021 14:50,4.53000021
6/20/2021 15:00,5.989999771
6/20/2021 15:10,5.670000076
6/20/2021 15:20,5.860000134
6/20/2021 15:30,4.96999979
6/20/2021 15:40,4.71999979
6/20/2021 15:50,4.929999828
6/20/2021 16:00,5.739999771
6/20/2021 16:10,4.949999809
6/20/2021 16:20,5.130000114
6/20/2021 16:30,6.289999962
6/20/2021 16:40,5.159999847
6/20/2021 16:50,5.53000021
6/20/2021 17:00,5.690000057
6/20/2021 17:10,5.679999828
6/20/2021 17:20,3.940000057
6/20/2021 17:30,5.940000057
6/20/2021 17:40,5.78000021
6/20/2021 17:50,5.730000019
6/20/2021 18:00,5.110000134
6/20/2021 18:10,5.480000019
6/20/2021 18:20,5.599999905
6/20/2021 18:30,5.519999981
6/20/2021 18:40,6.130000114
6/20/2021 18:50,5.840000153
6/20/2021 19:00,6.099999905
6/20/2021 19:10,6.659999847
6/20/2021 19:20,6.849999905
6/20/2021 19:30,7.050000191
6/20/2021 19:40,6.510000229
6/20/2021 19:50,6.639999866
6/20/2021 20:00,6.599999905
6/20/2021 20:10,6.690000057
6/20/2021 20:20,5.929999828
6/20/2021 20:30,5.429999828
6/20/2021 20:40,5.519999981
6/20/2021 20:50,5.769999981
6/20/2021 21:00,5.679999828
6/20/2021 21:10,5.96999979
6/20/2021 21:20,5.710000038
6/20/2021 21:30,4.420000076
6/20/2021 21:40,4.929999828
6/20/2021 21:50,4.710000038
6/20/2021 22:00,4.599999905
6/20/2021 22:10,4.610000134
6/20/2021 22:20,4.690000057
6/20/2021 22:30,4.699999809
6/20/2021 22:40,4.429999828
6/20/2021 22:50,4.550000191
6/20/2021 23:00,4.519999981
6/20/2021 23:10,4.679999828
6/20/2021 23:20,3.920000076
6/20/2021 23:30,3.339999914
6/20/2021 23:40,4.510000229
6/20/2021 23:50,5.190000057
6/21/2021 0:00,6.329999924
6/21/2021 0:10,5.710000038
6/21/2021 0:20,5.309999943
6/21/2021 0:30,5.010000229
6/21/2021 0:40,4.960000038
6/21/2021 0:50,5.460000038
6/21/2021 1:00,5.559999943
6/21/2021 1:10,5.559999943
6/21/2021 1:20,5.210000038
6/21/2021 1:30,4.880000114
6/21/2021 1:40,5.070000172
6/21/2021 1:50,5.340000153
6/21/2021 2:00,5.71999979
6/21/2021 2:10,3.769999981
6/21/2021 2:20,3.650000095
6/21/2021 2:30,3.769999981
6/21/2021 2:40,4.170000076
6/21/2021 2:50,4.519999981
6/21/2021 3:00,3.74000001
6/21/2021 3:10,3.839999914
6/21/2021 3:20,3.549999952
6/21/2021 3:30,3.640000105
6/21/2021 3:40,4.21999979
6/21/2021 3:50,3.440000057
6/21/2021 4:00,4.099999905
6/21/2021 4:10,3.130000114
6/21/2021 4:20,3.049999952
6/21/2021 4:30,3.140000105
6/21/2021 4:40,3.039999962
6/21/2021 4:50,2.720000029
6/21/2021 5:00,2.650000095
6/21/2021 5:10,2.400000095
6/21/2021 5:20,2.630000114
6/21/2021 5:30,3.220000029
6/21/2021 5:40,3.619999886
6/21/2021 5:50,3.809999943
6/21/2021 6:00,3.160000086
6/21/2021 6:10,3.349999905
6/21/2021 6:20,3.950000048
6/21/2021 6:30,5.130000114
6/21/2021 6:40,5.110000134
6/21/2021 6:50,5.670000076
6/21/2021 7:00,5.260000229
6/21/2021 7:10,5.71999979
6/21/2021 7:20,5.260000229
6/21/2021 7:30,5.889999866
6/21/2021 7:40,6.119999886
6/21/2021 7:50,7.809999943
6/21/2021 8:00,8.319999695
6/21/2021 8:10,7.119999886
6/21/2021 8:20,7.019999981
6/21/2021 8:30,6.71999979
6/21/2021 8:40,5.369999886
6/21/2021 8:50,4.619999886
6/21/2021 9:00,6.21999979
6/21/2021 9:10,6.570000172
6/21/2021 9:20,7.429999828
6/21/2021 9:30,7.809999943
6/21/2021 9:40,6.440000057
6/21/2021 9:50,5.599999905
6/21/2021 10:00,5.25
6/21/2021 10:10,7.190000057
6/21/2021 10:20,7.050000191
6/21/2021 10:30,7.21999979
6/21/2021 10:40,6.989999771
6/21/2021 10:50,6.079999924
6/21/2021 11:00,7.050000191
6/21/2021 11:10,6.71999979
6/21/2021 11:20,8.020000458
6/21/2021 11:30,6.550000191
6/21/2021 11:40,7.539999962
6/21/2021 11:50,8.970000267
6/21/2021 12:00,7.480000019
6/21/2021 12:10,7.670000076
6/21/2021 12:20,9.149999619
6/21/2021 12:30,8.510000229
6/21/2021 12:40,8.920000076
6/21/2021 12:50,7.989999771
6/21/2021 13:00,6.860000134
6/21/2021 13:10,8.109999657
6/21/2021 13:20,8.239999771
6/21/2021 13:30,7.440000057
6/21/2021 13:40,6.380000114
6/21/2021 13:50,7.28000021
6/21/2021 14:00,6.659999847
6/21/2021 14:10,7.440000057
6/21/2021 14:20,7.460000038
6/21/2021 14:30,7.480000019
6/21/2021 14:40,7.519999981
6/21/2021 14:50,8.779999733
6/21/2021 15:00,7.78000021
6/21/2021 15:10,6.75
6/21/2021 15:20,7.400000095
6/21/2021 15:30,7.510000229
6/21/2021 15:40,8.319999695
6/21/2021 15:50,9.109999657
6/21/2021 16:00,8.430000305
6/21/2021 16:10,7.059999943
6/21/2021 16:20,7.590000153
6/21/2021 16:30,7.980000019
6/21/2021 16:40,6.769999981
6/21/2021 16:50,6.110000134
6/21/2021 17:00,5.730000019
6/21/2021 17:10,7.550000191
6/21/2021 17:20,6.400000095
6/21/2021 17:30,6.409999847
6/21/2021 17:40,5.400000095
6/21/2021 17:50,6.400000095
6/21/2021 18:00,5.260000229
6/21/2021 18:10,5.289999962
6/21/2021 18:20,7.019999981
6/21/2021 18:30,8.899999619
6/21/2021 18:40,7.369999886
6/21/2021 18:50,7.849999905
6/21/2021 19:00,8.329999924
6/21/2021 19:10,6.960000038
6/21/2021 19:20,5.329999924
6/21/2021 19:30,8.020000458
6/21/2021 19:40,6.699999809
6/21/2021 19:50,6.420000076
6/21/2021 20:00,6.230000019
6/21/2021 20:10,6.949999809
6/21/2021 20:20,6.590000153
6/21/2021 20:30,6.360000134
6/21/2021 20:40,4.150000095
6/21/2021 20:50,5.369999886
6/21/2021 21:00,4.699999809
6/21/2021 21:10,5.070000172
6/21/2021 21:20,4.690000057
6/21/2021 21:30,5.659999847
6/21/2021 21:40,4.190000057
6/21/2021 21:50,4.440000057
6/21/2021 22:00,4.329999924
6/21/2021 22:10,5.809999943
6/21/2021 22:20,5.960000038
6/21/2021 22:30,6.760000229
6/21/2021 22:40,6.559999943
6/21/2021 22:50,5.53000021
6/21/2021 23:00,5.539999962
6/21/2021 23:10,6.190000057
6/21/2021 23:20,6.190000057
6/21/2021 23:30,5.53000021
6/21/2021 23:40,5.820000172
6/21/2021 23:50,6.190000057
6/22/2021 0:00,6.090000153
6/22/2021 0:10,6.440000057
6/22/2021 0:20,6.380000114
6/22/2021 0:30,6.239999771
6/22/2021 0:40,6.179999828
6/22/2021 0:50,6.570000172
6/22/2021 1:00,6.489999771
6/22/2021 1:10,6.840000153
6/22/2021 1:20,6.789999962
6/22/2021 1:30,6.739999771
6/22/2021 1:40,6.659999847
6/22/2021 1:50,6.429999828
6/22/2021 2:00,6.739999771
6/22/2021 2:10,6.929999828
6/22/2021 2:20,6.46999979
6/22/2021 2:30,6.440000057
6/22/2021 2:40,6.420000076
6/22/2021 2:50,6.429999828
6/22/2021 3:00,6.25
6/22/2021 3:10,5.949999809
6/22/2021 3:20,6.039999962
6/22/2021 3:30,5.880000114
6/22/2021 3:40,5.809999943
6/22/2021 3:50,5.679999828
6/22/2021 4:00,6.070000172
6/22/2021 4:10,5.940000057
6/22/2021 4:20,6.199999809
6/22/2021 4:30,6.849999905
6/22/2021 4:40,7.079999924
6/22/2021 4:50,7.199999809
6/22/2021 5:00,7.090000153
6/22/2021 5:10,6.71999979
6/22/2021 5:20,6.389999866
6/22/2021 5:30,6.28000021
6/22/2021 5:40,6.320000172
6/22/2021 5:50,6.53000021
6/22/2021 6:00,7.010000229
6/22/2021 6:10,6.820000172
6/22/2021 6:20,6.670000076
6/22/2021 6:30,6.599999905
6/22/2021 6:40,6.28000021
6/22/2021 6:50,6.179999828
6/22/2021 7:00,6.829999924
6/22/2021 7:10,7.71999979
6/22/2021 7:20,7.599999905
6/22/2021 7:30,6.960000038
6/22/2021 7:40,7.039999962
6/22/2021 7:50,6.820000172
6/22/2021 8:00,6.809999943
6/22/2021 8:10,7.5
6/22/2021 8:20,7.440000057
6/22/2021 8:30,7.75
6/22/2021 8:40,7.489999771
6/22/2021 8:50,7.25
6/22/2021 9:00,7.579999924
6/22/2021 9:10,7.539999962
6/22/2021 9:20,7.710000038
6/22/2021 9:30,6.840000153
6/22/2021 9:40,6.079999924
6/22/2021 9:50,7.170000076
6/22/2021 10:00,6.480000019
6/22/2021 10:10,7.400000095
6/22/2021 10:20,7.420000076
6/22/2021 10:30,6.599999905
6/22/2021 10:40,5.880000114
6/22/2021 10:50,5.590000153
6/22/2021 11:00,6.730000019
6/22/2021 11:10,6.25
6/22/2021 11:20,6.889999866
6/22/2021 11:30,5.860000134
6/22/2021 11:40,6.590000153
6/22/2021 11:50,6.849999905
6/22/2021 12:00,7.610000134
6/22/2021 12:10,6.210000038
6/22/2021 12:20,7.300000191
6/22/2021 12:30,7.550000191
6/22/2021 12:40,6.179999828
6/22/2021 12:50,6.199999809
6/22/2021 13:00,6.949999809
6/22/2021 13:10,6.889999866
6/22/2021 13:20,6.440000057
6/22/2021 13:30,5.349999905
6/22/2021 13:40,5.269999981
6/22/2021 13:50,4.53000021
6/22/2021 14:00,4.989999771
6/22/2021 14:10,5.21999979
6/22/2021 14:20,4.619999886
6/22/2021 14:30,4.840000153
6/22/2021 14:40,5.690000057
6/22/2021 14:50,4.519999981
6/22/2021 15:00,3.5
6/22/2021 15:10,3.630000114
6/22/2021 15:20,4.300000191
6/22/2021 15:30,3.75
6/22/2021 15:40,4.320000172
6/22/2021 15:50,4.599999905
6/22/2021 16:00,4.489999771
6/22/2021 16:10,5.329999924
6/22/2021 16:20,5.489999771
6/22/2021 16:30,4.940000057
6/22/2021 16:40,5.21999979
6/22/2021 16:50,4.739999771
6/22/2021 17:00,3.960000038
6/22/2021 17:10,5.360000134
6/22/2021 17:20,4.809999943
6/22/2021 17:30,2.299999952
6/22/2021 17:40,4.269999981
6/22/2021 17:50,6.21999979
6/22/2021 18:00,3.589999914
6/22/2021 18:10,3.440000057
6/22/2021 18:20,4.849999905
6/22/2021 18:30,5.579999924
6/22/2021 18:40,4.340000153
6/22/2021 18:50,3.279999971
6/22/2021 19:00,3.220000029
6/22/2021 19:10,4.210000038
6/22/2021 19:20,3.019999981
6/22/2021 19:30,2.430000067
6/22/2021 19:40,2.49000001
6/22/2021 19:50,2.549999952
6/22/2021 20:00,2.960000038
6/22/2021 20:10,2.769999981
6/22/2021 20:20,2.720000029
6/22/2021 20:30,3.019999981
6/22/2021 20:40,3.589999914
6/22/2021 20:50,3.410000086
6/22/2021 21:00,2.809999943
6/22/2021 21:10,3.519999981
6/22/2021 21:20,3.160000086
6/22/2021 21:30,2.769999981
6/22/2021 21:40,1.940000057
6/22/2021 21:50,2
6/22/2021 22:00,2.319999933
6/22/2021 22:10,1.980000019
6/22/2021 22:20,1.75
6/22/2021 22:30,1.950000048
6/22/2021 22:40,1.970000029
6/22/2021 22:50,2.440000057
6/22/2021 23:00,1.99000001
6/22/2021 23:10,1.769999981
6/22/2021 23:20,1.399999976
6/22/2021 23:30,1.139999986
6/22/2021 23:40,1.279999971
6/22/2021 23:50,0.949999988
6/23/2021 0:00,0.579999983
6/23/2021 0:10,0.879999995
6/23/2021 0:20,1.080000043
6/23/2021 0:30,0.860000014
6/23/2021 0:40,0.910000026
6/23/2021 0:50,0.889999986
6/23/2021 1:00,1.080000043
6/23/2021 1:10,0.910000026
6/23/2021 1:20,1.029999971
6/23/2021 1:30,1.190000057
6/23/2021 1:40,2.109999895
6/23/2021 1:50,2.410000086
6/23/2021 2:00,2.470000029
6/23/2021 2:10,3.039999962
6/23/2021 2:20,2.960000038
6/23/2021 2:30,3.579999924
6/23/2021 2:40,3.380000114
6/23/2021 2:50,3.390000105
6/23/2021 3:00,3.569999933
6/23/2021 3:10,3.180000067
6/23/2021 3:20,2.970000029
6/23/2021 3:30,2.74000001
6/23/2021 3:40,3
6/23/2021 3:50,3.779999971
6/23/2021 4:00,4.360000134
6/23/2021 4:10,4.559999943
6/23/2021 4:20,4.929999828
6/23/2021 4:30,5.210000038
6/23/2021 4:40,5.559999943
6/23/2021 4:50,5.829999924
6/23/2021 5:00,5.019999981
6/23/2021 5:10,3.970000029
6/23/2021 5:20,3.569999933
6/23/2021 5:30,3.700000048
6/23/2021 5:40,3.079999924
6/23/2021 5:50,3.099999905
6/23/2021 6:00,4.829999924
6/23/2021 6:10,3.309999943
6/23/2021 6:20,4.199999809
6/23/2021 6:30,3.680000067
6/23/2021 6:40,4
6/23/2021 6:50,3.25999999
6/23/2021 7:00,3.289999962
6/23/2021 7:10,3.25999999
6/23/2021 7:20,3.369999886
6/23/2021 7:30,3.420000076
6/23/2021 7:40,3.660000086
6/23/2021 7:50,3.099999905
6/23/2021 8:00,3.039999962
6/23/2021 8:10,2.640000105
6/23/2021 8:20,2.720000029
6/23/2021 8:30,2.670000076
6/23/2021 8:40,2.970000029
6/23/2021 8:50,2.809999943
6/23/2021 9:00,2.569999933
6/23/2021 9:10,2.579999924
6/23/2021 9:20,2.640000105
6/23/2021 9:30,2.829999924
6/23/2021 9:40,2.339999914
6/23/2021 9:50,2.349999905
6/23/2021 10:00,2.519999981
6/23/2021 10:10,2.569999933
6/23/2021 10:20,1.470000029
6/23/2021 10:30,2.769999981
6/23/2021 10:40,1.029999971
6/23/2021 10:50,1.789999962
6/23/2021 11:00,2.190000057
6/23/2021 11:10,2.279999971
6/23/2021 11:20,1.840000033
6/23/2021 11:30,2.190000057
6/23/2021 11:40,1.320000052
6/23/2021 11:50,1.590000033
6/23/2021 12:00,1.139999986
6/23/2021 12:10,2.619999886
6/23/2021 12:20,2.130000114
6/23/2021 12:30,1.580000043
6/23/2021 12:40,1.600000024
6/23/2021 12:50,1.450000048
6/23/2021 13:00,1.830000043
6/23/2021 13:10,2.200000048
6/23/2021 13:20,1.820000052
6/23/2021 13:30,2.380000114
6/23/2021 13:40,1.309999943
6/23/2021 13:50,1.480000019
6/23/2021 14:00,1.899999976
6/23/2021 14:10,3.25
6/23/2021 14:20,1.580000043
6/23/2021 14:30,2.279999971
6/23/2021 14:40,2.769999981
6/23/2021 14:50,2.690000057
6/23/2021 15:00,2.599999905
6/23/2021 15:10,2.769999981
6/23/2021 15:20,1.610000014
6/23/2021 15:30,1.74000001
6/23/2021 15:40,2.390000105
6/23/2021 15:50,2
6/23/2021 16:00,2.809999943
6/23/2021 16:10,2.019999981
6/23/2021 16:20,1.899999976
6/23/2021 16:30,0.920000017
6/23/2021 16:40,2.349999905
6/23/2021 16:50,1.860000014
6/23/2021 17:00,2.619999886
6/23/2021 17:10,2.519999981
6/23/2021 17:20,2.190000057
6/23/2021 17:30,1.830000043
6/23/2021 17:40,1.809999943
6/23/2021 17:50,1.139999986
6/23/2021 18:00,2.059999943
6/23/2021 18:10,1.590000033
6/23/2021 18:20,1.99000001
6/23/2021 18:30,0.939999998
6/23/2021 18:40,0.610000014
6/23/2021 18:50,1.74000001
6/23/2021 19:00,3.059999943
6/23/2021 19:10,1.909999967
6/23/2021 19:20,1.570000052
6/23/2021 19:30,1.950000048
6/23/2021 19:40,2.549999952
6/23/2021 19:50,2.880000114
6/23/2021 20:00,3.869999886
6/23/2021 20:10,3.49000001
6/23/2021 20:20,3.279999971
6/23/2021 20:30,3.359999895
6/23/2021 20:40,3.430000067
6/23/2021 20:50,3.359999895
6/23/2021 21:00,3.970000029
6/23/2021 21:10,3.200000048
6/23/2021 21:20,3.559999943
6/23/2021 21:30,3.230000019
6/23/2021 21:40,2.779999971
6/23/2021 21:50,3.440000057
6/23/2021 22:00,4.739999771
6/23/2021 22:10,5.190000057
6/23/2021 22:20,5.090000153
6/23/2021 22:30,4.920000076
6/23/2021 22:40,4.869999886
6/23/2021 22:50,3.900000095
6/23/2021 23:00,2.880000114
6/23/2021 23:10,3.079999924
6/23/2021 23:20,2.839999914
6/23/2021 23:30,2.619999886
6/23/2021 23:40,2.710000038
6/23/2021 23:50,2.190000057
6/24/2021 0:00,2.109999895
6/24/2021 0:10,1.879999995
6/24/2021 0:20,1.75
6/24/2021 0:30,2.619999886
6/24/2021 0:40,3.869999886
6/24/2021 0:50,4.199999809
6/24/2021 1:00,4.159999847
6/24/2021 1:10,4.369999886
6/24/2021 1:20,5.019999981
6/24/2021 1:30,4.800000191
6/24/2021 1:40,4.849999905
6/24/2021 1:50,5.400000095
6/24/2021 2:00,5.050000191
6/24/2021 2:10,4.460000038
6/24/2021 2:20,3.920000076
6/24/2021 2:30,3.670000076
6/24/2021 2:40,3.589999914
6/24/2021 2:50,3.269999981
6/24/2021 3:00,3.210000038
6/24/2021 3:10,2.789999962
6/24/2021 3:20,2.079999924
6/24/2021 3:30,2.700000048
6/24/2021 3:40,2.529999971
6/24/2021 3:50,3.299999952
6/24/2021 4:00,3.369999886
6/24/2021 4:10,3.099999905
6/24/2021 4:20,3.369999886
6/24/2021 4:30,3.789999962
6/24/2021 4:40,3.480000019
6/24/2021 4:50,3.230000019
6/24/2021 5:00,3.710000038
6/24/2021 5:10,3.019999981
6/24/2021 5:20,2.980000019
6/24/2021 5:30,3.130000114
6/24/2021 5:40,3.029999971
6/24/2021 5:50,3.210000038
6/24/2021 6:00,2.319999933
6/24/2021 6:10,2.470000029
6/24/2021 6:20,2.99000001
6/24/2021 6:30,2.819999933
6/24/2021 6:40,2.660000086
6/24/2021 7:00,3.599999905
6/24/2021 7:10,3.400000095
6/24/2021 7:20,2.960000038
6/24/2021 7:30,3.24000001
6/24/2021 7:40,3
6/24/2021 7:50,2.589999914
6/24/2021 8:00,3.140000105
6/24/2021 8:10,3.039999962
6/24/2021 8:20,2.890000105
6/24/2021 8:30,3.460000038
6/24/2021 8:40,3.579999924
6/24/2021 8:50,4.190000057
6/24/2021 9:00,4.340000153
6/24/2021 9:10,2.480000019
6/24/2021 9:20,2.589999914
6/24/2021 9:30,3.380000114
6/24/2021 9:40,4.28000021
6/24/2021 9:50,3.690000057
6/24/2021 10:00,3.339999914
6/24/2021 10:10,2.859999895
6/24/2021 10:20,3.529999971
6/24/2021 10:30,3.099999905
6/24/2021 10:40,2.730000019
6/24/2021 10:50,2.769999981
6/24/2021 11:00,1.950000048
6/24/2021 11:10,2.779999971
6/24/2021 11:20,2.900000095
6/24/2021 11:30,3.160000086
6/24/2021 11:40,2.549999952
6/24/2021 11:50,2.190000057
6/24/2021 12:00,2.880000114
6/24/2021 12:10,2.690000057
6/24/2021 12:20,2.539999962
6/24/2021 12:30,3.5
6/24/2021 12:40,2.619999886
6/24/2021 12:50,2.599999905
6/24/2021 13:00,3.049999952
6/24/2021 13:10,3.460000038
6/24/2021 13:20,4.599999905
6/24/2021 13:30,4.760000229
6/24/2021 13:40,3.400000095
6/24/2021 13:50,3.089999914
6/24/2021 14:00,2.75
6/24/2021 14:10,3.569999933
6/24/2021 14:20,4.070000172
6/24/2021 14:30,3.200000048
6/24/2021 14:40,3.99000001
6/24/2021 14:50,3.869999886
6/24/2021 15:00,3.299999952
6/24/2021 15:10,3.410000086
6/24/2021 15:20,3.839999914
6/24/2021 15:30,3.829999924
6/24/2021 15:40,3.640000105
6/24/2021 15:50,3.75999999
6/24/2021 16:00,4.130000114
6/24/2021 16:10,3.940000057
6/24/2021 16:20,3.069999933
6/24/2021 16:30,3.24000001
6/24/2021 16:40,3.890000105
6/24/2021 16:50,3.220000029
6/24/2021 17:00,2.640000105
6/24/2021 17:10,1.629999995
6/24/2021 17:20,2.210000038
6/24/2021 17:30,3.529999971
6/24/2021 17:40,3.190000057
6/24/2021 17:50,3.539999962
6/24/2021 18:00,3.680000067
6/24/2021 18:10,3.869999886
6/24/2021 18:20,4.460000038
6/24/2021 18:30,4
6/24/2021 18:40,3.680000067
6/24/2021 18:50,4.550000191
6/24/2021 19:00,4.170000076
6/24/2021 19:10,3.640000105
6/24/2021 19:20,3.329999924
6/24/2021 19:30,4.210000038
6/24/2021 19:40,4.960000038
6/24/2021 19:50,5.690000057
6/24/2021 20:00,5.380000114
6/24/2021 20:10,5.03000021
6/24/2021 20:20,5.210000038
6/24/2021 20:30,4.909999847
6/24/2021 20:40,5.150000095
6/24/2021 20:50,5.460000038
6/24/2021 21:00,6.400000095
6/24/2021 21:10,5.449999809
6/24/2021 21:20,5.449999809
6/24/2021 21:30,5.78000021
6/24/2021 21:40,6.269999981
6/24/2021 21:50,5.590000153
6/24/2021 22:00,5.119999886
6/24/2021 22:10,5.010000229
6/24/2021 22:20,4.840000153
6/24/2021 22:30,4.03000021
6/24/2021 22:40,4.179999828
6/24/2021 22:50,4.190000057
6/24/2021 23:00,4.349999905
6/24/2021 23:10,5.369999886
6/24/2021 23:20,5.610000134
6/24/2021 23:30,5.840000153
6/24/2021 23:40,5.360000134
6/24/2021 23:50,4.570000172
6/25/2021 0:00,4.420000076
6/25/2021 0:10,6.110000134
6/25/2021 0:20,6.610000134
6/25/2021 0:30,6.059999943
6/25/2021 0:40,5.809999943
6/25/2021 0:50,5.619999886
6/25/2021 1:00,5.380000114
6/25/2021 1:10,5.650000095
6/25/2021 1:20,5.909999847
6/25/2021 1:30,5.909999847
6/25/2021 1:40,5.920000076
6/25/2021 1:50,6.269999981
6/25/2021 2:00,5.809999943
6/25/2021 2:10,5.820000172
6/25/2021 2:20,5.590000153
6/25/2021 2:30,5.579999924
6/25/2021 2:40,5.949999809
6/25/2021 2:50,6.429999828
6/25/2021 3:00,6.610000134
6/25/2021 3:10,6.21999979
6/25/2021 3:20,5.860000134
6/25/2021 3:30,5.340000153
6/25/2021 3:40,5.119999886
6/25/2021 3:50,4.920000076
6/25/2021 4:00,5.159999847
6/25/2021 4:10,4.980000019
6/25/2021 4:20,5.059999943
6/25/2021 4:30,4.840000153
6/25/2021 4:40,4.75
6/25/2021 4:50,4.699999809
6/25/2021 5:00,4.579999924
6/25/2021 5:10,4.389999866
6/25/2021 5:20,4.760000229
6/25/2021 5:30,6.71999979
6/25/2021 5:40,7.539999962
6/25/2021 5:50,7.489999771
6/25/2021 6:00,7.460000038
6/25/2021 6:10,7.960000038
6/25/2021 6:20,7.099999905
6/25/2021 6:30,7.579999924
6/25/2021 6:40,8.430000305
6/25/2021 6:50,6.869999886
6/25/2021 7:00,6.210000038
6/25/2021 7:10,5.949999809
6/25/2021 7:20,5.619999886
6/25/2021 7:30,7.460000038
6/25/2021 7:40,5.699999809
6/25/2021 7:50,7.440000057
6/25/2021 8:00,7.190000057
6/25/2021 8:10,5.519999981
6/25/2021 8:20,5.519999981
6/25/2021 8:30,4.710000038
6/25/2021 8:40,6.190000057
6/25/2021 8:50,5.46999979
6/25/2021 9:00,4.159999847
6/25/2021 9:10,4.900000095
6/25/2021 9:20,5.519999981
6/25/2021 9:30,5.96999979
6/25/2021 9:40,5.590000153
6/25/2021 9:50,5.159999847
6/25/2021 10:00,4.139999866
6/25/2021 10:10,4.710000038
6/25/2021 10:20,4.900000095
6/25/2021 10:30,4.739999771
6/25/2021 10:40,4.96999979
6/25/2021 10:50,4.920000076
6/25/2021 11:00,4.909999847
6/25/2021 11:10,4.300000191
6/25/2021 11:20,4.050000191
6/25/2021 11:30,4.21999979
6/25/2021 11:40,3.720000029
6/25/2021 11:50,3.680000067
6/25/2021 12:00,3.150000095
6/25/2021 12:10,2.190000057
6/25/2021 12:20,2.779999971
6/25/2021 12:30,3.059999943
6/25/2021 12:40,4.610000134
6/25/2021 12:50,4.989999771
6/25/2021 13:00,4.239999771
6/25/2021 13:10,4.019999981
6/25/2021 13:20,3.849999905
6/25/2021 13:30,4.699999809
6/25/2021 13:40,4.090000153
6/25/2021 13:50,3.670000076
6/25/2021 14:00,3.029999971
6/25/2021 14:10,3.230000019
6/25/2021 14:20,2.940000057
6/25/2021 14:30,2.769999981
6/25/2021 14:40,3.140000105
6/25/2021 14:50,2.799999952
6/25/2021 15:00,3.079999924
6/25/2021 15:10,2.529999971
6/25/2021 15:20,2.279999971
6/25/2021 15:30,2.970000029
6/25/2021 15:40,2.99000001
6/25/2021 15:50,2.450000048
6/25/2021 16:00,2.74000001
6/25/2021 16:10,2.279999971
6/25/2021 16:20,1.720000029
6/25/2021 16:30,2.089999914
6/25/2021 16:40,2.069999933
6/25/2021 16:50,1.970000029
6/25/2021 17:00,1.909999967
6/25/2021 17:10,4.710000038
6/25/2021 17:20,4.619999886
6/25/2021 17:30,4.829999924
6/25/2021 17:40,4.300000191
6/25/2021 17:50,4.559999943
6/25/2021 18:00,5.869999886
6/25/2021 18:10,7.070000172
6/25/2021 18:20,5.679999828
6/25/2021 18:30,5.25
6/25/2021 18:40,4.119999886
6/25/2021 18:50,4.059999943
6/25/2021 19:00,6.820000172
6/25/2021 19:10,6.329999924
6/25/2021 19:20,4.760000229
6/25/2021 19:30,4.710000038
6/25/2021 19:40,6.079999924
6/25/2021 19:50,7.619999886
6/25/2021 20:00,6.190000057
6/25/2021 20:10,5.53000021
6/25/2021 20:20,5.789999962
6/25/2021 20:30,5.78000021
6/25/2021 20:40,5.03000021
6/25/2021 20:50,5.380000114
6/25/2021 21:00,5.650000095
6/25/2021 21:10,6.21999979
6/25/2021 21:20,5.889999866
6/25/2021 21:30,6.289999962
6/25/2021 21:40,5.809999943
6/25/2021 21:50,6.230000019
6/25/2021 22:00,6.110000134
6/25/2021 22:10,6.480000019
6/25/2021 22:20,6.190000057
6/25/2021 22:30,5.53000021
6/25/2021 22:40,6.21999979
6/25/2021 22:50,5.989999771
6/25/2021 23:00,6.150000095
6/25/2021 23:10,5.53000021
6/25/2021 23:20,5.739999771
6/25/2021 23:30,5.940000057
6/25/2021 23:40,6.489999771
6/25/2021 23:50,6.289999962
6/26/2021 0:00,6.130000114
6/26/2021 0:10,6.320000172
6/26/2021 0:20,6.059999943
6/26/2021 0:30,4.989999771
6/26/2021 0:40,5.829999924
6/26/2021 0:50,5.75
6/26/2021 1:00,5.699999809
6/26/2021 1:10,5.349999905
6/26/2021 1:20,5.039999962
6/26/2021 1:30,3.75
6/26/2021 1:40,3.74000001
6/26/2021 1:50,4.019999981
6/26/2021 2:00,3.470000029
6/26/2021 2:10,3.380000114
6/26/2021 2:20,3.339999914
6/26/2021 2:30,3.440000057
6/26/2021 2:40,4.96999979
6/26/2021 2:50,4.21999979
6/26/2021 3:00,3.700000048
6/26/2021 3:10,3.640000105
6/26/2021 3:20,4.360000134
6/26/2021 3:30,4.260000229
6/26/2021 3:40,3.589999914
6/26/2021 3:50,4.429999828
6/26/2021 4:00,4.929999828
6/26/2021 4:10,5.210000038
6/26/2021 4:20,4.699999809
6/26/2021 4:30,4.929999828
6/26/2021 4:40,5.46999979
6/26/2021 4:50,5.159999847
6/26/2021 5:00,5.929999828
6/26/2021 5:10,5.289999962
6/26/2021 5:20,5.699999809
6/26/2021 5:30,6.400000095
6/26/2021 5:40,5.900000095
6/26/2021 5:50,6.130000114
6/26/2021 6:00,5.820000172
6/26/2021 6:10,5.699999809
6/26/2021 6:20,5.940000057
6/26/2021 6:30,6.119999886
6/26/2021 6:40,6.019999981
6/26/2021 6:50,6.519999981
6/26/2021 7:00,6.03000021
6/26/2021 7:10,5.610000134
6/26/2021 7:20,5.510000229
6/26/2021 7:30,5.710000038
6/26/2021 7:40,5.400000095
6/26/2021 7:50,5.900000095
6/26/2021 8:00,5.590000153
6/26/2021 8:10,5.130000114
6/26/2021 8:20,5.309999943
6/26/2021 8:30,4.289999962
6/26/2021 8:40,5.019999981
6/26/2021 8:50,5.130000114
6/26/2021 9:00,5.150000095
6/26/2021 9:10,4.880000114
6/26/2021 9:20,5.940000057
6/26/2021 9:30,4.570000172
6/26/2021 9:40,4.420000076
6/26/2021 9:50,3.660000086
6/26/2021 10:00,4.059999943
6/26/2021 10:10,3.99000001
6/26/2021 10:20,4.360000134
6/26/2021 10:30,4.659999847
6/26/2021 10:40,5.860000134
6/26/2021 10:50,6.139999866
6/26/2021 11:00,6.230000019
6/26/2021 11:10,5.760000229
6/26/2021 11:20,4.980000019
6/26/2021 11:30,5.639999866
6/26/2021 11:40,5.800000191
6/26/2021 11:50,5.46999979
6/26/2021 12:00,5.809999943
6/26/2021 12:10,5.46999979
6/26/2021 12:20,5.849999905
6/26/2021 12:30,6.239999771
6/26/2021 12:40,5.480000019
6/26/2021 12:50,6.03000021
6/26/2021 13:00,5.820000172
6/26/2021 13:10,5.670000076
6/26/2021 13:20,6.110000134
6/26/2021 13:30,6.340000153
6/26/2021 13:40,6.510000229
6/26/2021 13:50,6.119999886
6/26/2021 14:00,5.400000095
6/26/2021 14:10,5.170000076
6/26/2021 14:20,5.369999886
6/26/2021 14:30,5.309999943
6/26/2021 14:40,4.199999809
6/26/2021 14:50,4.710000038
6/26/2021 15:00,4.150000095
6/26/2021 15:10,5.179999828
6/26/2021 15:20,5.28000021
6/26/2021 15:30,4.800000191
6/26/2021 15:40,4.480000019
6/26/2021 15:50,4.510000229
6/26/2021 16:00,5.340000153
6/26/2021 16:10,4.829999924
6/26/2021 16:20,6.260000229
6/26/2021 16:30,5.670000076
6/26/2021 16:40,5.429999828
6/26/2021 16:50,5.340000153
6/26/2021 17:00,6.309999943
6/26/2021 17:10,5.380000114
6/26/2021 17:20,5.489999771
6/26/2021 17:30,4.860000134
6/26/2021 17:40,5.949999809
6/26/2021 17:50,6.550000191
6/26/2021 18:00,6.610000134
6/26/2021 18:10,5.889999866
6/26/2021 18:20,5.590000153
6/26/2021 18:30,5.170000076
6/26/2021 18:40,7.130000114
6/26/2021 18:50,7.210000038
6/26/2021 19:00,6.690000057
6/26/2021 19:10,6.46999979
6/26/2021 19:20,7.059999943
6/26/2021 19:30,7.010000229
6/26/2021 19:40,6.860000134
6/26/2021 19:50,8.010000229
6/26/2021 20:00,7.71999979
6/26/2021 20:10,7.489999771
6/26/2021 20:20,6.860000134
6/26/2021 20:30,7.610000134
6/26/2021 20:40,7.739999771
6/26/2021 20:50,7.239999771
6/26/2021 21:00,7.590000153
6/26/2021 21:10,7.099999905
6/26/2021 21:20,6.710000038
6/26/2021 21:30,5.929999828
6/26/2021 21:40,5.760000229
6/26/2021 21:50,6.230000019
6/26/2021 22:00,6.880000114
6/26/2021 22:10,6.670000076
6/26/2021 22:20,6.489999771
6/26/2021 22:30,6.369999886
6/26/2021 22:40,5.960000038
6/26/2021 22:50,6.210000038
6/26/2021 23:00,6.860000134
6/26/2021 23:10,6.130000114
6/26/2021 23:20,6.010000229
6/26/2021 23:30,6.199999809
6/26/2021 23:40,5.710000038
6/26/2021 23:50,6.210000038
6/27/2021 0:00,6.309999943
6/27/2021 0:10,6.46999979
6/27/2021 0:20,5.440000057
6/27/2021 0:30,5.900000095
6/27/2021 0:40,5.300000191
6/27/2021 0:50,6.119999886
6/27/2021 1:00,6.760000229
6/27/2021 1:10,6.579999924
6/27/2021 1:20,7.369999886
6/27/2021 1:30,7.039999962
6/27/2021 1:40,5.480000019
6/27/2021 1:50,4.639999866
6/27/2021 2:00,5.03000021
6/27/2021 2:10,5.050000191
6/27/2021 2:20,4.489999771
6/27/2021 2:30,4.949999809
6/27/2021 2:40,4.869999886
6/27/2021 2:50,4.699999809
6/27/2021 3:00,5.300000191
6/27/2021 3:10,4.829999924
6/27/2021 3:20,5.940000057
6/27/2021 3:30,5.46999979
6/27/2021 3:40,4.21999979
6/27/2021 3:50,3.970000029
6/27/2021 4:00,4.179999828
6/27/2021 4:10,4.71999979
6/27/2021 4:20,4.139999866
6/27/2021 4:30,4.519999981
6/27/2021 4:40,5.489999771
6/27/2021 4:50,4.550000191
6/27/2021 5:00,4.170000076
6/27/2021 5:10,4.800000191
6/27/2021 5:20,5.420000076
6/27/2021 5:30,5.739999771
6/27/2021 5:40,4.739999771
6/27/2021 5:50,4.880000114
6/27/2021 6:00,5.449999809
6/27/2021 6:10,5.610000134
6/27/2021 6:20,6.309999943
6/27/2021 6:30,6.210000038
6/27/2021 6:40,5.590000153
6/27/2021 6:50,4.96999979
6/27/2021 7:00,5.849999905
6/27/2021 7:10,5.21999979
6/27/2021 7:20,6.150000095
6/27/2021 7:30,5.809999943
6/27/2021 7:40,6.579999924
6/27/2021 7:50,7.440000057
6/27/2021 8:00,8.68999958
6/27/2021 8:10,8.279999733
6/27/2021 8:20,8.840000153
6/27/2021 8:30,9.369999886
6/27/2021 8:40,9
6/27/2021 8:50,9.159999847
6/27/2021 9:00,7.820000172
6/27/2021 9:10,7.550000191
6/27/2021 9:20,7.650000095
6/27/2021 9:30,8.729999542
6/27/2021 9:40,8.270000458
6/27/2021 9:50,8.159999847
6/27/2021 10:00,8.68999958
6/27/2021 10:10,8.909999847
6/27/2021 10:20,8
6/27/2021 10:30,9.079999924
6/27/2021 10:40,8.989999771
6/27/2021 10:50,9
6/27/2021 11:00,7.53000021
6/27/2021 11:10,7.860000134
6/27/2021 11:20,8.56000042
6/27/2021 11:30,6.789999962
6/27/2021 11:40,8.43999958
6/27/2021 11:50,8.819999695
6/27/2021 12:00,7.369999886
6/27/2021 12:10,7.559999943
6/27/2021 12:20,7.360000134
6/27/2021 12:30,7.480000019
6/27/2021 12:40,9.050000191
6/27/2021 12:50,8.050000191
6/27/2021 13:00,8.010000229
6/27/2021 13:10,8.880000114
6/27/2021 13:20,9.279999733
6/27/2021 13:30,7.559999943
6/27/2021 13:40,7.409999847
6/27/2021 13:50,8.010000229
6/27/2021 14:00,8.340000153
6/27/2021 14:10,8.220000267
6/27/2021 14:20,7.760000229
6/27/2021 14:30,8.470000267
6/27/2021 14:40,7.110000134
6/27/2021 14:50,8.140000343
6/27/2021 15:00,7
6/27/2021 15:10,8.260000229
6/27/2021 15:20,7.019999981
6/27/2021 15:30,6.110000134
6/27/2021 15:40,7.449999809
6/27/2021 15:50,7.949999809
6/27/2021 16:00,7.920000076
6/27/2021 16:10,8.75
6/27/2021 16:20,7.840000153
6/27/2021 16:30,7.199999809
6/27/2021 16:40,8.210000038
6/27/2021 16:50,7.659999847
6/27/2021 17:00,7.269999981
6/27/2021 17:10,7.369999886
6/27/2021 17:20,8.470000267
6/27/2021 17:30,8.039999962
6/27/2021 17:40,7.190000057
6/27/2021 17:50,8.239999771
6/27/2021 18:00,8.510000229
6/27/2021 18:10,9.270000458
6/27/2021 18:20,10.17000008
6/27/2021 18:30,9.460000038
6/27/2021 18:40,7.710000038
6/27/2021 18:50,8.880000114
6/27/2021 19:00,9.270000458
6/27/2021 19:10,9.619999886
6/27/2021 19:20,8.68999958
6/27/2021 19:30,7.610000134
6/27/2021 19:40,7.440000057
6/27/2021 19:50,6.989999771
6/27/2021 20:00,7.099999905
6/27/2021 20:10,7.090000153
6/27/2021 20:20,7.329999924
6/27/2021 20:30,8.489999771
6/27/2021 20:40,7.420000076
6/27/2021 20:50,7.869999886
6/27/2021 21:00,7.710000038
6/27/2021 21:10,5.409999847
6/27/2021 21:20,5.78000021
6/27/2021 21:30,5.710000038
6/27/2021 21:40,7.03000021
6/27/2021 21:50,7.820000172
6/27/2021 22:00,7.630000114
6/27/2021 22:10,8.460000038
6/27/2021 22:20,8.880000114
6/27/2021 22:30,7.820000172
6/27/2021 22:40,7.449999809
6/27/2021 22:50,7.53000021
6/27/2021 23:00,8.369999886
6/27/2021 23:10,8.409999847
6/27/2021 23:20,7.929999828
6/27/2021 23:30,9
6/27/2021 23:40,8.329999924
6/27/2021 23:50,9.039999962
6/28/2021 0:00,8.710000038
6/28/2021 0:10,8.56000042
6/28/2021 0:20,8.680000305
6/28/2021 0:30,8.569999695
6/28/2021 0:40,7.869999886
6/28/2021 0:50,7.300000191
6/28/2021 1:00,7.690000057
6/28/2021 1:10,7.320000172
6/28/2021 1:20,7.510000229
6/28/2021 1:30,7.150000095
6/28/2021 1:40,6.820000172
6/28/2021 1:50,6.670000076
6/28/2021 2:00,7.400000095
6/28/2021 2:10,6.300000191
6/28/2021 2:20,6.440000057
6/28/2021 2:30,6.050000191
6/28/2021 2:40,5.730000019
6/28/2021 2:50,6.760000229
6/28/2021 3:00,6.329999924
6/28/2021 3:10,7.059999943
6/28/2021 3:20,6.929999828
6/28/2021 3:30,7.360000134
6/28/2021 3:40,8.479999542
6/28/2021 3:50,7.949999809
6/28/2021 4:00,7.25
6/28/2021 4:10,6.710000038
6/28/2021 4:20,7
6/28/2021 4:30,6.949999809
6/28/2021 4:40,6.440000057
6/28/2021 4:50,5.769999981
6/28/2021 5:00,6.889999866
6/28/2021 5:10,7.510000229
6/28/2021 5:20,7.199999809
6/28/2021 5:30,7.559999943
6/28/2021 5:40,6.730000019
6/28/2021 5:50,7.260000229
6/28/2021 6:00,7.599999905
6/28/2021 6:10,7.579999924
6/28/2021 6:20,6.789999962
6/28/2021 6:30,6.559999943
6/28/2021 6:40,6.699999809
6/28/2021 6:50,5.909999847
6/28/2021 7:00,6.25
6/28/2021 7:10,6.849999905
6/28/2021 7:20,7
6/28/2021 7:30,7.329999924
6/28/2021 7:40,6.630000114
6/28/2021 7:50,6.559999943
6/28/2021 8:00,6.429999828
6/28/2021 8:10,6.070000172
6/28/2021 8:20,5.960000038
6/28/2021 8:30,5.610000134
6/28/2021 8:40,6.070000172
6/28/2021 8:50,5.739999771
6/28/2021 9:00,6.190000057
6/28/2021 9:10,6.210000038
6/28/2021 9:20,6.090000153
6/28/2021 9:30,5.78000021
6/28/2021 9:40,5.829999924
6/28/2021 9:50,5.78000021
6/28/2021 10:00,5.519999981
6/28/2021 10:10,5.840000153
6/28/2021 10:20,5.519999981
6/28/2021 10:30,6.25
6/28/2021 10:40,6.309999943
6/28/2021 10:50,5.639999866
6/28/2021 11:00,6.650000095
6/28/2021 11:10,5.050000191
6/28/2021 11:20,5.460000038
6/28/2021 11:30,6.199999809
6/28/2021 11:40,6.920000076
6/28/2021 11:50,6.71999979
6/28/2021 12:00,6.940000057
6/28/2021 12:10,5.079999924
6/28/2021 12:20,5.110000134
6/28/2021 12:30,5.170000076
6/28/2021 12:40,4.739999771
6/28/2021 12:50,5.510000229
6/28/2021 13:00,4.710000038
6/28/2021 13:10,4.789999962
6/28/2021 13:20,4.389999866
6/28/2021 13:30,3.75999999
6/28/2021 13:40,4.119999886
6/28/2021 13:50,3.650000095
6/28/2021 14:00,4.610000134
6/28/2021 14:10,4.590000153
6/28/2021 14:20,4.010000229
6/28/2021 14:30,4.579999924
6/28/2021 14:40,5.010000229
6/28/2021 14:50,5.679999828
6/28/2021 15:00,5.480000019
6/28/2021 15:10,4.909999847
6/28/2021 15:20,5.320000172
6/28/2021 15:30,5.71999979
6/28/2021 15:40,5.690000057
6/28/2021 15:50,4.590000153
6/28/2021 16:00,5.349999905
6/28/2021 16:10,5.230000019
6/28/2021 16:20,5.539999962
6/28/2021 16:30,5.21999979
6/28/2021 16:40,4.449999809
6/28/2021 16:50,4.03000021
6/28/2021 17:00,4.400000095
6/28/2021 17:10,4.179999828
6/28/2021 17:20,3.630000114
6/28/2021 17:30,3.930000067
6/28/2021 17:40,3.529999971
6/28/2021 17:50,3.890000105
6/28/2021 18:00,3.609999895
6/28/2021 18:10,3.460000038
6/28/2021 18:20,3.190000057
6/28/2021 18:30,3.539999962
6/28/2021 18:40,3.450000048
6/28/2021 18:50,4.170000076
6/28/2021 19:00,3.279999971
6/28/2021 19:10,3.50999999
6/28/2021 19:20,2.859999895
6/28/2021 19:30,3.74000001
6/28/2021 19:40,3.700000048
6/28/2021 19:50,3.339999914
6/28/2021 20:00,4.010000229
6/28/2021 20:10,3.819999933
6/28/2021 20:20,4.579999924
6/28/2021 20:30,3.579999924
6/28/2021 20:40,2.779999971
6/28/2021 20:50,2.559999943
6/28/2021 21:00,3.700000048
6/28/2021 21:10,4.900000095
6/28/2021 21:20,4.599999905
6/28/2021 21:30,3.190000057
6/28/2021 21:40,2.230000019
6/28/2021 21:50,2.849999905
6/28/2021 22:00,3.549999952
6/28/2021 22:10,3.400000095
6/28/2021 22:20,2.700000048
6/28/2021 22:30,3.910000086
6/28/2021 22:40,4.789999962
6/28/2021 22:50,4.760000229
6/28/2021 23:00,4.820000172
6/28/2021 23:10,4.75
6/28/2021 23:20,4.190000057
6/28/2021 23:30,4.960000038
6/28/2021 23:40,5.510000229
6/28/2021 23:50,5.230000019
6/29/2021 0:00,4.21999979
6/29/2021 0:10,3.569999933
6/29/2021 0:20,4.389999866
6/29/2021 0:30,4.699999809
6/29/2021 0:40,5.679999828
6/29/2021 0:50,5.869999886
6/29/2021 1:00,5.340000153
6/29/2021 1:10,5.21999979
6/29/2021 1:20,5.239999771
6/29/2021 1:30,5.150000095
6/29/2021 1:40,5.800000191
6/29/2021 1:50,4.53000021
6/29/2021 2:00,2.599999905
6/29/2021 2:10,2.930000067
6/29/2021 2:20,4.019999981
6/29/2021 2:30,4.400000095
6/29/2021 2:40,4.570000172
6/29/2021 2:50,2.710000038
6/29/2021 3:00,2.650000095
6/29/2021 3:10,2.470000029
6/29/2021 3:20,2.920000076
6/29/2021 3:30,3.230000019
6/29/2021 3:40,3.809999943
6/29/2021 3:50,3.799999952
6/29/2021 4:00,3.569999933
6/29/2021 4:10,3.75999999
6/29/2021 4:20,4.21999979
6/29/2021 4:30,4.760000229
6/29/2021 4:40,5.400000095
6/29/2021 4:50,6.03000021
6/29/2021 5:00,5.710000038
6/29/2021 5:10,5.309999943
6/29/2021 5:20,5.429999828
6/29/2021 5:30,5.440000057
6/29/2021 5:40,5.5
6/29/2021 5:50,5.539999962
6/29/2021 6:00,5.480000019
6/29/2021 6:10,4.929999828
6/29/2021 6:20,4.349999905
6/29/2021 6:30,3.599999905
6/29/2021 6:40,3.269999981
6/29/2021 6:50,3.200000048
6/29/2021 7:00,2.859999895
6/29/2021 7:10,2.970000029
6/29/2021 7:20,3.769999981
6/29/2021 7:30,4.079999924
6/29/2021 7:40,4.550000191
6/29/2021 7:50,4.619999886
6/29/2021 8:00,4.650000095
6/29/2021 8:10,5.380000114
6/29/2021 8:20,5.010000229
6/29/2021 8:30,4.739999771
6/29/2021 8:40,5.239999771
6/29/2021 8:50,4.639999866
6/29/2021 9:00,4.389999866
6/29/2021 9:10,5.800000191
6/29/2021 9:20,5.070000172
6/29/2021 9:30,5.590000153
6/29/2021 9:40,5.619999886
6/29/2021 9:50,4.659999847
6/29/2021 10:00,4.489999771
6/29/2021 10:10,4.449999809
6/29/2021 10:20,4.860000134
6/29/2021 10:30,5.199999809
6/29/2021 10:40,4.070000172
6/29/2021 10:50,4.710000038
6/29/2021 11:00,4.670000076
6/29/2021 11:10,4.880000114
6/29/2021 11:20,3.859999895
6/29/2021 11:30,4.650000095
6/29/2021 11:40,3.549999952
6/29/2021 11:50,3.140000105
6/29/2021 12:00,3.99000001
6/29/2021 12:10,3.329999924
6/29/2021 12:20,4.070000172
6/29/2021 12:30,4.519999981
6/29/2021 12:40,4.75
6/29/2021 12:50,3.950000048
6/29/2021 13:00,4.929999828
6/29/2021 13:10,4.739999771
6/29/2021 13:20,4.389999866
6/29/2021 13:30,4.78000021
6/29/2021 13:40,3.619999886
6/29/2021 13:50,4.110000134
6/29/2021 14:00,2.930000067
6/29/2021 14:10,3.200000048
6/29/2021 14:20,2.920000076
6/29/2021 14:30,4.070000172
6/29/2021 14:40,3.390000105
6/29/2021 14:50,2.700000048
6/29/2021 15:00,3.430000067
6/29/2021 15:10,3.569999933
6/29/2021 15:20,3.150000095
6/29/2021 15:30,3.700000048
6/29/2021 15:40,4.670000076
6/29/2021 15:50,4.789999962
6/29/2021 16:00,4.150000095
6/29/2021 16:10,3.720000029
6/29/2021 16:20,3.569999933
6/29/2021 16:30,3.089999914
6/29/2021 16:40,3.519999981
6/29/2021 16:50,3.160000086
6/29/2021 17:00,3.589999914
6/29/2021 17:10,3.49000001
6/29/2021 17:20,3.390000105
6/29/2021 17:30,2.720000029
6/29/2021 17:40,2.319999933
6/29/2021 17:50,2.829999924
6/29/2021 18:00,2.200000048
6/29/2021 18:10,2.940000057
6/29/2021 18:20,2.460000038
6/29/2021 18:30,2.039999962
6/29/2021 18:40,2.470000029
6/29/2021 18:50,2.039999962
6/29/2021 19:00,1.789999962
6/29/2021 19:10,2.140000105
6/29/2021 19:20,2.440000057
6/29/2021 19:30,2.519999981
6/29/2021 19:40,2.190000057
6/29/2021 19:50,1.970000029
6/29/2021 20:00,2.440000057
6/29/2021 20:10,2.24000001
6/29/2021 20:20,1.809999943
6/29/2021 20:30,1.799999952
6/29/2021 20:40,2.309999943
6/29/2021 20:50,3.630000114
6/29/2021 21:00,2.700000048
6/29/2021 21:10,2.059999943
6/29/2021 21:20,2.630000114
6/29/2021 21:30,2.779999971
6/29/2021 21:40,3.019999981
6/29/2021 21:50,2.779999971
6/29/2021 22:00,2.799999952
6/29/2021 22:10,3.829999924
6/29/2021 22:20,3.660000086
6/29/2021 22:30,3.890000105
6/29/2021 22:40,4.590000153
6/29/2021 22:50,3.940000057
6/29/2021 23:00,3.920000076
6/29/2021 23:10,4.039999962
6/29/2021 23:20,3
6/29/2021 23:30,2.609999895
6/29/2021 23:40,3.079999924
6/29/2021 23:50,4.679999828
6/30/2021 0:00,4.079999924
6/30/2021 0:10,4.199999809
6/30/2021 0:20,4.150000095
6/30/2021 0:30,4.46999979
6/30/2021 0:40,4.329999924
6/30/2021 0:50,4.869999886
6/30/2021 1:00,5.099999905
6/30/2021 1:10,4.5
6/30/2021 1:20,4.5
6/30/2021 1:30,4.050000191
6/30/2021 1:40,4.820000172
6/30/2021 1:50,5
6/30/2021 2:00,4.829999924
6/30/2021 2:10,4.71999979
6/30/2021 2:20,4.539999962
6/30/2021 2:30,4.78000021
6/30/2021 2:40,5.889999866
6/30/2021 2:50,6.090000153
6/30/2021 3:00,5.570000172
6/30/2021 3:10,5.519999981
6/30/2021 3:20,4.710000038
6/30/2021 3:30,5.039999962
6/30/2021 3:40,5.460000038
6/30/2021 3:50,4.78000021
6/30/2021 4:00,5.159999847
6/30/2021 4:10,5.28000021
6/30/2021 4:20,5.639999866
6/30/2021 4:30,6
6/30/2021 4:40,5.480000019
6/30/2021 4:50,6.599999905
6/30/2021 5:00,7.480000019
6/30/2021 5:10,6.269999981
6/30/2021 5:20,4.769999981
6/30/2021 5:30,4.630000114
6/30/2021 5:40,4.730000019
6/30/2021 5:50,5.039999962
6/30/2021 6:00,4.090000153
6/30/2021 6:10,3.779999971
6/30/2021 6:20,3.900000095
6/30/2021 6:30,3.920000076
6/30/2021 6:40,4.019999981
6/30/2021 6:50,3.839999914
6/30/2021 7:00,5.199999809
6/30/2021 7:10,6.789999962
6/30/2021 7:20,5.920000076
6/30/2021 7:30,5.46999979
6/30/2021 7:40,5.340000153
6/30/2021 7:50,5.570000172
6/30/2021 8:00,4.880000114
6/30/2021 8:10,5.449999809
6/30/2021 8:20,4.789999962
6/30/2021 8:30,5.03000021
6/30/2021 8:40,4.78000021
6/30/2021 8:50,5.710000038
6/30/2021 9:00,4.210000038
6/30/2021 9:10,4.179999828
6/30/2021 9:20,4.989999771
6/30/2021 9:30,5.28000021
6/30/2021 9:40,4.639999866
6/30/2021 9:50,3.829999924
6/30/2021 10:00,4.059999943
6/30/2021 10:10,4.46999979
6/30/2021 10:20,3.799999952
6/30/2021 10:30,2.700000048
6/30/2021 10:40,4.139999866
6/30/2021 10:50,4.039999962
6/30/2021 11:00,3.670000076
6/30/2021 11:10,3.769999981
6/30/2021 11:20,4.230000019
6/30/2021 11:30,3.619999886
6/30/2021 11:40,3.529999971
6/30/2021 11:50,4.070000172
6/30/2021 12:00,3.119999886
6/30/2021 12:10,2.680000067
6/30/2021 12:20,3.890000105
6/30/2021 12:30,3.660000086
6/30/2021 12:40,3.319999933
6/30/2021 12:50,3.539999962
6/30/2021 13:00,3.710000038
6/30/2021 13:10,4.050000191
6/30/2021 13:20,3.299999952
6/30/2021 13:30,3.779999971
6/30/2021 13:40,3.589999914
6/30/2021 13:50,3.309999943
6/30/2021 14:00,3.069999933
6/30/2021 14:10,2.769999981
6/30/2021 14:20,3.309999943
6/30/2021 14:30,2.390000105
6/30/2021 14:40,2.160000086
6/30/2021 14:50,2.440000057
6/30/2021 15:00,2.079999924
6/30/2021 15:10,2.819999933
6/30/2021 15:20,2.769999981
6/30/2021 15:30,1.379999995
6/30/2021 15:40,2.680000067
6/30/2021 15:50,2.319999933
6/30/2021 16:00,2.569999933
6/30/2021 16:10,2.079999924
6/30/2021 16:20,2.690000057
6/30/2021 16:30,2.640000105
6/30/2021 16:40,2.390000105
6/30/2021 16:50,2.859999895
6/30/2021 17:00,2.529999971
6/30/2021 17:10,3.359999895
6/30/2021 17:20,3.380000114
6/30/2021 17:30,2.690000057
6/30/2021 17:40,1.799999952
6/30/2021 17:50,2.339999914
6/30/2021 18:00,2.49000001
6/30/2021 18:10,2.480000019
6/30/2021 18:20,1.970000029
6/30/2021 18:30,1.789999962
6/30/2021 18:40,2.359999895
6/30/2021 18:50,2.5
6/30/2021 19:00,2.859999895
6/30/2021 19:10,2.029999971
6/30/2021 19:20,1.889999986
6/30/2021 19:30,2.019999981
6/30/2021 19:40,1.429999948
6/30/2021 19:50,1.070000052
6/30/2021 20:00,1.379999995
6/30/2021 20:10,1.74000001
6/30/2021 20:20,2.039999962
6/30/2021 20:30,2.200000048
6/30/2021 20:40,2.220000029
6/30/2021 20:50,1.159999967
6/30/2021 21:00,1.24000001
6/30/2021 21:10,1.159999967
6/30/2021 21:20,1.440000057
6/30/2021 21:30,1.340000033
6/30/2021 21:40,1.789999962
6/30/2021 21:50,2.069999933
6/30/2021 22:00,2.630000114
6/30/2021 22:10,2.130000114
6/30/2021 22:20,2.069999933
6/30/2021 22:30,1.820000052
6/30/2021 22:40,1.75999999
6/30/2021 22:50,1.879999995
6/30/2021 23:00,2.50999999
6/30/2021 23:10,3.839999914
6/30/2021 23:20,4.130000114
6/30/2021 23:30,3.779999971
6/30/2021 23:40,1.919999957
6/30/2021 23:50,2.019999981
